Workout Start,Workout End,Exercise,Weight,Reps,Notes,Kcal,Distance,Duration,Category,Name,Bodyweight
2026-06-08 14:11,2026-06-08 15:08,"Lat Pull-down ",85,8,"",,,,Back,"Pull ",
2026-06-08 14:11,2026-06-08 15:08,"Lat Pull-down ",90,8,"",,,,Back,"Pull ",
2026-06-08 14:11,2026-06-08 15:08,"Lat Pull-down ",100,8,"",,,,Back,"Pull ",
2026-06-08 14:11,2026-06-08 15:08,"Lat Pull-down ",105,8,"",,,,Back,"Pull ",
2026-06-08 14:11,2026-06-08 15:08,"Single Arm Dumbbell Row",40,8,"",,,,Back,"Pull ",
2026-06-08 14:11,2026-06-08 15:08,"Single Arm Dumbbell Row",40,8,"",,,,Back,"Pull ",
2026-06-08 14:11,2026-06-08 15:08,"Single Arm Dumbbell Row",40,8,"",,,,Back,"Pull ",
2026-06-08 14:11,2026-06-08 15:08,"Single Arm Dumbbell Row",40,8,"",,,,Back,"Pull ",
2026-06-08 14:11,2026-06-08 15:08,"Cable Face Pulls",50,15,"",,,,Shoulders,"Pull ",
2026-06-08 14:11,2026-06-08 15:08,"Cable Face Pulls",60,15,"",,,,Shoulders,"Pull ",
2026-06-08 14:11,2026-06-08 15:08,"Cable Face Pulls",70,15,"",,,,Shoulders,"Pull ",
2026-06-08 14:11,2026-06-08 15:08,"Chest Supported Rows",30,10,"",,,,Back,"Pull ",
2026-06-08 14:11,2026-06-08 15:08,"Chest Supported Rows",30,10,"",,,,Back,"Pull ",
2026-06-08 14:11,2026-06-08 15:08,"Chest Supported Rows",30,10,"",,,,Back,"Pull ",
2026-06-08 14:11,2026-06-08 15:08,"Hammer Curl",20,10,"",,,,Biceps,"Pull ",
2026-06-08 14:11,2026-06-08 15:08,"Hammer Curl",20,10,"",,,,Biceps,"Pull ",
2026-06-08 14:11,2026-06-08 15:08,"Hammer Curl",20,10,"",,,,Biceps,"Pull ",
2026-06-04 14:33,2026-06-04 15:01,"Barbell Squats",55,5,"",,,,Legs,"Legs",
2026-06-04 14:33,2026-06-04 15:01,"Barbell Squats",55,5,"",,,,Legs,"Legs",
2026-06-04 14:33,2026-06-04 15:01,"Barbell Squats",55,5,"",,,,Legs,"Legs",
2026-06-04 14:33,2026-06-04 15:01,"Barbell Squats",55,5,"",,,,Legs,"Legs",
2026-06-04 14:33,2026-06-04 15:01,"Bulgarian Split Squats",0,8,"",,,,Legs,"Legs",
2026-06-04 14:33,2026-06-04 15:01,"Bulgarian Split Squats",0,8,"",,,,Legs,"Legs",
2026-06-04 14:33,2026-06-04 15:01,"Bulgarian Split Squats",0,8,"",,,,Legs,"Legs",
2026-06-03 14:46,2026-06-03 15:39,"Bench Press",40,6,"",,,,Chest,"Push",
2026-06-03 14:46,2026-06-03 15:39,"Bench Press",40,6,"",,,,Chest,"Push",
2026-06-03 14:46,2026-06-03 15:39,"Bench Press",40,6,"",,,,Chest,"Push",
2026-06-03 14:46,2026-06-03 15:39,"Bench Press",40,6,"",,,,Chest,"Push",
2026-06-03 14:46,2026-06-03 15:39,"Sitting OHP",45,8,"",,,,Shoulders,"Push",
2026-06-03 14:46,2026-06-03 15:39,"Sitting OHP",45,7,"Half rep",,,,Shoulders,"Push",
2026-06-03 14:46,2026-06-03 15:39,"Sitting OHP",45,7,"",,,,Shoulders,"Push",
2026-06-03 14:46,2026-06-03 15:39,"Inclined DB Press",35,12,"",,,,Chest,"Push",
2026-06-03 14:46,2026-06-03 15:39,"Inclined DB Press",35,10,"",,,,Chest,"Push",
2026-06-03 14:46,2026-06-03 15:39,"Inclined DB Press",35,9,"",,,,Chest,"Push",
2026-06-03 14:46,2026-06-03 15:39,"Tricep pushdown",22.5,12,"",,,,Triceps,"Push",
2026-06-03 14:46,2026-06-03 15:39,"Tricep pushdown",22.5,12,"",,,,Triceps,"Push",
2026-06-03 14:46,2026-06-03 15:39,"Tricep pushdown",22.5,15,"",,,,Triceps,"Push",
2026-06-03 14:46,2026-06-03 15:39,"Dumbbell Lateral Raises",10,15,"Standing ",,,,Shoulders,"Push",
2026-06-03 14:46,2026-06-03 15:39,"Dumbbell Lateral Raises",10,15,"",,,,Shoulders,"Push",
2026-06-03 14:46,2026-06-03 15:39,"Dumbbell Lateral Raises",10,15,"",,,,Shoulders,"Push",
2026-04-23 15:05,2026-04-23 16:02,"Bent-over Barbell Row",25,15,"",,,,Back,"Pull",
2026-04-23 15:05,2026-04-23 16:02,"Bent-over Barbell Row",25,15,"",,,,Back,"Pull",
2026-04-23 15:05,2026-04-23 16:02,"Bent-over Barbell Row",35,10,"",,,,Back,"Pull",
2026-04-23 15:05,2026-04-23 16:02,"Chest Supported Rows",25,12,"",,,,Back,"Pull",
2026-04-23 15:05,2026-04-23 16:02,"Chest Supported Rows",35,12,"",,,,Back,"Pull",
2026-04-23 15:05,2026-04-23 16:02,"Chest Supported Rows",35,12,"",,,,Back,"Pull",
2026-04-23 15:05,2026-04-23 16:02,"Lat Pull-down ",50,12,"",,,,Back,"Pull",
2026-04-23 15:05,2026-04-23 16:02,"Lat Pull-down ",70,12,"",,,,Back,"Pull",
2026-04-23 15:05,2026-04-23 16:02,"Lat Pull-down ",85,12,"",,,,Back,"Pull",
2026-04-23 15:05,2026-04-23 16:02,"Barbell Bicep Curl",45,15,"",,,,Biceps,"Pull",
2026-04-23 15:05,2026-04-23 16:02,"Barbell Bicep Curl",45,15,"",,,,Biceps,"Pull",
2026-04-23 15:05,2026-04-23 16:02,"Barbell Bicep Curl",45,15,"",,,,Biceps,"Pull",
2026-04-23 15:05,2026-04-23 16:02,"Machine rear deltoid",40,15,"",,,,Back,"Pull",
2026-04-23 15:05,2026-04-23 16:02,"Machine rear deltoid",55,15,"",,,,Back,"Pull",
2026-04-23 15:05,2026-04-23 16:02,"Machine rear deltoid",70,12,"",,,,Back,"Pull",
2026-04-23 15:05,2026-04-23 16:02,"Cable Hammer Curls",60,12,"",,,,Biceps,"Pull",
2026-04-23 15:05,2026-04-23 16:02,"Cable Hammer Curls",60,12,"",,,,Biceps,"Pull",
2026-04-23 15:05,2026-04-23 16:02,"Cable Hammer Curls",60,12,"",,,,Biceps,"Pull",
2026-04-22 15:14,2026-04-22 16:07,"Leg Curls",55,15,"",,,,Legs,"Legs",
2026-04-22 15:14,2026-04-22 16:07,"Leg Curls",70,12,"",,,,Legs,"Legs",
2026-04-22 15:14,2026-04-22 16:07,"Leg Curls",85,15,"",,,,Legs,"Legs",
2026-04-22 15:14,2026-04-22 16:07,"Leg Curls",110,15,"",,,,Legs,"Legs",
2026-04-22 15:14,2026-04-22 16:07,"Leg Extensions",50,15,"",,,,Legs,"Legs",
2026-04-22 15:14,2026-04-22 16:07,"Leg Extensions",55,15,"",,,,Legs,"Legs",
2026-04-22 15:14,2026-04-22 16:07,"Leg Extensions",65,15,"",,,,Legs,"Legs",
2026-04-22 15:14,2026-04-22 16:07,"Barbell Squats",25,8,"",,,,Legs,"Legs",
2026-04-22 15:14,2026-04-22 16:07,"Barbell Squats",35,8,"",,,,Legs,"Legs",
2026-04-22 15:14,2026-04-22 16:07,"Barbell Squats",45,8,"",,,,Legs,"Legs",
2026-04-22 15:14,2026-04-22 16:07,"Leg Press",70,12,"",,,,Legs,"Legs",
2026-04-22 15:14,2026-04-22 16:07,"Leg Press",70,12,"",,,,Legs,"Legs",
2026-04-22 15:14,2026-04-22 16:07,"Leg Press",90,12,"",,,,Legs,"Legs",
2026-04-22 15:14,2026-04-22 16:07,"Leg Press Calf Press",45,12,"",,,,Legs,"Legs",
2026-04-22 15:14,2026-04-22 16:07,"Leg Press Calf Press",45,12,"",,,,Legs,"Legs",
2026-04-22 15:14,2026-04-22 16:07,"Leg Press Calf Press",45,12,"",,,,Legs,"Legs",
2026-04-21 14:43,2026-04-21 15:34,"smith machine inclined bench press",25,15,"",,,,Chest,"Push",
2026-04-21 14:43,2026-04-21 15:34,"smith machine inclined bench press",35,15,"",,,,Chest,"Push",
2026-04-21 14:43,2026-04-21 15:34,"smith machine inclined bench press",35,15,"",,,,Chest,"Push",
2026-04-21 14:43,2026-04-21 15:34,"Machine Chest Press",45,8,"",,,,Chest,"Push",
2026-04-21 14:43,2026-04-21 15:34,"Machine Chest Press",45,8,"",,,,Chest,"Push",
2026-04-21 14:43,2026-04-21 15:34,"Machine Chest Press",35,12,"",,,,Chest,"Push",
2026-04-21 14:43,2026-04-21 15:34,"Tricep pushdown",22.5,15,"",,,,Triceps,"Push",
2026-04-21 14:43,2026-04-21 15:34,"Tricep pushdown",22.5,15,"",,,,Triceps,"Push",
2026-04-21 14:43,2026-04-21 15:34,"Tricep pushdown",27.5,10,"",,,,Triceps,"Push",
2026-04-21 14:43,2026-04-21 15:34,"Military Press",25,12,"",,,,Shoulders,"Push",
2026-04-21 14:43,2026-04-21 15:34,"Military Press",25,12,"",,,,Shoulders,"Push",
2026-04-21 14:43,2026-04-21 15:34,"Military Press",25,12,"",,,,Shoulders,"Push",
2026-04-21 14:43,2026-04-21 15:34,"Dumbbell Lateral Raises",20,15,"Sitting",,,,Shoulders,"Push",
2026-04-21 14:43,2026-04-21 15:34,"Dumbbell Lateral Raises",20,15,"",,,,Shoulders,"Push",
2026-04-21 14:43,2026-04-21 15:34,"Dumbbell Lateral Raises",20,15,"",,,,Shoulders,"Push",
2026-04-16 14:30,2026-04-16 15:20,"Machine Lat Pull downs",45,15,"",,,,Back,"Pull",
2026-04-16 14:30,2026-04-16 15:20,"Machine Lat Pull downs",90,15,"",,,,Back,"Pull",
2026-04-16 14:30,2026-04-16 15:20,"Machine Lat Pull downs",90,15,"",,,,Back,"Pull",
2026-04-16 14:30,2026-04-16 15:20,"Close Grip Cable Row",55,15,"Grip bar",,,,Back,"Pull",
2026-04-16 14:30,2026-04-16 15:20,"Close Grip Cable Row",60,15,"",,,,Back,"Pull",
2026-04-16 14:30,2026-04-16 15:20,"Close Grip Cable Row",70,15,"",,,,Back,"Pull",
2026-04-16 14:30,2026-04-16 15:20,"Hammer Curl",20,15,"",,,,Biceps,"Pull",
2026-04-16 14:30,2026-04-16 15:20,"Hammer Curl",20,15,"",,,,Biceps,"Pull",
2026-04-16 14:30,2026-04-16 15:20,"Hammer Curl",20,15,"",,,,Biceps,"Pull",
2026-04-16 14:30,2026-04-16 15:20,"Cable Face Pulls",50,15,"",,,,Shoulders,"Pull",
2026-04-16 14:30,2026-04-16 15:20,"Cable Face Pulls",60,15,"",,,,Shoulders,"Pull",
2026-04-16 14:30,2026-04-16 15:20,"Cable Face Pulls",70,15,"",,,,Shoulders,"Pull",
2026-04-16 14:30,2026-04-16 15:20,"Single Arm Preacher Curls",17.5,12,"Slow eccentric reps",,,,Biceps,"Pull",
2026-04-16 14:30,2026-04-16 15:20,"Single Arm Preacher Curls",17.5,12,"",,,,Biceps,"Pull",
2026-04-16 14:30,2026-04-16 15:20,"Single Arm Preacher Curls",17.5,12,"",,,,Biceps,"Pull",
2026-04-16 14:30,2026-04-16 15:20,"Assisted Pull Up",-140,6,"",,,,Back,"Pull",
2026-04-16 14:30,2026-04-16 15:20,"Assisted Pull Up",-140,6,"",,,,Back,"Pull",
2026-04-15 14:49,2026-04-15 15:35,"Bench Press",0,8,"",,,,Chest,"Chest shoulder tricep",
2026-04-15 14:49,2026-04-15 15:35,"Bench Press",25,8,"",,,,Chest,"Chest shoulder tricep",
2026-04-15 14:49,2026-04-15 15:35,"Bench Press",35,8,"",,,,Chest,"Chest shoulder tricep",
2026-04-15 14:49,2026-04-15 15:35,"Bench Press",35,8,"",,,,Chest,"Chest shoulder tricep",
2026-04-15 14:49,2026-04-15 15:35,"Shoulder Dumbbell Press",30,12,"",,,,Shoulders,"Chest shoulder tricep",
2026-04-15 14:49,2026-04-15 15:35,"Shoulder Dumbbell Press",30,12,"",,,,Shoulders,"Chest shoulder tricep",
2026-04-15 14:49,2026-04-15 15:35,"Shoulder Dumbbell Press",30,12,"",,,,Shoulders,"Chest shoulder tricep",
2026-04-15 14:49,2026-04-15 15:35,"Skullcrusher",45,12,"",,,,Triceps,"Chest shoulder tricep",
2026-04-15 14:49,2026-04-15 15:35,"Skullcrusher",45,12,"",,,,Triceps,"Chest shoulder tricep",
2026-04-15 14:49,2026-04-15 15:35,"Skullcrusher",45,12,"",,,,Triceps,"Chest shoulder tricep",
2026-04-15 14:49,2026-04-15 15:35,"Cable Flys",12.5,15,"",,,,Chest,"Chest shoulder tricep",
2026-04-15 14:49,2026-04-15 15:35,"Cable Flys",12.5,15,"",,,,Chest,"Chest shoulder tricep",
2026-04-15 14:49,2026-04-15 15:35,"Cable Flys",17.5,15,"",,,,Chest,"Chest shoulder tricep",
2026-04-15 14:49,2026-04-15 15:35,"Cable Lateral Raises",10,15,"",,,,Shoulders,"Chest shoulder tricep",
2026-04-15 14:49,2026-04-15 15:35,"Cable Lateral Raises",10,15,"",,,,Shoulders,"Chest shoulder tricep",
2026-04-15 14:49,2026-04-15 15:35,"Cable Lateral Raises",10,15,"",,,,Shoulders,"Chest shoulder tricep",
2026-04-14 14:34,2026-04-14 15:34,"Barbell Squats",25,8,"Hamstring hurts after one set",,,,Legs,"Legs",
2026-04-14 14:34,2026-04-14 15:34,"Barbell Squats",25,8,"",,,,Legs,"Legs",
2026-04-14 14:34,2026-04-14 15:34,"Barbell Squats",25,10,"",,,,Legs,"Legs",
2026-04-14 14:34,2026-04-14 15:34,"Barbell Squats",25,10,"",,,,Legs,"Legs",
2026-04-14 14:34,2026-04-14 15:34,"Straight Leg Deadlifts",25,10,"",,,,Legs,"Legs",
2026-04-14 14:34,2026-04-14 15:34,"Straight Leg Deadlifts",35,10,"",,,,Legs,"Legs",
2026-04-14 14:34,2026-04-14 15:34,"Straight Leg Deadlifts",35,10,"",,,,Legs,"Legs",
2026-04-14 14:34,2026-04-14 15:34,"Leg Press",45,12,"",,,,Legs,"Legs",
2026-04-14 14:34,2026-04-14 15:34,"Leg Press",70,12,"",,,,Legs,"Legs",
2026-04-14 14:34,2026-04-14 15:34,"Leg Press",70,12,"",,,,Legs,"Legs",
2026-04-14 14:34,2026-04-14 15:34,"Leg Extensions",50,15,"",,,,Legs,"Legs",
2026-04-14 14:34,2026-04-14 15:34,"Leg Extensions",55,15,"",,,,Legs,"Legs",
2026-04-14 14:34,2026-04-14 15:34,"Leg Extensions",55,15,"",,,,Legs,"Legs",
2026-04-14 14:34,2026-04-14 15:34,"Leg Press Calf Press",45,12,"",,,,Legs,"Legs",
2026-04-14 14:34,2026-04-14 15:34,"Leg Press Calf Press",45,12,"",,,,Legs,"Legs",
2026-04-14 14:34,2026-04-14 15:34,"Leg Press Calf Press",45,12,"",,,,Legs,"Legs",
2026-04-09 14:52,2026-04-09 15:31,"Assisted Pull Up",-100,8,"",,,,Back,"Pull",
2026-04-09 14:52,2026-04-09 15:31,"Assisted Pull Up",-100,8,"",,,,Back,"Pull",
2026-04-09 14:52,2026-04-09 15:31,"Chest Supported Rows",25,12,"",,,,Back,"Pull",
2026-04-09 14:52,2026-04-09 15:31,"Chest Supported Rows",25,12,"",,,,Back,"Pull",
2026-04-09 14:52,2026-04-09 15:31,"Chest Supported Rows",25,12,"",,,,Back,"Pull",
2026-04-09 14:52,2026-04-09 15:31,"Cable Face Pulls",32.5,15,"",,,,Shoulders,"Pull",
2026-04-09 14:52,2026-04-09 15:31,"Cable Face Pulls",42.5,15,"",,,,Shoulders,"Pull",
2026-04-09 14:52,2026-04-09 15:31,"Cable Face Pulls",50,2,"",,,,Shoulders,"Pull",
2026-04-09 14:52,2026-04-09 15:31,"Barbell Bicep Curl",45,15,"",,,,Biceps,"Pull",
2026-04-09 14:52,2026-04-09 15:31,"Barbell Bicep Curl",45,15,"",,,,Biceps,"Pull",
2026-04-09 14:52,2026-04-09 15:31,"Barbell Bicep Curl",45,10,"",,,,Biceps,"Pull",
2026-04-09 14:52,2026-04-09 15:31,"Cable Hammer Curls",20,12,"",,,,Biceps,"Pull",
2026-04-09 14:52,2026-04-09 15:31,"Cable Hammer Curls",28,12,"",,,,Biceps,"Pull",
2026-04-09 14:52,2026-04-09 15:31,"Cable Hammer Curls",20,12,"",,,,Biceps,"Pull",
2026-04-08 14:23,2026-04-08 14:55,"Incline Dumbbell Press",30,12,"",,,,Chest,"Chest shoulder tricep",
2026-04-08 14:23,2026-04-08 14:55,"Incline Dumbbell Press",35,12,"",,,,Chest,"Chest shoulder tricep",
2026-04-08 14:23,2026-04-08 14:55,"Incline Dumbbell Press",40,12,"",,,,Chest,"Chest shoulder tricep",
2026-04-08 14:23,2026-04-08 14:55,"Overhead Dumbbell Press",30,12,"",,,,Shoulders,"Chest shoulder tricep",
2026-04-08 14:23,2026-04-08 14:55,"Overhead Dumbbell Press",30,12,"",,,,Shoulders,"Chest shoulder tricep",
2026-04-08 14:23,2026-04-08 14:55,"Overhead Dumbbell Press",30,10,"",,,,Shoulders,"Chest shoulder tricep",
2026-04-08 14:23,2026-04-08 14:55,"Rope Pushdowns",40,12,"",,,,Triceps,"Chest shoulder tricep",
2026-04-08 14:23,2026-04-08 14:55,"Rope Pushdowns",40,12,"",,,,Triceps,"Chest shoulder tricep",
2026-04-08 14:23,2026-04-08 14:55,"Rope Pushdowns",40,12,"",,,,Triceps,"Chest shoulder tricep",
2026-04-08 14:23,2026-04-08 14:55,"Cable Flys",12.5,15,"",,,,Chest,"Chest shoulder tricep",
2026-04-08 14:23,2026-04-08 14:55,"Cable Flys",12.5,15,"",,,,Chest,"Chest shoulder tricep",
2026-04-08 14:23,2026-04-08 14:55,"Cable Flys",12.5,15,"",,,,Chest,"Chest shoulder tricep",
2026-04-08 14:23,2026-04-08 14:55,"Lateral Raises ",20,15,"",,,,Shoulders,"Chest shoulder tricep",
2026-04-08 14:23,2026-04-08 14:55,"Lateral Raises ",20,,"",,,,Shoulders,"Chest shoulder tricep",
2026-04-08 14:23,2026-04-08 14:55,"Lateral Raises ",,,"",,,,Shoulders,"Chest shoulder tricep",
2025-11-24 08:33,2025-11-24 09:25,"Bench Press",25,12,"",,,,Chest,"Chest shoulders Tricep",
2025-11-24 08:33,2025-11-24 09:25,"Bench Press",30,12,"",,,,Chest,"Chest shoulders Tricep",
2025-11-24 08:33,2025-11-24 09:25,"Bench Press",30,12,"",,,,Chest,"Chest shoulders Tricep",
2025-11-24 08:33,2025-11-24 09:25,"Incline Dumbbell Press",30,12,"",,,,Chest,"Chest shoulders Tricep",
2025-11-24 08:33,2025-11-24 09:25,"Incline Dumbbell Press",30,12,"",,,,Chest,"Chest shoulders Tricep",
2025-11-24 08:33,2025-11-24 09:25,"Incline Dumbbell Press",30,12,"",,,,Chest,"Chest shoulders Tricep",
2025-11-24 08:33,2025-11-24 09:25,"Skullcrusher",40,12,"",,,,Triceps,"Chest shoulders Tricep",
2025-11-24 08:33,2025-11-24 09:25,"Skullcrusher",40,12,"",,,,Triceps,"Chest shoulders Tricep",
2025-11-24 08:33,2025-11-24 09:25,"Skullcrusher",50,12,"",,,,Triceps,"Chest shoulders Tricep",
2025-11-24 08:33,2025-11-24 09:25,"Pec Deck",70,12,"",,,,Chest,"Chest shoulders Tricep",
2025-11-24 08:33,2025-11-24 09:25,"Pec Deck",75,12,"",,,,Chest,"Chest shoulders Tricep",
2025-11-24 08:33,2025-11-24 09:25,"Pec Deck",85,12,"",,,,Chest,"Chest shoulders Tricep",
2025-11-24 08:33,2025-11-24 09:25,"Lateral Raises ",20,15,"",,,,Shoulders,"Chest shoulders Tricep",
2025-11-24 08:33,2025-11-24 09:25,"Lateral Raises ",20,15,"",,,,Shoulders,"Chest shoulders Tricep",
2025-11-24 08:33,2025-11-24 09:25,"Lateral Raises ",20,12,"",,,,Shoulders,"Chest shoulders Tricep",
2025-11-24 08:33,2025-11-24 09:25,"Tricep pushdown",22.5,12,"",,,,Triceps,"Chest shoulders Tricep",
2025-11-24 08:33,2025-11-24 09:25,"Tricep pushdown",32.5,12,"",,,,Triceps,"Chest shoulders Tricep",
2025-11-24 08:33,2025-11-24 09:25,"Tricep pushdown",37.5,12,"",,,,Triceps,"Chest shoulders Tricep",
2025-11-21 08:56,2025-11-21 09:41,"Lat Pull-down ",70,12,"",,,,Back,"Back Bicep",
2025-11-21 08:56,2025-11-21 09:41,"Lat Pull-down ",85,12,"",,,,Back,"Back Bicep",
2025-11-21 08:56,2025-11-21 09:41,"Lat Pull-down ",100,12,"",,,,Back,"Back Bicep",
2025-11-21 08:56,2025-11-21 09:41,"Lat Pull-down ",100,12,"",,,,Back,"Back Bicep",
2025-11-21 08:56,2025-11-21 09:41,"Cable Row",55,12,"",,,,Back,"Back Bicep",
2025-11-21 08:56,2025-11-21 09:41,"Cable Row",55,12,"",,,,Back,"Back Bicep",
2025-11-21 08:56,2025-11-21 09:41,"Cable Row",70,12,"",,,,Back,"Back Bicep",
2025-11-21 08:56,2025-11-21 09:41,"Cable Row",85,12,"",,,,Back,"Back Bicep",
2025-11-21 08:56,2025-11-21 09:41,"Rope Cable Lat Prayers",15,12,"",,,,Back,"Back Bicep",
2025-11-21 08:56,2025-11-21 09:41,"Rope Cable Lat Prayers",30,12,"",,,,Back,"Back Bicep",
2025-11-21 08:56,2025-11-21 09:41,"Rope Cable Lat Prayers",30,12,"",,,,Back,"Back Bicep",
2025-11-21 08:56,2025-11-21 09:41,"Rope Cable Lat Prayers",30,12,"",,,,Back,"Back Bicep",
2025-11-21 08:56,2025-11-21 09:41,"DB Zottoman Curl",20,12,"",,,,Biceps,"Back Bicep",
2025-11-21 08:56,2025-11-21 09:41,"DB Zottoman Curl",20,12,"",,,,Biceps,"Back Bicep",
2025-11-21 08:56,2025-11-21 09:41,"DB Zottoman Curl",20,12,"",,,,Biceps,"Back Bicep",
2025-11-21 08:56,2025-11-21 09:41,"DB Zottoman Curl",20,12,"",,,,Biceps,"Back Bicep",
2025-11-21 08:56,2025-11-21 09:41,"Cable reverse Fly",7.5,15,"",,,,Back,"Back Bicep",
2025-11-21 08:56,2025-11-21 09:41,"Cable reverse Fly",7.5,15,"",,,,Back,"Back Bicep",
2025-11-21 08:56,2025-11-21 09:41,"Cable reverse Fly",12.5,12,"",,,,Back,"Back Bicep",
2025-11-16 16:04,2025-11-16 17:09,"Lying Leg Curls",55,10,"",,,,Legs,"Legs ",
2025-11-16 16:04,2025-11-16 17:09,"Lying Leg Curls",85,10,"",,,,Legs,"Legs ",
2025-11-16 16:04,2025-11-16 17:09,"Lying Leg Curls",85,10,"",,,,Legs,"Legs ",
2025-11-16 16:04,2025-11-16 17:09,"Lying Leg Curls",100,10,"",,,,Legs,"Legs ",
2025-11-16 16:04,2025-11-16 17:09,"Hip Adduction",55,12,"",,,,Legs,"Legs ",
2025-11-16 16:04,2025-11-16 17:09,"Hip Adduction",85,12,"",,,,Legs,"Legs ",
2025-11-16 16:04,2025-11-16 17:09,"Hip Adduction",100,12,"",,,,Legs,"Legs ",
2025-11-16 16:04,2025-11-16 17:09,"Hip Adduction",115,12,"",,,,Legs,"Legs ",
2025-11-16 16:04,2025-11-16 17:09,"Leg Press",35,8,"",,,,Legs,"Legs ",
2025-11-16 16:04,2025-11-16 17:09,"Leg Press",45,8,"",,,,Legs,"Legs ",
2025-11-16 16:04,2025-11-16 17:09,"Leg Press",90,8,"",,,,Legs,"Legs ",
2025-11-16 16:04,2025-11-16 17:09,"Leg Press",135,8,"",,,,Legs,"Legs ",
2025-11-16 16:04,2025-11-16 17:09,"Leg Press",135,8,"",,,,Legs,"Legs ",
2025-11-16 16:04,2025-11-16 17:09,"Leg Press Calf Press",45,12,"",,,,Legs,"Legs ",
2025-11-16 16:04,2025-11-16 17:09,"Leg Press Calf Press",45,12,"",,,,Legs,"Legs ",
2025-11-16 16:04,2025-11-16 17:09,"Leg Press Calf Press",45,12,"",,,,Legs,"Legs ",
2025-11-16 16:04,2025-11-16 17:09,"Leg Press Calf Press",45,12,"",,,,Legs,"Legs ",
2025-11-16 16:04,2025-11-16 17:09,"Leg Extensions",55,15,"",,,,Legs,"Legs ",
2025-11-16 16:04,2025-11-16 17:09,"Leg Extensions",70,15,"",,,,Legs,"Legs ",
2025-11-16 16:04,2025-11-16 17:09,"Leg Extensions",105,15,"",,,,Legs,"Legs ",
2025-11-16 16:04,2025-11-16 17:09,"Leg Extensions",105,15,"",,,,Legs,"Legs ",
2025-11-15 16:51,2025-11-15 18:50,"Machine Shoulder Press",25,12,"",,,,Shoulders,"Push #2",
2025-11-15 16:51,2025-11-15 18:50,"Machine Shoulder Press",25,12,"",,,,Shoulders,"Push #2",
2025-11-15 16:51,2025-11-15 18:50,"Machine Shoulder Press",45,12,"",,,,Shoulders,"Push #2",
2025-11-15 16:51,2025-11-15 18:50,"Machine Shoulder Press",55,12,"",,,,Shoulders,"Push #2",
2025-11-15 16:51,2025-11-15 18:50,"Machine Shoulder Press",55,10,"",,,,Shoulders,"Push #2",
2025-11-15 16:51,2025-11-15 18:50,"Lateral Raises ",17.5,12,"",,,,Shoulders,"Push #2",
2025-11-15 16:51,2025-11-15 18:50,"Lateral Raises ",17.5,12,"",,,,Shoulders,"Push #2",
2025-11-15 16:51,2025-11-15 18:50,"Lateral Raises ",17.5,12,"",,,,Shoulders,"Push #2",
2025-11-15 16:51,2025-11-15 18:50,"Decline Barbell Press",10,12,"",,,,Chest,"Push #2",
2025-11-15 16:51,2025-11-15 18:50,"Decline Barbell Press",20,12,"",,,,Chest,"Push #2",
2025-11-15 16:51,2025-11-15 18:50,"Decline Barbell Press",25,12,"",,,,Chest,"Push #2",
2025-11-15 16:51,2025-11-15 18:50,"Inclined DB Flys",25,12,"",,,,Chest,"Push #2",
2025-11-15 16:51,2025-11-15 18:50,"Inclined DB Flys",25,12,"",,,,Chest,"Push #2",
2025-11-15 16:51,2025-11-15 18:50,"Inclined DB Flys",25,12,"",,,,Chest,"Push #2",
2025-11-15 16:51,2025-11-15 18:50,"DB French Press",30,15,"",,,,Triceps,"Push #2",
2025-11-15 16:51,2025-11-15 18:50,"DB French Press",40,10,"",,,,Triceps,"Push #2",
2025-11-15 16:51,2025-11-15 18:50,"DB French Press",50,10,"",,,,Triceps,"Push #2",
2025-11-04 18:17,2025-11-04 19:26,"Rope Cable Lat Prayers",15,12,"",,,,Back,"Weak Point + Arms",
2025-11-04 18:17,2025-11-04 19:26,"Rope Cable Lat Prayers",35,12,"",,,,Back,"Weak Point + Arms",
2025-11-04 18:17,2025-11-04 19:26,"Rope Cable Lat Prayers",35,12,"",,,,Back,"Weak Point + Arms",
2025-11-04 18:17,2025-11-04 19:26,"Rope Cable Lat Prayers",35,10,"",,,,Back,"Weak Point + Arms",
2025-11-04 18:17,2025-11-04 19:26,"Cable Row",20,12,"",,,,Back,"Weak Point + Arms",
2025-11-04 18:17,2025-11-04 19:26,"Cable Row",35,12,"",,,,Back,"Weak Point + Arms",
2025-11-04 18:17,2025-11-04 19:26,"Cable Row",42.5,12,"",,,,Back,"Weak Point + Arms",
2025-11-04 18:17,2025-11-04 19:26,"Cable Row",42.5,12,"",,,,Back,"Weak Point + Arms",
2025-11-04 18:17,2025-11-04 19:26,"Inclined Curls",25,12,"",,,,Biceps,"Weak Point + Arms",
2025-11-04 18:17,2025-11-04 19:26,"Inclined Curls",25,12,"",,,,Biceps,"Weak Point + Arms",
2025-11-04 18:17,2025-11-04 19:26,"Inclined Curls",25,10,"",,,,Biceps,"Weak Point + Arms",
2025-11-04 18:17,2025-11-04 19:26,"Skullcrusher",40,12,"",,,,Triceps,"Weak Point + Arms",
2025-11-04 18:17,2025-11-04 19:26,"Skullcrusher",50,12,"",,,,Triceps,"Weak Point + Arms",
2025-11-04 18:17,2025-11-04 19:26,"Skullcrusher",50,10,"",,,,Triceps,"Weak Point + Arms",
2025-11-04 18:17,2025-11-04 19:26,"Skullcrusher",50,10,"",,,,Triceps,"Weak Point + Arms",
2025-11-04 18:17,2025-11-04 19:26,"Bottom 2/3rd Ez Bar Curl",0,15,"",,,,Biceps,"Weak Point + Arms",
2025-11-04 18:17,2025-11-04 19:26,"Bottom 2/3rd Ez Bar Curl",5,15,"",,,,Biceps,"Weak Point + Arms",
2025-11-04 18:17,2025-11-04 19:26,"Bottom 2/3rd Ez Bar Curl",5,12,"",,,,Biceps,"Weak Point + Arms",
2025-11-04 18:17,2025-11-04 19:26,"Cable Kickbacks",15,15,"",,,,Triceps,"Weak Point + Arms",
2025-11-04 18:17,2025-11-04 19:26,"Cable Kickbacks",15,12,"",,,,Triceps,"Weak Point + Arms",
2025-11-02 15:26,2025-11-02 16:57,"Leg Curls",55,10,"",,,,Legs,"Legs",
2025-11-02 15:26,2025-11-02 16:57,"Leg Curls",70,10,"",,,,Legs,"Legs",
2025-11-02 15:26,2025-11-02 16:57,"Leg Curls",85,10,"",,,,Legs,"Legs",
2025-11-02 15:26,2025-11-02 16:57,"Hip Adduction",55,12,"",,,,Legs,"Legs",
2025-11-02 15:26,2025-11-02 16:57,"Hip Adduction",70,12,"",,,,Legs,"Legs",
2025-11-02 15:26,2025-11-02 16:57,"Hip Adduction",85,12,"",,,,Legs,"Legs",
2025-11-02 15:26,2025-11-02 16:57,"Hip Adduction",100,12,"",,,,Legs,"Legs",
2025-11-02 15:26,2025-11-02 16:57,"Hack Squats",0,8,"",,,,Legs,"Legs",
2025-11-02 15:26,2025-11-02 16:57,"Hack Squats",0,8,"",,,,Legs,"Legs",
2025-11-02 15:26,2025-11-02 16:57,"Hack Squats",90,4,"",,,,Legs,"Legs",
2025-11-02 15:26,2025-11-02 16:57,"Hack Squats",80,6,"",,,,Legs,"Legs",
2025-11-02 15:26,2025-11-02 16:57,"Hack Squats",55,8,"",,,,Legs,"Legs",
2025-11-02 15:26,2025-11-02 16:57,"Leg Extensions",55,12,"",,,,Legs,"Legs",
2025-11-02 15:26,2025-11-02 16:57,"Leg Extensions",70,12,"",,,,Legs,"Legs",
2025-11-02 15:26,2025-11-02 16:57,"Leg Extensions",100,12,"",,,,Legs,"Legs",
2025-11-02 15:26,2025-11-02 16:57,"Leg Extensions",105,12,"",,,,Legs,"Legs",
2025-10-21 16:53,2025-10-21 18:26,"Cross-Body Cable Y Raise",7.5,12,"",,,,Shoulders,"Push",
2025-10-21 16:53,2025-10-21 18:26,"Cross-Body Cable Y Raise",12.5,12,"",,,,Shoulders,"Push",
2025-10-21 16:53,2025-10-21 18:26,"Cross-Body Cable Y Raise",12.5,12,"",,,,Shoulders,"Push",
2025-10-21 16:53,2025-10-21 18:26,"Cross-Body Cable Y Raise",15,12,"",,,,Shoulders,"Push",
2025-10-21 16:53,2025-10-21 18:26,"Incline Dumbbell Press",35,12,"",,,,Chest,"Push",
2025-10-21 16:53,2025-10-21 18:26,"Incline Dumbbell Press",35,10,"",,,,Chest,"Push",
2025-10-21 16:53,2025-10-21 18:26,"Incline Dumbbell Press",35,10,"",,,,Chest,"Push",
2025-10-21 16:53,2025-10-21 18:26,"Incline Dumbbell Press",35,10,"",,,,Chest,"Push",
2025-10-21 16:53,2025-10-21 18:26,"Incline Dumbbell Press",40,10,"",,,,Chest,"Push",
2025-10-21 16:53,2025-10-21 18:26,"Overhead Cable Extension Bar",15,12,"",,,,Triceps,"Push",
2025-10-21 16:53,2025-10-21 18:26,"Overhead Cable Extension Bar",25,12,"",,,,Triceps,"Push",
2025-10-21 16:53,2025-10-21 18:26,"Overhead Cable Extension Bar",30,12,"",,,,Triceps,"Push",
2025-10-21 16:53,2025-10-21 18:26,"Overhead Cable Extension Bar",35,12,"",,,,Triceps,"Push",
2025-10-21 16:53,2025-10-21 18:26,"Tricep pushdown",20,10,"",,,,Triceps,"Push",
2025-10-21 16:53,2025-10-21 18:26,"Tricep pushdown",30,10,"",,,,Triceps,"Push",
2025-10-21 16:53,2025-10-21 18:26,"Tricep pushdown",35,10,"",,,,Triceps,"Push",
2025-10-21 16:53,2025-10-21 18:26,"Tricep pushdown",42.5,8,"",,,,Triceps,"Push",
2025-10-21 16:53,2025-10-21 18:26,"Inclined Machine Press",25,10,"",,,,Chest,"Push",
2025-10-21 16:53,2025-10-21 18:26,"Inclined Machine Press",35,10,"",,,,Chest,"Push",
2025-10-21 16:53,2025-10-21 18:26,"Inclined Machine Press",35,10,"",,,,Chest,"Push",
2025-10-19 15:08,2025-10-19 16:31,"Cross-Body Lat Pull-Around",20,10,"",,,,Back,"Pull ",
2025-10-19 15:08,2025-10-19 16:31,"Cross-Body Lat Pull-Around",30,10,"",,,,Back,"Pull ",
2025-10-19 15:08,2025-10-19 16:31,"Cross-Body Lat Pull-Around",35,10,"",,,,Back,"Pull ",
2025-10-19 15:08,2025-10-19 16:31,"Cross-Body Lat Pull-Around",42.5,10,"",,,,Back,"Pull ",
2025-10-19 15:08,2025-10-19 16:31,"Chest Supported Rows",35,10,"",,,,Back,"Pull ",
2025-10-19 15:08,2025-10-19 16:31,"Chest Supported Rows",45,10,"",,,,Back,"Pull ",
2025-10-19 15:08,2025-10-19 16:31,"Chest Supported Rows",55,10,"",,,,Back,"Pull ",
2025-10-19 15:08,2025-10-19 16:31,"Chest Supported Rows",55,10,"",,,,Back,"Pull ",
2025-10-19 15:08,2025-10-19 16:31,"Snatch-grip RDL",20,8,"",,,,Back,"Pull ",
2025-10-19 15:08,2025-10-19 16:31,"Snatch-grip RDL",20,8,"",,,,Back,"Pull ",
2025-10-19 15:08,2025-10-19 16:31,"Snatch-grip RDL",20,8,"",,,,Back,"Pull ",
2025-10-19 15:08,2025-10-19 16:31,"Snatch-grip RDL",20,8,"",,,,Back,"Pull ",
2025-10-19 15:08,2025-10-19 16:31,"Snatch-grip RDL",20,8,"",,,,Back,"Pull ",
2025-10-19 15:08,2025-10-19 16:31,"Lat Pushdowns",25,12,"",,,,Back,"Pull ",
2025-10-19 15:08,2025-10-19 16:31,"Lat Pushdowns",25,12,"",,,,Back,"Pull ",
2025-10-19 15:08,2025-10-19 16:31,"Lat Pushdowns",30,12,"",,,,Back,"Pull ",
2025-10-19 15:08,2025-10-19 16:31,"Lat Pushdowns",30,12,"",,,,Back,"Pull ",
2025-10-19 15:08,2025-10-19 16:31,"Hammer Preacher Curls",15,12,"",,,,Biceps,"Pull ",
2025-10-19 15:08,2025-10-19 16:31,"Hammer Preacher Curls",15,12,"",,,,Biceps,"Pull ",
2025-10-19 15:08,2025-10-19 16:31,"Hammer Preacher Curls",15,12,"",,,,Biceps,"Pull ",
2025-10-19 15:08,2025-10-19 16:31,"Hammer Preacher Curls",15,12,"",,,,Biceps,"Pull ",
2025-10-19 15:08,2025-10-19 16:31,"Cable Face Pulls",30,12,"",,,,Shoulders,"Pull ",
2025-10-19 15:08,2025-10-19 16:31,"Cable Face Pulls",42.5,12,"",,,,Shoulders,"Pull ",
2025-10-19 15:08,2025-10-19 16:31,"Cable Face Pulls",50,12,"",,,,Shoulders,"Pull ",
2025-10-19 15:08,2025-10-19 16:31,"Cable Face Pulls",50,12,"",,,,Shoulders,"Pull ",
2025-08-15 18:17,2025-08-15 19:36,"Cable Lateral Raises",10,15,"",,,,Shoulders,"Push",
2025-08-15 18:17,2025-08-15 19:36,"Cable Lateral Raises",10,12,"",,,,Shoulders,"Push",
2025-08-15 18:17,2025-08-15 19:36,"Cable Lateral Raises",15,12,"",,,,Shoulders,"Push",
2025-08-15 18:17,2025-08-15 19:36,"Cable Lateral Raises",15,12,"",,,,Shoulders,"Push",
2025-08-15 18:17,2025-08-15 19:36,"Cable Lateral Raises",20,12,"",,,,Shoulders,"Push",
2025-08-15 18:17,2025-08-15 19:36,"Incline Dumbbell Press",45,12,"Slow Controlled reps",,,,Chest,"Push",
2025-08-15 18:17,2025-08-15 19:36,"Incline Dumbbell Press",45,10,"",,,,Chest,"Push",
2025-08-15 18:17,2025-08-15 19:36,"Incline Dumbbell Press",55,10,"",,,,Chest,"Push",
2025-08-15 18:17,2025-08-15 19:36,"Incline Dumbbell Press",60,10,"",,,,Chest,"Push",
2025-08-15 18:17,2025-08-15 19:36,"Incline Dumbbell Press",65,10,"Last rep fail",,,,Chest,"Push",
2025-08-15 18:17,2025-08-15 19:36,"Cable Flys",7.5,15,"",,,,Chest,"Push",
2025-08-15 18:17,2025-08-15 19:36,"Cable Flys",10,15,"integrated partials",,,,Chest,"Push",
2025-08-15 18:17,2025-08-15 19:36,"Cable Flys",12.5,15,"",,,,Chest,"Push",
2025-08-15 18:17,2025-08-15 19:36,"Cable Flys",15,15,"",,,,Chest,"Push",
2025-08-15 18:17,2025-08-15 19:36,"Skullcrusher",40,12,"",,,,Triceps,"Push",
2025-08-15 18:17,2025-08-15 19:36,"Skullcrusher",50,12,"",,,,Triceps,"Push",
2025-08-15 18:17,2025-08-15 19:36,"Skullcrusher",60,12,"",,,,Triceps,"Push",
2025-08-15 18:17,2025-08-15 19:36,"Skullcrusher",60,10,"",,,,Triceps,"Push",
2025-08-15 18:17,2025-08-15 19:36,"Close Grip Bench Press",0,12,"",,,,Triceps,"Push",
2025-08-15 18:17,2025-08-15 19:36,"Close Grip Bench Press",0,12,"",,,,Triceps,"Push",
2025-08-15 18:17,2025-08-15 19:36,"Close Grip Bench Press",10,15,"",,,,Triceps,"Push",
2025-08-15 18:17,2025-08-15 19:36,"Close Grip Bench Press",10,15,"",,,,Triceps,"Push",
2025-08-15 18:17,2025-08-15 19:36,"Close Grip Bench Press",15,15,"",,,,Triceps,"Push",
2025-08-15 18:17,2025-08-15 19:36,"Cable Crunch",35,12,"",,,,Abs,"Push",
2025-08-15 18:17,2025-08-15 19:36,"Cable Crunch",57.5,12,"",,,,Abs,"Push",
2025-08-15 18:17,2025-08-15 19:36,"Cable Crunch",65,12,"",,,,Abs,"Push",
2025-08-15 18:17,2025-08-15 19:36,"Cable Crunch",72.5,12,"",,,,Abs,"Push",
2025-08-13 18:15,2025-08-13 19:25,"Cross-Body Lat Pull-Around",25,12,"",,,,Back,"Pull ",
2025-08-13 18:15,2025-08-13 19:25,"Cross-Body Lat Pull-Around",35,12,"",,,,Back,"Pull ",
2025-08-13 18:15,2025-08-13 19:25,"Cross-Body Lat Pull-Around",42.5,12,"",,,,Back,"Pull ",
2025-08-13 18:15,2025-08-13 19:25,"Cross-Body Lat Pull-Around",44.5,12,"",,,,Back,"Pull ",
2025-08-13 18:15,2025-08-13 19:25,"Snatch-grip RDL",20,8,"",,,,Back,"Pull ",
2025-08-13 18:15,2025-08-13 19:25,"Snatch-grip RDL",20,8,"",,,,Back,"Pull ",
2025-08-13 18:15,2025-08-13 19:25,"Snatch-grip RDL",35,8,"",,,,Back,"Pull ",
2025-08-13 18:15,2025-08-13 19:25,"Snatch-grip RDL",45,8,"",,,,Back,"Pull ",
2025-08-13 18:15,2025-08-13 19:25,"Snatch-grip RDL",70,8,"",,,,Back,"Pull ",
2025-08-13 18:15,2025-08-13 19:25,"Chest Supported T-Row",25,12,"",,,,Back,"Pull ",
2025-08-13 18:15,2025-08-13 19:25,"Chest Supported T-Row",35,12,"",,,,Back,"Pull ",
2025-08-13 18:15,2025-08-13 19:25,"Chest Supported T-Row",45,12,"",,,,Back,"Pull ",
2025-08-13 18:15,2025-08-13 19:25,"Chest Supported T-Row",55,12,"",,,,Back,"Pull ",
2025-08-13 18:15,2025-08-13 19:25,"Lat Pushdowns",25,12,"",,,,Back,"Pull ",
2025-08-13 18:15,2025-08-13 19:25,"Lat Pushdowns",35,12,"",,,,Back,"Pull ",
2025-08-13 18:15,2025-08-13 19:25,"Lat Pushdowns",37.5,12,"",,,,Back,"Pull ",
2025-08-13 18:15,2025-08-13 19:25,"Lat Pushdowns",37.5,12,"",,,,Back,"Pull ",
2025-08-13 18:15,2025-08-13 19:25,"Hammer Curl",20,15,"",,,,Biceps,"Pull ",
2025-08-13 18:15,2025-08-13 19:25,"Hammer Curl",25,12,"",,,,Biceps,"Pull ",
2025-08-13 18:15,2025-08-13 19:25,"Hammer Curl",27.5,12,"",,,,Biceps,"Pull ",
2025-08-13 18:15,2025-08-13 19:25,"Hammer Curl",30,,"",,,,Biceps,"Pull ",
2025-08-13 18:15,2025-08-13 19:25,"Cable Face Pulls",27.5,12,"",,,,Shoulders,"Pull ",
2025-08-13 18:15,2025-08-13 19:25,"Cable Face Pulls",37.5,12,"",,,,Shoulders,"Pull ",
2025-08-13 18:15,2025-08-13 19:25,"Cable Face Pulls",52.5,12,"",,,,Shoulders,"Pull ",
2025-08-13 18:15,2025-08-13 19:25,"Cable Face Pulls",62.5,12,"",,,,Shoulders,"Pull ",
2025-08-12 18:07,2025-08-12 19:10,"Lying Leg Curls",40,10,"",,,,Legs,"Legs #2",
2025-08-12 18:07,2025-08-12 19:10,"Lying Leg Curls",55,10,"",,,,Legs,"Legs #2",
2025-08-12 18:07,2025-08-12 19:10,"Lying Leg Curls",70,10,"",,,,Legs,"Legs #2",
2025-08-12 18:07,2025-08-12 19:10,"Lying Leg Curls",85,10,"",,,,Legs,"Legs #2",
2025-08-12 18:07,2025-08-12 19:10,"Lying Leg Curls",100,10,"",,,,Legs,"Legs #2",
2025-08-12 18:07,2025-08-12 19:10,"Leg Press",35,8,"",,,,Legs,"Legs #2",
2025-08-12 18:07,2025-08-12 19:10,"Leg Press",45,8,"",,,,Legs,"Legs #2",
2025-08-12 18:07,2025-08-12 19:10,"Leg Press",90,8,"",,,,Legs,"Legs #2",
2025-08-12 18:07,2025-08-12 19:10,"Leg Press",125,8,"",,,,Legs,"Legs #2",
2025-08-12 18:07,2025-08-12 19:10,"Leg Press",135,8,"",,,,Legs,"Legs #2",
2025-08-12 18:07,2025-08-12 19:10,"Barbell Lunges",10,12,"",,,,Legs,"Legs #2",
2025-08-12 18:07,2025-08-12 19:10,"Barbell Lunges",25,8,"",,,,Legs,"Legs #2",
2025-08-12 18:07,2025-08-12 19:10,"Barbell Lunges",35,8,"",,,,Legs,"Legs #2",
2025-08-12 18:07,2025-08-12 19:10,"Leg Extensions",70,12,"",,,,Legs,"Legs #2",
2025-08-12 18:07,2025-08-12 19:10,"Leg Extensions",100,12,"",,,,Legs,"Legs #2",
2025-08-12 18:07,2025-08-12 19:10,"Leg Extensions",110,12,"",,,,Legs,"Legs #2",
2025-08-12 18:07,2025-08-12 19:10,"Leg Extensions",130,10,"",,,,Legs,"Legs #2",
2025-08-12 18:07,2025-08-12 19:10,"Hip Adduction",55,12,"",,,,Legs,"Legs #2",
2025-08-12 18:07,2025-08-12 19:10,"Hip Adduction",85,12,"",,,,Legs,"Legs #2",
2025-08-12 18:07,2025-08-12 19:10,"Hip Adduction",100,12,"",,,,Legs,"Legs #2",
2025-08-12 18:07,2025-08-12 19:10,"Hip Adduction",115,10,"",,,,Legs,"Legs #2",
2025-08-12 18:07,2025-08-12 19:10,"Leg Press Calf Press",35,12,"",,,,Legs,"Legs #2",
2025-08-12 18:07,2025-08-12 19:10,"Leg Press Calf Press",35,12,"",,,,Legs,"Legs #2",
2025-08-12 18:07,2025-08-12 19:10,"Leg Press Calf Press",45,12,"",,,,Legs,"Legs #2",
2025-08-12 18:07,2025-08-12 19:10,"Leg Press Calf Press",45,12,"",,,,Legs,"Legs #2",
2025-08-11 18:34,2025-08-11 19:38,"Machine Shoulder Press",45,12,"",,,,Shoulders,"Push #2",
2025-08-11 18:34,2025-08-11 19:38,"Machine Shoulder Press",45,12,"",,,,Shoulders,"Push #2",
2025-08-11 18:34,2025-08-11 19:38,"Machine Shoulder Press",70,12,"",,,,Shoulders,"Push #2",
2025-08-11 18:34,2025-08-11 19:38,"Machine Shoulder Press",70,12,"",,,,Shoulders,"Push #2",
2025-08-11 18:34,2025-08-11 19:38,"Machine Shoulder Press",80,12,"",,,,Shoulders,"Push #2",
2025-08-11 18:34,2025-08-11 19:38,"Cross-Body Cable Y Raise",7.5,14,"",,,,Shoulders,"Push #2",
2025-08-11 18:34,2025-08-11 19:38,"Cross-Body Cable Y Raise",12.5,12,"",,,,Shoulders,"Push #2",
2025-08-11 18:34,2025-08-11 19:38,"Cross-Body Cable Y Raise",15,12,"",,,,Shoulders,"Push #2",
2025-08-11 18:34,2025-08-11 19:38,"Cross-Body Cable Y Raise",17.5,12,"",,,,Shoulders,"Push #2",
2025-08-11 18:34,2025-08-11 19:38,"Decline Barbell Press",10,12,"",,,,Chest,"Push #2",
2025-08-11 18:34,2025-08-11 19:38,"Decline Barbell Press",20,12,"",,,,Chest,"Push #2",
2025-08-11 18:34,2025-08-11 19:38,"Decline Barbell Press",25,12,"",,,,Chest,"Push #2",
2025-08-11 18:34,2025-08-11 19:38,"Decline Barbell Press",35,12,"",,,,Chest,"Push #2",
2025-08-11 18:34,2025-08-11 19:38,"Decline Barbell Press",35,10,"",,,,Chest,"Push #2",
2025-08-11 18:34,2025-08-11 19:38,"Low to High Cable Fly ",7.5,15,"",,,,Chest,"Push #2",
2025-08-11 18:34,2025-08-11 19:38,"Low to High Cable Fly ",12.5,15,"",,,,Chest,"Push #2",
2025-08-11 18:34,2025-08-11 19:38,"Low to High Cable Fly ",15,12,"long-partials",,,,Chest,"Push #2",
2025-08-11 18:34,2025-08-11 19:38,"Triceps Extensions",30,15,"",,,,Triceps,"Push #2",
2025-08-11 18:34,2025-08-11 19:38,"Triceps Extensions",32.5,12,"",,,,Triceps,"Push #2",
2025-08-11 18:34,2025-08-11 19:38,"Triceps Extensions",35,12,"Check form",,,,Triceps,"Push #2",
2025-08-11 18:34,2025-08-11 19:38,"Triceps Extensions",35,12,"",,,,Triceps,"Push #2",
2025-08-11 18:34,2025-08-11 19:38,"Ab Wheel Rollout",0,10,"",,,,Abs,"Push #2",
2025-08-11 18:34,2025-08-11 19:38,"Ab Wheel Rollout",0,10,"",,,,Abs,"Push #2",
2025-08-11 18:34,2025-08-11 19:38,"Ab Wheel Rollout",,,"",,,,Abs,"Push #2",
2025-08-07 19:03,2025-08-07 20:30,"Smith Machine Overhead Press",0,15,"",,,,Shoulders,"Arms & Weak point",
2025-08-07 19:03,2025-08-07 20:30,"Smith Machine Overhead Press",25,15,"",,,,Shoulders,"Arms & Weak point",
2025-08-07 19:03,2025-08-07 20:30,"Smith Machine Overhead Press",45,12,"",,,,Shoulders,"Arms & Weak point",
2025-08-07 19:03,2025-08-07 20:30,"Smith Machine Overhead Press",45,12,"",,,,Shoulders,"Arms & Weak point",
2025-08-07 19:03,2025-08-07 20:30,"Smith Machine Overhead Press",50,12,"",,,,Shoulders,"Arms & Weak point",
2025-08-07 19:03,2025-08-07 20:30,"Dumbbell Lateral Raises",15,12,"",,,,Shoulders,"Arms & Weak point",
2025-08-07 19:03,2025-08-07 20:30,"Dumbbell Lateral Raises",15,12,"",,,,Shoulders,"Arms & Weak point",
2025-08-07 19:03,2025-08-07 20:30,"Dumbbell Lateral Raises",22.5,12,"",,,,Shoulders,"Arms & Weak point",
2025-08-07 19:03,2025-08-07 20:30,"Dumbbell Lateral Raises",25,10,"",,,,Shoulders,"Arms & Weak point",
2025-08-07 19:03,2025-08-07 20:30,"Skullcrusher",40,12,"",,,,Triceps,"Arms & Weak point",
2025-08-07 19:03,2025-08-07 20:30,"Skullcrusher",70,12,"",,,,Triceps,"Arms & Weak point",
2025-08-07 19:03,2025-08-07 20:30,"Skullcrusher",70,12,"",,,,Triceps,"Arms & Weak point",
2025-08-07 19:03,2025-08-07 20:30,"Skullcrusher",70,10,"",,,,Triceps,"Arms & Weak point",
2025-08-07 19:03,2025-08-07 20:30,"Spider Curls",20,12,"",,,,Biceps,"Arms & Weak point",
2025-08-07 19:03,2025-08-07 20:30,"Spider Curls",20,12,"",,,,Biceps,"Arms & Weak point",
2025-08-07 19:03,2025-08-07 20:30,"Spider Curls",22.5,12,"",,,,Biceps,"Arms & Weak point",
2025-08-07 19:03,2025-08-07 20:30,"Spider Curls",22.5,12,"",,,,Biceps,"Arms & Weak point",
2025-08-07 19:03,2025-08-07 20:30,"Inclined Curls",20,15,"",,,,Biceps,"Arms & Weak point",
2025-08-07 19:03,2025-08-07 20:30,"Inclined Curls",22.5,12,"",,,,Biceps,"Arms & Weak point",
2025-08-07 19:03,2025-08-07 20:30,"Inclined Curls",22.5,12,"",,,,Biceps,"Arms & Weak point",
2025-08-07 19:03,2025-08-07 20:30,"Inclined Curls",22.5,12,"",,,,Biceps,"Arms & Weak point",
2025-08-07 19:03,2025-08-07 20:30,"Tricep Diverging Pushdown",25,15,"",,,,Triceps,"Arms & Weak point",
2025-08-07 19:03,2025-08-07 20:30,"Tricep Diverging Pushdown",40,15,"",,,,Triceps,"Arms & Weak point",
2025-08-07 19:03,2025-08-07 20:30,"Tricep Diverging Pushdown",40,12,"",,,,Triceps,"Arms & Weak point",
2025-08-07 19:03,2025-08-07 20:30,"Cable Crunch",35,12,"",,,,Abs,"Arms & Weak point",
2025-08-07 19:03,2025-08-07 20:30,"Cable Crunch",57.5,15,"",,,,Abs,"Arms & Weak point",
2025-08-07 19:03,2025-08-07 20:30,"Cable Crunch",65,12,"",,,,Abs,"Arms & Weak point",
2025-08-07 19:03,2025-08-07 20:30,"Cable Crunch",72.5,12,"",,,,Abs,"Arms & Weak point",
2025-08-05 18:51,2025-08-05 19:59,"Overhand Cable Row",50,12,"",,,,Back,"Pull #2",
2025-08-05 18:51,2025-08-05 19:59,"Overhand Cable Row",70,12,"",,,,Back,"Pull #2",
2025-08-05 18:51,2025-08-05 19:59,"Overhand Cable Row",70,10,"Grip Strength",,,,Back,"Pull #2",
2025-08-05 18:51,2025-08-05 19:59,"Overhand Cable Row",70,10,"",,,,Back,"Pull #2",
2025-08-05 18:51,2025-08-05 19:59,"Lat Pull-down ",35,12,"",,,,Back,"Pull #2",
2025-08-05 18:51,2025-08-05 19:59,"Lat Pull-down ",42.5,12,"",,,,Back,"Pull #2",
2025-08-05 18:51,2025-08-05 19:59,"Lat Pull-down ",50,12,"",,,,Back,"Pull #2",
2025-08-05 18:51,2025-08-05 19:59,"Lat Pull-down ",60,12,"",,,,Back,"Pull #2",
2025-08-05 18:51,2025-08-05 19:59,"Lat Pull-down ",65,10,"",,,,Back,"Pull #2",
2025-08-05 18:51,2025-08-05 19:59,"Hyperextensions",0,15,"",,,,Back,"Pull #2",
2025-08-05 18:51,2025-08-05 19:59,"Hyperextensions",0,20,"",,,,Back,"Pull #2",
2025-08-05 18:51,2025-08-05 19:59,"Hyperextensions",0,20,"failed towards the end",,,,Back,"Pull #2",
2025-08-05 18:51,2025-08-05 19:59,"DB Zottoman Curl",17.5,12,"",,,,Biceps,"Pull #2",
2025-08-05 18:51,2025-08-05 19:59,"DB Zottoman Curl",20,12,"",,,,Biceps,"Pull #2",
2025-08-05 18:51,2025-08-05 19:59,"DB Zottoman Curl",20,12,"",,,,Biceps,"Pull #2",
2025-08-05 18:51,2025-08-05 19:59,"DB Zottoman Curl",22.5,12,"",,,,Biceps,"Pull #2",
2025-08-05 18:51,2025-08-05 19:59,"Cable reverse Fly",7.5,21,"5,4,3+",,,,Back,"Pull #2",
2025-08-05 18:51,2025-08-05 19:59,"Cable reverse Fly",7.5,15,"",,,,Back,"Pull #2",
2025-08-05 18:51,2025-08-05 19:59,"Cable reverse Fly",12.5,15,"",,,,Back,"Pull #2",
2025-08-05 18:51,2025-08-05 19:59,"DB Shrugs",50,12,"",,,,Back,"Pull #2",
2025-08-05 18:51,2025-08-05 19:59,"DB Shrugs",60,12,"",,,,Back,"Pull #2",
2025-08-05 18:51,2025-08-05 19:59,"DB Shrugs",70,12,"",,,,Back,"Pull #2",
2025-08-05 18:51,2025-08-05 19:59,"DB Shrugs",75,10,"",,,,Back,"Pull #2",
2025-08-03 16:09,2025-08-03 17:33,"Low to High Cable Fly ",7.5,15,"",,,,Chest,"Weak point & Arms",
2025-08-03 16:09,2025-08-03 17:33,"Low to High Cable Fly ",17.5,15,"",,,,Chest,"Weak point & Arms",
2025-08-03 16:09,2025-08-03 17:33,"Low to High Cable Fly ",22.5,15,"",,,,Chest,"Weak point & Arms",
2025-08-03 16:09,2025-08-03 17:33,"Low to High Cable Fly ",25,12,"",,,,Chest,"Weak point & Arms",
2025-08-03 16:09,2025-08-03 17:33,"DB Chest Press",35,12,"",,,,Chest,"Weak point & Arms",
2025-08-03 16:09,2025-08-03 17:33,"DB Chest Press",45,12,"",,,,Chest,"Weak point & Arms",
2025-08-03 16:09,2025-08-03 17:33,"DB Chest Press",60,12,"",,,,Chest,"Weak point & Arms",
2025-08-03 16:09,2025-08-03 17:33,"Inclined Curls",17.5,15,"",,,,Biceps,"Weak point & Arms",
2025-08-03 16:09,2025-08-03 17:33,"Inclined Curls",17.5,15,"Slowed reps",,,,Biceps,"Weak point & Arms",
2025-08-03 16:09,2025-08-03 17:33,"Inclined Curls",17.5,15,"slowed reps",,,,Biceps,"Weak point & Arms",
2025-08-03 16:09,2025-08-03 17:33,"Inclined Curls",20.5,12,"long partials",,,,Biceps,"Weak point & Arms",
2025-08-03 16:09,2025-08-03 17:33,"DB French Press",30,15,"",,,,Triceps,"Weak point & Arms",
2025-08-03 16:09,2025-08-03 17:33,"DB French Press",50,10,"",,,,Triceps,"Weak point & Arms",
2025-08-03 16:09,2025-08-03 17:33,"DB French Press",60,10,"",,,,Triceps,"Weak point & Arms",
2025-08-03 16:09,2025-08-03 17:33,"DB French Press",65,10,"",,,,Triceps,"Weak point & Arms",
2025-08-03 16:09,2025-08-03 17:33,"Bottom 2/3rd Ez Bar Curl",0,15,"",,,,Biceps,"Weak point & Arms",
2025-08-03 16:09,2025-08-03 17:33,"Bottom 2/3rd Ez Bar Curl",5,15,"",,,,Biceps,"Weak point & Arms",
2025-08-03 16:09,2025-08-03 17:33,"Bottom 2/3rd Ez Bar Curl",10,15,"",,,,Biceps,"Weak point & Arms",
2025-08-03 16:09,2025-08-03 17:33,"Cable Kickbacks",15,15,"",,,,Triceps,"Weak point & Arms",
2025-08-03 16:09,2025-08-03 17:33,"Cable Kickbacks",20,15,"",,,,Triceps,"Weak point & Arms",
2025-08-02 16:29,2025-08-02 17:52,"Lying Leg Curls",40,10,"",,,,Legs,"Legs ",
2025-08-02 16:29,2025-08-02 17:52,"Lying Leg Curls",75,10,"",,,,Legs,"Legs ",
2025-08-02 16:29,2025-08-02 17:52,"Lying Leg Curls",100,10,"",,,,Legs,"Legs ",
2025-08-02 16:29,2025-08-02 17:52,"Lying Leg Curls",100,10,"",,,,Legs,"Legs ",
2025-08-02 16:29,2025-08-02 17:52,"Lying Leg Curls",115,10,"Last two maybe half rep",,,,Legs,"Legs ",
2025-08-02 16:29,2025-08-02 17:52,"Hip Adduction",55,12,"",,,,Legs,"Legs ",
2025-08-02 16:29,2025-08-02 17:52,"Hip Adduction",85,12,"",,,,Legs,"Legs ",
2025-08-02 16:29,2025-08-02 17:52,"Hip Adduction",100,12,"",,,,Legs,"Legs ",
2025-08-02 16:29,2025-08-02 17:52,"Hip Adduction",110,12,"",,,,Legs,"Legs ",
2025-08-02 16:29,2025-08-02 17:52,"Hack Squats",45,8,"",,,,Legs,"Legs ",
2025-08-02 16:29,2025-08-02 17:52,"Hack Squats",45,8,"",,,,Legs,"Legs ",
2025-08-02 16:29,2025-08-02 17:52,"Hack Squats",80,8,"",,,,Legs,"Legs ",
2025-08-02 16:29,2025-08-02 17:52,"Hack Squats",80,6,"",,,,Legs,"Legs ",
2025-08-02 16:29,2025-08-02 17:52,"Hack Squats",90,4,"",,,,Legs,"Legs ",
2025-08-02 16:29,2025-08-02 17:52,"Leg Extensions",70,15,"",,,,Legs,"Legs ",
2025-08-02 16:29,2025-08-02 17:52,"Leg Extensions",100,15,"",,,,Legs,"Legs ",
2025-08-02 16:29,2025-08-02 17:52,"Leg Extensions",110,15,"",,,,Legs,"Legs ",
2025-08-02 16:29,2025-08-02 17:52,"Leg Extensions",115,15,"",,,,Legs,"Legs ",
2025-08-02 16:29,2025-08-02 17:52,"Calf Raises",45,15,"",,,,Legs,"Legs ",
2025-08-02 16:29,2025-08-02 17:52,"Calf Raises",45,15,"",,,,Legs,"Legs ",
2025-08-02 16:29,2025-08-02 17:52,"Calf Raises",80,15,"",,,,Legs,"Legs ",
2025-08-02 16:29,2025-08-02 17:52,"Calf Raises",80,15,"",,,,Legs,"Legs ",
2025-08-01 18:45,2025-08-01 20:07,"Dumbbell Lateral Raises",15,12,"",,,,Shoulders,"Push ",
2025-08-01 18:45,2025-08-01 20:07,"Dumbbell Lateral Raises",15,12,"",,,,Shoulders,"Push ",
2025-08-01 18:45,2025-08-01 20:07,"Dumbbell Lateral Raises",22.5,12,"",,,,Shoulders,"Push ",
2025-08-01 18:45,2025-08-01 20:07,"Dumbbell Lateral Raises",22.5,12,"",,,,Shoulders,"Push ",
2025-08-01 18:45,2025-08-01 20:07,"Dumbbell Lateral Raises",25,12,"had to drop for last 4 reps ",,,,Shoulders,"Push ",
2025-08-01 18:45,2025-08-01 20:07,"Incline Dumbbell Press",35,12,"",,,,Chest,"Push ",
2025-08-01 18:45,2025-08-01 20:07,"Incline Dumbbell Press",35,12,"",,,,Chest,"Push ",
2025-08-01 18:45,2025-08-01 20:07,"Incline Dumbbell Press",55,10,"",,,,Chest,"Push ",
2025-08-01 18:45,2025-08-01 20:07,"Incline Dumbbell Press",55,10,"",,,,Chest,"Push ",
2025-08-01 18:45,2025-08-01 20:07,"Incline Dumbbell Press",60,10,"",,,,Chest,"Push ",
2025-08-01 18:45,2025-08-01 20:07,"Cable Flys",7.5,15,"",,,,Chest,"Push ",
2025-08-01 18:45,2025-08-01 20:07,"Cable Flys",12.5,15,"Integrated Partials",,,,Chest,"Push ",
2025-08-01 18:45,2025-08-01 20:07,"Cable Flys",17.5,15,"",,,,Chest,"Push ",
2025-08-01 18:45,2025-08-01 20:07,"Cable Flys",22.5,15,"",,,,Chest,"Push ",
2025-08-01 18:45,2025-08-01 20:07,"Overhead Cable Extension Bar",25,12,"",,,,Triceps,"Push ",
2025-08-01 18:45,2025-08-01 20:07,"Overhead Cable Extension Bar",35,12,"",,,,Triceps,"Push ",
2025-08-01 18:45,2025-08-01 20:07,"Overhead Cable Extension Bar",42.5,12,"",,,,Triceps,"Push ",
2025-08-01 18:45,2025-08-01 20:07,"Overhead Cable Extension Bar",50,12,"",,,,Triceps,"Push ",
2025-08-01 18:45,2025-08-01 20:07,"Tricep pushdown",20,10,"",,,,Triceps,"Push ",
2025-08-01 18:45,2025-08-01 20:07,"Tricep pushdown",42.5,10,"",,,,Triceps,"Push ",
2025-08-01 18:45,2025-08-01 20:07,"Tricep pushdown",57.5,10,"",,,,Triceps,"Push ",
2025-08-01 18:45,2025-08-01 20:07,"Cable Crunch",35,12,"",,,,Abs,"Push ",
2025-08-01 18:45,2025-08-01 20:07,"Cable Crunch",57.5,12,"",,,,Abs,"Push ",
2025-08-01 18:45,2025-08-01 20:07,"Cable Crunch",65,12,"",,,,Abs,"Push ",
2025-08-01 18:45,2025-08-01 20:07,"Cable Crunch",65,12,"",,,,Abs,"Push ",
2025-07-30 18:46,2025-07-30 20:04,"Cross-Body Lat Pull-Around",22.5,12,"",,,,Back,"Pull",
2025-07-30 18:46,2025-07-30 20:04,"Cross-Body Lat Pull-Around",42.5,12,"",,,,Back,"Pull",
2025-07-30 18:46,2025-07-30 20:04,"Cross-Body Lat Pull-Around",42.5,12,"",,,,Back,"Pull",
2025-07-30 18:46,2025-07-30 20:04,"Cross-Body Lat Pull-Around",47.5,10,"form not steady",,,,Back,"Pull",
2025-07-30 18:46,2025-07-30 20:04,"Snatch-grip RDL",10,8,"",,,,Back,"Pull",
2025-07-30 18:46,2025-07-30 20:04,"Snatch-grip RDL",10,8,"",,,,Back,"Pull",
2025-07-30 18:46,2025-07-30 20:04,"Snatch-grip RDL",25,8,"",,,,Back,"Pull",
2025-07-30 18:46,2025-07-30 20:04,"Snatch-grip RDL",35,8,"",,,,Back,"Pull",
2025-07-30 18:46,2025-07-30 20:04,"Snatch-grip RDL",45,8,"",,,,Back,"Pull",
2025-07-30 18:46,2025-07-30 20:04,"Chest Supported Rows",30,10,"",,,,Back,"Pull",
2025-07-30 18:46,2025-07-30 20:04,"Chest Supported Rows",45,10,"",,,,Back,"Pull",
2025-07-30 18:46,2025-07-30 20:04,"Chest Supported Rows",90,10,"",,,,Back,"Pull",
2025-07-30 18:46,2025-07-30 20:04,"Chest Supported Rows",90,10,"Check Form",,,,Back,"Pull",
2025-07-30 18:46,2025-07-30 20:04,"Lat Pushdowns",20,12,"",,,,Back,"Pull",
2025-07-30 18:46,2025-07-30 20:04,"Lat Pushdowns",30,12,"",,,,Back,"Pull",
2025-07-30 18:46,2025-07-30 20:04,"Lat Pushdowns",35,10,"",,,,Back,"Pull",
2025-07-30 18:46,2025-07-30 20:04,"Lat Pushdowns",32.5,12,"with long partials",,,,Back,"Pull",
2025-07-30 18:46,2025-07-30 20:04,"Hammer Curl",20,15,"",,,,Biceps,"Pull",
2025-07-30 18:46,2025-07-30 20:04,"Hammer Curl",25,12,"",,,,Biceps,"Pull",
2025-07-30 18:46,2025-07-30 20:04,"Hammer Curl",25,12,"",,,,Biceps,"Pull",
2025-07-30 18:46,2025-07-30 20:04,"Hammer Curl",27.5,12,"",,,,Biceps,"Pull",
2025-07-30 18:46,2025-07-30 20:04,"Cable Face Pulls",32.5,12,"",,,,Shoulders,"Pull",
2025-07-30 18:46,2025-07-30 20:04,"Cable Face Pulls",42.5,12,"",,,,Shoulders,"Pull",
2025-07-30 18:46,2025-07-30 20:04,"Cable Face Pulls",42.5,12,"",,,,Shoulders,"Pull",
2025-07-30 18:46,2025-07-30 20:04,"Cable Face Pulls",47.5,15,"",,,,Shoulders,"Pull",
2025-07-28 19:09,2025-07-28 20:25,"Lateral Raises ",25,12,"",,,,Shoulders,"Arms + Weak Point",
2025-07-28 19:09,2025-07-28 20:25,"Lateral Raises ",25,12,"",,,,Shoulders,"Arms + Weak Point",
2025-07-28 19:09,2025-07-28 20:25,"Lateral Raises ",25,12,"",,,,Shoulders,"Arms + Weak Point",
2025-07-28 19:09,2025-07-28 20:25,"Lateral Raises ",25,12,"",,,,Shoulders,"Arms + Weak Point",
2025-07-28 19:09,2025-07-28 20:25,"Skullcrusher",30,12,"",,,,Triceps,"Arms + Weak Point",
2025-07-28 19:09,2025-07-28 20:25,"Skullcrusher",50,12,"",,,,Triceps,"Arms + Weak Point",
2025-07-28 19:09,2025-07-28 20:25,"Skullcrusher",50,12,"",,,,Triceps,"Arms + Weak Point",
2025-07-28 19:09,2025-07-28 20:25,"Skullcrusher",70,10,"",,,,Triceps,"Arms + Weak Point",
2025-07-28 19:09,2025-07-28 20:25,"Spider Curls",20,12,"",,,,Biceps,"Arms + Weak Point",
2025-07-28 19:09,2025-07-28 20:25,"Spider Curls",20,12,"",,,,Biceps,"Arms + Weak Point",
2025-07-28 19:09,2025-07-28 20:25,"Spider Curls",22.5,12,"",,,,Biceps,"Arms + Weak Point",
2025-07-28 19:09,2025-07-28 20:25,"Spider Curls",22.5,12,"",,,,Biceps,"Arms + Weak Point",
2025-07-28 19:09,2025-07-28 20:25,"Tricep Diverging Pushdown",15,15,"",,,,Triceps,"Arms + Weak Point",
2025-07-28 19:09,2025-07-28 20:25,"Tricep Diverging Pushdown",35,15,"",,,,Triceps,"Arms + Weak Point",
2025-07-28 19:09,2025-07-28 20:25,"Tricep Diverging Pushdown",37.5,12,"",,,,Triceps,"Arms + Weak Point",
2025-07-28 19:09,2025-07-28 20:25,"Inclined Curls",17.5,15,"",,,,Biceps,"Arms + Weak Point",
2025-07-28 19:09,2025-07-28 20:25,"Inclined Curls",22.5,12,"",,,,Biceps,"Arms + Weak Point",
2025-07-28 19:09,2025-07-28 20:25,"Inclined Curls",22.5,12,"",,,,Biceps,"Arms + Weak Point",
2025-07-28 19:09,2025-07-28 20:25,"Cable Crunch",25,12,"",,,,Abs,"Arms + Weak Point",
2025-07-28 19:09,2025-07-28 20:25,"Cable Crunch",57.5,12,"",,,,Abs,"Arms + Weak Point",
2025-07-28 19:09,2025-07-28 20:25,"Cable Crunch",65,12,"",,,,Abs,"Arms + Weak Point",
2025-07-28 19:09,2025-07-28 20:25,"Cable Crunch",65,12,"",,,,Abs,"Arms + Weak Point",
2025-07-27 12:28,2025-07-27 13:45,"Lying Leg Curls",40,10,"",,,,Legs,"Legs",
2025-07-27 12:28,2025-07-27 13:45,"Lying Leg Curls",75,10,"",,,,Legs,"Legs",
2025-07-27 12:28,2025-07-27 13:45,"Lying Leg Curls",85,10,"",,,,Legs,"Legs",
2025-07-27 12:28,2025-07-27 13:45,"Lying Leg Curls",100,10,"",,,,Legs,"Legs",
2025-07-27 12:28,2025-07-27 13:45,"Lying Leg Curls",100,8,"Long-Partials",,,,Legs,"Legs",
2025-07-27 12:28,2025-07-27 13:45,"Leg Press",25,8,"",,,,Legs,"Legs",
2025-07-27 12:28,2025-07-27 13:45,"Leg Press",45,8,"",,,,Legs,"Legs",
2025-07-27 12:28,2025-07-27 13:45,"Leg Press",90,8,"",,,,Legs,"Legs",
2025-07-27 12:28,2025-07-27 13:45,"Leg Press",115,8,"",,,,Legs,"Legs",
2025-07-27 12:28,2025-07-27 13:45,"Leg Press",135,8,"",,,,Legs,"Legs",
2025-07-27 12:28,2025-07-27 13:45,"Hip Adduction",55,12,"",,,,Legs,"Legs",
2025-07-27 12:28,2025-07-27 13:45,"Hip Adduction",85,12,"",,,,Legs,"Legs",
2025-07-27 12:28,2025-07-27 13:45,"Hip Adduction",100,12,"",,,,Legs,"Legs",
2025-07-27 12:28,2025-07-27 13:45,"Hip Adduction",105,10,"",,,,Legs,"Legs",
2025-07-27 12:28,2025-07-27 13:45,"Barbell Lunges",0,12,"",,,,Legs,"Legs",
2025-07-27 12:28,2025-07-27 13:45,"Barbell Lunges",0,8,"",,,,Legs,"Legs",
2025-07-27 12:28,2025-07-27 13:45,"Barbell Lunges",25,8,"",,,,Legs,"Legs",
2025-07-27 12:28,2025-07-27 13:45,"Barbell Lunges",25,8,"",,,,Legs,"Legs",
2025-07-27 12:28,2025-07-27 13:45,"Leg Extensions",70,15,"",,,,Legs,"Legs",
2025-07-27 12:28,2025-07-27 13:45,"Leg Extensions",100,12,"",,,,Legs,"Legs",
2025-07-27 12:28,2025-07-27 13:45,"Leg Extensions",105,12,"",,,,Legs,"Legs",
2025-07-27 12:28,2025-07-27 13:45,"Leg Extensions",120,12,"",,,,Legs,"Legs",
2025-07-27 12:28,2025-07-27 13:45,"Leg Press Calf Press",25,12,"",,,,Legs,"Legs",
2025-07-27 12:28,2025-07-27 13:45,"Leg Press Calf Press",25,12,"",,,,Legs,"Legs",
2025-07-27 12:28,2025-07-27 13:45,"Leg Press Calf Press",35,12,"",,,,Legs,"Legs",
2025-07-27 12:28,2025-07-27 13:45,"Leg Press Calf Press",45,12,"",,,,Legs,"Legs",
2025-07-26 16:03,2025-07-26 17:20,"Machine Shoulder Press",25,12,"",,,,Shoulders,"Push #2",
2025-07-26 16:03,2025-07-26 17:20,"Machine Shoulder Press",25,12,"",,,,Shoulders,"Push #2",
2025-07-26 16:03,2025-07-26 17:20,"Machine Shoulder Press",45,12,"",,,,Shoulders,"Push #2",
2025-07-26 16:03,2025-07-26 17:20,"Machine Shoulder Press",75,12,"",,,,Shoulders,"Push #2",
2025-07-26 16:03,2025-07-26 17:20,"Machine Shoulder Press",90,12,"Dropset 90 45 25",,,,Shoulders,"Push #2",
2025-07-26 16:03,2025-07-26 17:20,"Cross-Body Cable Y Raise",5,12,"",,,,Shoulders,"Push #2",
2025-07-26 16:03,2025-07-26 17:20,"Cross-Body Cable Y Raise",15,12,"",,,,Shoulders,"Push #2",
2025-07-26 16:03,2025-07-26 17:20,"Cross-Body Cable Y Raise",15,12,"",,,,Shoulders,"Push #2",
2025-07-26 16:03,2025-07-26 17:20,"Cross-Body Cable Y Raise",15,12,"",,,,Shoulders,"Push #2",
2025-07-26 16:03,2025-07-26 17:20,"Decline Barbell Press",0,12,"",,,,Chest,"Push #2",
2025-07-26 16:03,2025-07-26 17:20,"Decline Barbell Press",0,12,"",,,,Chest,"Push #2",
2025-07-26 16:03,2025-07-26 17:20,"Decline Barbell Press",25,12,"",,,,Chest,"Push #2",
2025-07-26 16:03,2025-07-26 17:20,"Decline Barbell Press",25,12,"",,,,Chest,"Push #2",
2025-07-26 16:03,2025-07-26 17:20,"Decline Barbell Press",30,10,"",,,,Chest,"Push #2",
2025-07-26 16:03,2025-07-26 17:20,"Low to High Cable Fly ",7.5,20,"",,,,Chest,"Push #2",
2025-07-26 16:03,2025-07-26 17:20,"Low to High Cable Fly ",12.5,20,"",,,,Chest,"Push #2",
2025-07-26 16:03,2025-07-26 17:20,"Low to High Cable Fly ",17.5,20,"",,,,Chest,"Push #2",
2025-07-26 16:03,2025-07-26 17:20,"DB French Press",30,20,"",,,,Triceps,"Push #2",
2025-07-26 16:03,2025-07-26 17:20,"DB French Press",45,12,"",,,,Triceps,"Push #2",
2025-07-26 16:03,2025-07-26 17:20,"DB French Press",50,12,"",,,,Triceps,"Push #2",
2025-07-26 16:03,2025-07-26 17:20,"DB French Press",55,12,"",,,,Triceps,"Push #2",
2025-07-26 16:03,2025-07-26 17:20,"Ab Wheel Rollout",0,10,"",,,,Abs,"Push #2",
2025-07-26 16:03,2025-07-26 17:20,"Ab Wheel Rollout",0,10,"",,,,Abs,"Push #2",
2025-07-26 16:03,2025-07-26 17:20,"Ab Wheel Rollout",0,10,"",,,,Abs,"Push #2",
2025-07-24 18:42,2025-07-24 20:25,"Overhand Cable Row",70,12,"",,,,Back,"Pull #2",
2025-07-24 18:42,2025-07-24 20:25,"Overhand Cable Row",70,12,"",,,,Back,"Pull #2",
2025-07-24 18:42,2025-07-24 20:25,"Overhand Cable Row",100,12,"",,,,Back,"Pull #2",
2025-07-24 18:42,2025-07-24 20:25,"Overhand Cable Row",120,12,"",,,,Back,"Pull #2",
2025-07-24 18:42,2025-07-24 20:25,"Overhand Cable Row",145,10,"",,,,Back,"Pull #2",
2025-07-24 18:42,2025-07-24 20:25,"Hyperextensions",0,15,"",,,,Back,"Pull #2",
2025-07-24 18:42,2025-07-24 20:25,"Hyperextensions",0,20,"",,,,Back,"Pull #2",
2025-07-24 18:42,2025-07-24 20:25,"Hyperextensions",0,20,"",,,,Back,"Pull #2",
2025-07-24 18:42,2025-07-24 20:25,"Lat Pull-down ",40,12,"",,,,Back,"Pull #2",
2025-07-24 18:42,2025-07-24 20:25,"Lat Pull-down ",55,12,"",,,,Back,"Pull #2",
2025-07-24 18:42,2025-07-24 20:25,"Lat Pull-down ",100,12,"",,,,Back,"Pull #2",
2025-07-24 18:42,2025-07-24 20:25,"Lat Pull-down ",120,12,"",,,,Back,"Pull #2",
2025-07-24 18:42,2025-07-24 20:25,"Lat Pull-down ",125,10,"",,,,Back,"Pull #2",
2025-07-24 18:42,2025-07-24 20:25,"Cable reverse Fly",7.5,30,"5,4,3+",,,,Back,"Pull #2",
2025-07-24 18:42,2025-07-24 20:25,"Cable reverse Fly",7.5,30,"",,,,Back,"Pull #2",
2025-07-24 18:42,2025-07-24 20:25,"Cable reverse Fly",12.5,25,"",,,,Back,"Pull #2",
2025-07-24 18:42,2025-07-24 20:25,"DB Zottoman Curl",17.5,12,"",,,,Biceps,"Pull #2",
2025-07-24 18:42,2025-07-24 20:25,"DB Zottoman Curl",22.5,12,"",,,,Biceps,"Pull #2",
2025-07-24 18:42,2025-07-24 20:25,"DB Zottoman Curl",22.5,12,"",,,,Biceps,"Pull #2",
2025-07-24 18:42,2025-07-24 20:25,"DB Zottoman Curl",25,10,"",,,,Biceps,"Pull #2",
2025-07-24 18:42,2025-07-24 20:25,"DB Shrugs",45,12,"",,,,Back,"Pull #2",
2025-07-24 18:42,2025-07-24 20:25,"DB Shrugs",60,12,"",,,,Back,"Pull #2",
2025-07-24 18:42,2025-07-24 20:25,"DB Shrugs",65,12,"",,,,Back,"Pull #2",
2025-07-24 18:42,2025-07-24 20:25,"DB Shrugs",70,12,"",,,,Back,"Pull #2",
2025-07-23 18:58,2025-07-23 20:25,"Inclined DB Flys",30,12,"",,,,Chest,"Arms & Weak Point",
2025-07-23 18:58,2025-07-23 20:25,"Inclined DB Flys",30,12,"",,,,Chest,"Arms & Weak Point",
2025-07-23 18:58,2025-07-23 20:25,"Inclined DB Flys",35,12,"",,,,Chest,"Arms & Weak Point",
2025-07-23 18:58,2025-07-23 20:25,"Inclined DB Flys",40,12,"",,,,Chest,"Arms & Weak Point",
2025-07-23 18:58,2025-07-23 20:25,"Bench Press",25,12,"",,,,Chest,"Arms & Weak Point",
2025-07-23 18:58,2025-07-23 20:25,"Bench Press",35,12,"",,,,Chest,"Arms & Weak Point",
2025-07-23 18:58,2025-07-23 20:25,"Bench Press",35,12,"",,,,Chest,"Arms & Weak Point",
2025-07-23 18:58,2025-07-23 20:25,"Bench Press",40,12,"",,,,Chest,"Arms & Weak Point",
2025-07-23 18:58,2025-07-23 20:25,"Bench Press",45,8,"",,,,Chest,"Arms & Weak Point",
2025-07-23 18:58,2025-07-23 20:25,"Bayesian Cable Curls",7.5,12,"",,,,Biceps,"Arms & Weak Point",
2025-07-23 18:58,2025-07-23 20:25,"Bayesian Cable Curls",17.5,12,"",,,,Biceps,"Arms & Weak Point",
2025-07-23 18:58,2025-07-23 20:25,"Bayesian Cable Curls",22.5,12,"",,,,Biceps,"Arms & Weak Point",
2025-07-23 18:58,2025-07-23 20:25,"Bayesian Cable Curls",22.5,10,"Long Partials",,,,Biceps,"Arms & Weak Point",
2025-07-23 18:58,2025-07-23 20:25,"Preacher Curls",0,15,"",,,,Biceps,"Arms & Weak Point",
2025-07-23 18:58,2025-07-23 20:25,"Preacher Curls",5,15,"",,,,Biceps,"Arms & Weak Point",
2025-07-23 18:58,2025-07-23 20:25,"Preacher Curls",10,15,"",,,,Biceps,"Arms & Weak Point",
2025-07-23 18:58,2025-07-23 20:25,"Skullcrusher",50,12,"",,,,Triceps,"Arms & Weak Point",
2025-07-23 18:58,2025-07-23 20:25,"Skullcrusher",50,12,"",,,,Triceps,"Arms & Weak Point",
2025-07-23 18:58,2025-07-23 20:25,"Skullcrusher",50,12,"",,,,Triceps,"Arms & Weak Point",
2025-07-23 18:58,2025-07-23 20:25,"Skullcrusher",60,12,"",,,,Triceps,"Arms & Weak Point",
2025-07-23 18:58,2025-07-23 20:25,"Cable Kickbacks",10,15,"",,,,Triceps,"Arms & Weak Point",
2025-07-23 18:58,2025-07-23 20:25,"Cable Kickbacks",15,15,"",,,,Triceps,"Arms & Weak Point",
2025-07-22 18:43,2025-07-22 20:00,"Lying Leg Curls",75,10,"",,,,Legs,"Legs",
2025-07-22 18:43,2025-07-22 20:00,"Lying Leg Curls",75,10,"",,,,Legs,"Legs",
2025-07-22 18:43,2025-07-22 20:00,"Lying Leg Curls",85,10,"",,,,Legs,"Legs",
2025-07-22 18:43,2025-07-22 20:00,"Lying Leg Curls",100,10,"",,,,Legs,"Legs",
2025-07-22 18:43,2025-07-22 20:00,"Lying Leg Curls",100,10,"",,,,Legs,"Legs",
2025-07-22 18:43,2025-07-22 20:00,"Hack Squats",45,8,"",,,,Legs,"Legs",
2025-07-22 18:43,2025-07-22 20:00,"Hack Squats",45,8,"",,,,Legs,"Legs",
2025-07-22 18:43,2025-07-22 20:00,"Hack Squats",80,8,"",,,,Legs,"Legs",
2025-07-22 18:43,2025-07-22 20:00,"Hack Squats",80,8,"",,,,Legs,"Legs",
2025-07-22 18:43,2025-07-22 20:00,"Hack Squats",90,8,"",,,,Legs,"Legs",
2025-07-22 18:43,2025-07-22 20:00,"Hip Adduction",40,12,"",,,,Legs,"Legs",
2025-07-22 18:43,2025-07-22 20:00,"Hip Adduction",70,12,"",,,,Legs,"Legs",
2025-07-22 18:43,2025-07-22 20:00,"Hip Adduction",85,12,"",,,,Legs,"Legs",
2025-07-22 18:43,2025-07-22 20:00,"Hip Adduction",100,12,"",,,,Legs,"Legs",
2025-07-22 18:43,2025-07-22 20:00,"Leg Extensions",30,15,"",,,,Legs,"Legs",
2025-07-22 18:43,2025-07-22 20:00,"Leg Extensions",75,15,"",,,,Legs,"Legs",
2025-07-22 18:43,2025-07-22 20:00,"Leg Extensions",100,15,"",,,,Legs,"Legs",
2025-07-22 18:43,2025-07-22 20:00,"Leg Extensions",120,12,"",,,,Legs,"Legs",
2025-07-22 18:43,2025-07-22 20:00,"Leg Raises",25,12,"",,,,Abs,"Legs",
2025-07-22 18:43,2025-07-22 20:00,"Leg Raises",70,12,"",,,,Abs,"Legs",
2025-07-22 18:43,2025-07-22 20:00,"Leg Raises",70,12,"",,,,Abs,"Legs",
2025-07-22 18:43,2025-07-22 20:00,"Leg Raises",70,12,"",,,,Abs,"Legs",
2025-07-21 18:37,2025-07-21 20:31,"Dumbbell Lateral Raises",15,12,"",,,,Shoulders,"Push ",
2025-07-21 18:37,2025-07-21 20:31,"Dumbbell Lateral Raises",15,12,"",,,,Shoulders,"Push ",
2025-07-21 18:37,2025-07-21 20:31,"Dumbbell Lateral Raises",20,12,"",,,,Shoulders,"Push ",
2025-07-21 18:37,2025-07-21 20:31,"Dumbbell Lateral Raises",22.5,12,"",,,,Shoulders,"Push ",
2025-07-21 18:37,2025-07-21 20:31,"Dumbbell Lateral Raises",25,12,"",,,,Shoulders,"Push ",
2025-07-21 18:37,2025-07-21 20:31,"Incline Dumbbell Press",30,10,"",,,,Chest,"Push ",
2025-07-21 18:37,2025-07-21 20:31,"Incline Dumbbell Press",40,10,"",,,,Chest,"Push ",
2025-07-21 18:37,2025-07-21 20:31,"Incline Dumbbell Press",45,10,"",,,,Chest,"Push ",
2025-07-21 18:37,2025-07-21 20:31,"Incline Dumbbell Press",55,10,"",,,,Chest,"Push ",
2025-07-21 18:37,2025-07-21 20:31,"Incline Dumbbell Press",60,10,"",,,,Chest,"Push ",
2025-07-21 18:37,2025-07-21 20:31,"Pec Deck",55,12,"",,,,Chest,"Push ",
2025-07-21 18:37,2025-07-21 20:31,"Pec Deck",100,12,"",,,,Chest,"Push ",
2025-07-21 18:37,2025-07-21 20:31,"Pec Deck",100,12,"",,,,Chest,"Push ",
2025-07-21 18:37,2025-07-21 20:31,"Pec Deck",100,12,"",,,,Chest,"Push ",
2025-07-21 18:37,2025-07-21 20:31,"Overhead Cable Extension Bar",20,12,"",,,,Triceps,"Push ",
2025-07-21 18:37,2025-07-21 20:31,"Overhead Cable Extension Bar",35,12,"",,,,Triceps,"Push ",
2025-07-21 18:37,2025-07-21 20:31,"Overhead Cable Extension Bar",42.5,12,"",,,,Triceps,"Push ",
2025-07-21 18:37,2025-07-21 20:31,"Overhead Cable Extension Bar",42.5,12,"",,,,Triceps,"Push ",
2025-07-21 18:37,2025-07-21 20:31,"Barbell JM Press",0,12,"",,,,Triceps,"Push ",
2025-07-21 18:37,2025-07-21 20:31,"Barbell JM Press",5,12,"",,,,Triceps,"Push ",
2025-07-21 18:37,2025-07-21 20:31,"Barbell JM Press",5,15,"",,,,Triceps,"Push ",
2025-07-21 18:37,2025-07-21 20:31,"Barbell JM Press",5,15,"",,,,Triceps,"Push ",
2025-07-21 18:37,2025-07-21 20:31,"Cable Crunch",27.5,12,"",,,,Abs,"Push ",
2025-07-21 18:37,2025-07-21 20:31,"Cable Crunch",47.5,15,"",,,,Abs,"Push ",
2025-07-21 18:37,2025-07-21 20:31,"Cable Crunch",52.5,15,"",,,,Abs,"Push ",
2025-07-21 18:37,2025-07-21 20:31,"Cable Crunch",67.5,15,"",,,,Abs,"Push ",
2025-07-19 16:25,2025-07-19 18:13,"Cross-Body Lat Pull-Around",20,12,"",,,,Back,"Pull ",
2025-07-19 16:25,2025-07-19 18:13,"Cross-Body Lat Pull-Around",42.5,12,"",,,,Back,"Pull ",
2025-07-19 16:25,2025-07-19 18:13,"Cross-Body Lat Pull-Around",42.5,12,"",,,,Back,"Pull ",
2025-07-19 16:25,2025-07-19 18:13,"Cross-Body Lat Pull-Around",47.5,10,"",,,,Back,"Pull ",
2025-07-19 16:25,2025-07-19 18:13,"Snatch-grip RDL",0,8,"",,,,Back,"Pull ",
2025-07-19 16:25,2025-07-19 18:13,"Snatch-grip RDL",0,8,"",,,,Back,"Pull ",
2025-07-19 16:25,2025-07-19 18:13,"Snatch-grip RDL",10,8,"",,,,Back,"Pull ",
2025-07-19 16:25,2025-07-19 18:13,"Snatch-grip RDL",25,8,"",,,,Back,"Pull ",
2025-07-19 16:25,2025-07-19 18:13,"Snatch-grip RDL",35,8,"",,,,Back,"Pull ",
2025-07-19 16:25,2025-07-19 18:13,"Chest Supported T-Row",35,12,"",,,,Back,"Pull ",
2025-07-19 16:25,2025-07-19 18:13,"Chest Supported T-Row",45,10,"",,,,Back,"Pull ",
2025-07-19 16:25,2025-07-19 18:13,"Chest Supported T-Row",55,10,"",,,,Back,"Pull ",
2025-07-19 16:25,2025-07-19 18:13,"Chest Supported T-Row",55,10,"with Long-Partials",,,,Back,"Pull ",
2025-07-19 16:25,2025-07-19 18:13,"Lat Pushdowns",20,15,"",,,,Back,"Pull ",
2025-07-19 16:25,2025-07-19 18:13,"Lat Pushdowns",42.5,15,"",,,,Back,"Pull ",
2025-07-19 16:25,2025-07-19 18:13,"Lat Pushdowns",35,12,"",,,,Back,"Pull ",
2025-07-19 16:25,2025-07-19 18:13,"Lat Pushdowns",35,12,"with long partials",,,,Back,"Pull ",
2025-07-19 16:25,2025-07-19 18:13,"Hammer Preacher Curls",15,12,"",,,,Biceps,"Pull ",
2025-07-19 16:25,2025-07-19 18:13,"Hammer Preacher Curls",20,12,"",,,,Biceps,"Pull ",
2025-07-19 16:25,2025-07-19 18:13,"Hammer Preacher Curls",20,12,"",,,,Biceps,"Pull ",
2025-07-19 16:25,2025-07-19 18:13,"Hammer Preacher Curls",20,12,"",,,,Biceps,"Pull ",
2025-07-19 16:25,2025-07-19 18:13,"Cable Face Pulls",30,12,"",,,,Shoulders,"Pull ",
2025-07-19 16:25,2025-07-19 18:13,"Cable Face Pulls",42.5,12,"",,,,Shoulders,"Pull ",
2025-07-19 16:25,2025-07-19 18:13,"Cable Face Pulls",42.5,12,"",,,,Shoulders,"Pull ",
2025-07-19 16:25,2025-07-19 18:13,"Cable Face Pulls",42.5,12,"",,,,Shoulders,"Pull ",
2025-07-18 18:20,2025-07-18 19:51,"Inclined DB Flys",27.5,12,"",,,,Chest,"Arms & Weak Point",
2025-07-18 18:20,2025-07-18 19:51,"Inclined DB Flys",27.5,12,"",,,,Chest,"Arms & Weak Point",
2025-07-18 18:20,2025-07-18 19:51,"Inclined DB Flys",35,12,"",,,,Chest,"Arms & Weak Point",
2025-07-18 18:20,2025-07-18 19:51,"Inclined DB Flys",35,12,"",,,,Chest,"Arms & Weak Point",
2025-07-18 18:20,2025-07-18 19:51,"Machine Chest Press",20,8,"",,,,Chest,"Arms & Weak Point",
2025-07-18 18:20,2025-07-18 19:51,"Machine Chest Press",45,8,"",,,,Chest,"Arms & Weak Point",
2025-07-18 18:20,2025-07-18 19:51,"Machine Chest Press",90,8,"",,,,Chest,"Arms & Weak Point",
2025-07-18 18:20,2025-07-18 19:51,"Skullcrusher",40,12,"",,,,Triceps,"Arms & Weak Point",
2025-07-18 18:20,2025-07-18 19:51,"Skullcrusher",50,12,"",,,,Triceps,"Arms & Weak Point",
2025-07-18 18:20,2025-07-18 19:51,"Skullcrusher",50,12,"",,,,Triceps,"Arms & Weak Point",
2025-07-18 18:20,2025-07-18 19:51,"Skullcrusher",50,12,"",,,,Triceps,"Arms & Weak Point",
2025-07-18 18:20,2025-07-18 19:51,"Kneeling Overhead Curl",7.5,12,"",,,,Biceps,"Arms & Weak Point",
2025-07-18 18:20,2025-07-18 19:51,"Kneeling Overhead Curl",17.5,12,"",,,,Biceps,"Arms & Weak Point",
2025-07-18 18:20,2025-07-18 19:51,"Kneeling Overhead Curl",22.5,12,"",,,,Biceps,"Arms & Weak Point",
2025-07-18 18:20,2025-07-18 19:51,"Kneeling Overhead Curl",22.5,12,"",,,,Biceps,"Arms & Weak Point",
2025-07-18 18:20,2025-07-18 19:51,"Tricep Diverging Pushdown",12.5,12,"",,,,Triceps,"Arms & Weak Point",
2025-07-18 18:20,2025-07-18 19:51,"Tricep Diverging Pushdown",37.5,10,"",,,,Triceps,"Arms & Weak Point",
2025-07-18 18:20,2025-07-18 19:51,"Tricep Diverging Pushdown",37.5,10,"",,,,Triceps,"Arms & Weak Point",
2025-07-18 18:20,2025-07-18 19:51,"Inclined Curls",12.5,15,"",,,,Biceps,"Arms & Weak Point",
2025-07-18 18:20,2025-07-18 19:51,"Inclined Curls",17.5,15,"",,,,Biceps,"Arms & Weak Point",
2025-07-18 18:20,2025-07-18 19:51,"Inclined Curls",20,10,"",,,,Biceps,"Arms & Weak Point",
2025-07-18 18:20,2025-07-18 19:51,"Cable Crunch",25,15,"",,,,Abs,"Arms & Weak Point",
2025-07-18 18:20,2025-07-18 19:51,"Cable Crunch",42.5,15,"",,,,Abs,"Arms & Weak Point",
2025-07-18 18:20,2025-07-18 19:51,"Cable Crunch",50,15,"",,,,Abs,"Arms & Weak Point",
2025-07-17 17:56,2025-07-17 19:31,"Lying Leg Curls",70,10,"",,,,Legs,"Legs #2",
2025-07-17 17:56,2025-07-17 19:31,"Lying Leg Curls",70,10,"",,,,Legs,"Legs #2",
2025-07-17 17:56,2025-07-17 19:31,"Lying Leg Curls",100,10,"",,,,Legs,"Legs #2",
2025-07-17 17:56,2025-07-17 19:31,"Lying Leg Curls",100,10,"",,,,Legs,"Legs #2",
2025-07-17 17:56,2025-07-17 19:31,"Lying Leg Curls",100,10,"",,,,Legs,"Legs #2",
2025-07-17 17:56,2025-07-17 19:31,"Leg Press",0,8,"",,,,Legs,"Legs #2",
2025-07-17 17:56,2025-07-17 19:31,"Leg Press",45,8,"",,,,Legs,"Legs #2",
2025-07-17 17:56,2025-07-17 19:31,"Leg Press",80,8,"",,,,Legs,"Legs #2",
2025-07-17 17:56,2025-07-17 19:31,"Leg Press",90,8,"",,,,Legs,"Legs #2",
2025-07-17 17:56,2025-07-17 19:31,"Leg Press",120,8,"",,,,Legs,"Legs #2",
2025-07-17 17:56,2025-07-17 19:31,"Leg Press",135,8,"",,,,Legs,"Legs #2",
2025-07-17 17:56,2025-07-17 19:31,"Leg Press",160,8,"",,,,Legs,"Legs #2",
2025-07-17 17:56,2025-07-17 19:31,"Smith Machine Lunges",0,8,"",,,,Legs,"Legs #2",
2025-07-17 17:56,2025-07-17 19:31,"Smith Machine Lunges",0,8,"",,,,Legs,"Legs #2",
2025-07-17 17:56,2025-07-17 19:31,"Smith Machine Lunges",25,8,"",,,,Legs,"Legs #2",
2025-07-17 17:56,2025-07-17 19:31,"Smith Machine Lunges",25,8,"",,,,Legs,"Legs #2",
2025-07-17 17:56,2025-07-17 19:31,"Hip Abduction",40,12,"",,,,Legs,"Legs #2",
2025-07-17 17:56,2025-07-17 19:31,"Hip Abduction",55,12,"",,,,Legs,"Legs #2",
2025-07-17 17:56,2025-07-17 19:31,"Hip Abduction",55,12,"",,,,Legs,"Legs #2",
2025-07-17 17:56,2025-07-17 19:31,"Hip Abduction",65,12,"",,,,Legs,"Legs #2",
2025-07-17 17:56,2025-07-17 19:31,"Leg Extensions",25,12,"",,,,Legs,"Legs #2",
2025-07-17 17:56,2025-07-17 19:31,"Leg Extensions",85,12,"",,,,Legs,"Legs #2",
2025-07-17 17:56,2025-07-17 19:31,"Leg Extensions",100,12,"",,,,Legs,"Legs #2",
2025-07-17 17:56,2025-07-17 19:31,"Leg Extensions",115,10,"",,,,Legs,"Legs #2",
2025-07-17 17:56,2025-07-17 19:31,"Leg Press Calf Press",0,12,"",,,,Legs,"Legs #2",
2025-07-17 17:56,2025-07-17 19:31,"Leg Press Calf Press",0,12,"",,,,Legs,"Legs #2",
2025-07-17 17:56,2025-07-17 19:31,"Leg Press Calf Press",10,12,"",,,,Legs,"Legs #2",
2025-07-17 17:56,2025-07-17 19:31,"Leg Press Calf Press",10,12,"",,,,Legs,"Legs #2",
2025-07-15 18:17,2025-07-15 20:04,"Machine Shoulder Press",25,12,"",,,,Shoulders,"Push #2",
2025-07-15 18:17,2025-07-15 20:04,"Machine Shoulder Press",25,12,"",,,,Shoulders,"Push #2",
2025-07-15 18:17,2025-07-15 20:04,"Machine Shoulder Press",45,12,"",,,,Shoulders,"Push #2",
2025-07-15 18:17,2025-07-15 20:04,"Machine Shoulder Press",75,12,"",,,,Shoulders,"Push #2",
2025-07-15 18:17,2025-07-15 20:04,"Machine Shoulder Press",90,12,"",,,,Shoulders,"Push #2",
2025-07-15 18:17,2025-07-15 20:04,"Cross-Body Cable Y Raise",5,12,"",,,,Shoulders,"Push #2",
2025-07-15 18:17,2025-07-15 20:04,"Cross-Body Cable Y Raise",15,12,"",,,,Shoulders,"Push #2",
2025-07-15 18:17,2025-07-15 20:04,"Cross-Body Cable Y Raise",15,12,"",,,,Shoulders,"Push #2",
2025-07-15 18:17,2025-07-15 20:04,"Cross-Body Cable Y Raise",15,12,"",,,,Shoulders,"Push #2",
2025-07-15 18:17,2025-07-15 20:04,"Decline Barbell Press",0,12,"",,,,Chest,"Push #2",
2025-07-15 18:17,2025-07-15 20:04,"Decline Barbell Press",25,12,"",,,,Chest,"Push #2",
2025-07-15 18:17,2025-07-15 20:04,"Decline Barbell Press",25,12,"",,,,Chest,"Push #2",
2025-07-15 18:17,2025-07-15 20:04,"Decline Barbell Press",25,12,"",,,,Chest,"Push #2",
2025-07-15 18:17,2025-07-15 20:04,"Low to High Cable Fly ",2.5,20,"",,,,Chest,"Push #2",
2025-07-15 18:17,2025-07-15 20:04,"Low to High Cable Fly ",7.5,20,"",,,,Chest,"Push #2",
2025-07-15 18:17,2025-07-15 20:04,"Low to High Cable Fly ",12.5,20,"",,,,Chest,"Push #2",
2025-07-15 18:17,2025-07-15 20:04,"DB French Press",35,12,"",,,,Triceps,"Push #2",
2025-07-15 18:17,2025-07-15 20:04,"DB French Press",45,12,"",,,,Triceps,"Push #2",
2025-07-15 18:17,2025-07-15 20:04,"DB French Press",45,12,"",,,,Triceps,"Push #2",
2025-07-15 18:17,2025-07-15 20:04,"DB French Press",45,12,"",,,,Triceps,"Push #2",
2025-07-15 18:17,2025-07-15 20:04,"Ab Wheel Rollout",0,10,"",,,,Abs,"Push #2",
2025-07-15 18:17,2025-07-15 20:04,"Ab Wheel Rollout",0,10,"",,,,Abs,"Push #2",
2025-07-15 18:17,2025-07-15 20:04,"Ab Wheel Rollout",0,10,"",,,,Abs,"Push #2",
2025-07-14 18:58,2025-07-14 20:14,"Cable Row",35,12,"",,,,Back,"Pull #2",
2025-07-14 18:58,2025-07-14 20:14,"Cable Row",70,12,"",,,,Back,"Pull #2",
2025-07-14 18:58,2025-07-14 20:14,"Cable Row",70,12,"",,,,Back,"Pull #2",
2025-07-14 18:58,2025-07-14 20:14,"Cable Row",70,12,"",,,,Back,"Pull #2",
2025-07-14 18:58,2025-07-14 20:14,"Lat Pull-down ",20,12,"",,,,Back,"Pull #2",
2025-07-14 18:58,2025-07-14 20:14,"Lat Pull-down ",70,12,"",,,,Back,"Pull #2",
2025-07-14 18:58,2025-07-14 20:14,"Lat Pull-down ",50,12,"",,,,Back,"Pull #2",
2025-07-14 18:58,2025-07-14 20:14,"Lat Pull-down ",42.5,12,"",,,,Back,"Pull #2",
2025-07-14 18:58,2025-07-14 20:14,"DB Zottoman Curl",10,12,"",,,,Biceps,"Pull #2",
2025-07-14 18:58,2025-07-14 20:14,"DB Zottoman Curl",17.5,12,"",,,,Biceps,"Pull #2",
2025-07-14 18:58,2025-07-14 20:14,"DB Zottoman Curl",17.5,12,"",,,,Biceps,"Pull #2",
2025-07-14 18:58,2025-07-14 20:14,"DB Zottoman Curl",22.5,12,"",,,,Biceps,"Pull #2",
2025-07-14 18:58,2025-07-14 20:14,"Cable reverse Fly",7.5,30,"5,4,3+",,,,Back,"Pull #2",
2025-07-14 18:58,2025-07-14 20:14,"Cable reverse Fly",12.5,25,"",,,,Back,"Pull #2",
2025-07-14 18:58,2025-07-14 20:14,"Cable reverse Fly",7.5,25,"",,,,Back,"Pull #2",
2025-07-14 18:58,2025-07-14 20:14,"Hyperextensions",0,12,"",,,,Back,"Pull #2",
2025-07-14 18:58,2025-07-14 20:14,"Hyperextensions",0,12,"",,,,Back,"Pull #2",
2025-07-14 18:58,2025-07-14 20:14,"Hyperextensions",0,12,"",,,,Back,"Pull #2",
2025-07-14 18:58,2025-07-14 20:14,"DB Shrugs",60,12,"",,,,Back,"Pull #2",
2025-07-14 18:58,2025-07-14 20:14,"DB Shrugs",65,10,"",,,,Back,"Pull #2",
2025-07-14 18:58,2025-07-14 20:14,"DB Shrugs",60,10,"",,,,Back,"Pull #2",
2025-07-12 11:14,2025-07-12 13:17,"Inclined DB Flys",22.5,12,"",,,,Chest,"Weak Point & Arms",
2025-07-12 11:14,2025-07-12 13:17,"Inclined DB Flys",22.5,12,"",,,,Chest,"Weak Point & Arms",
2025-07-12 11:14,2025-07-12 13:17,"Inclined DB Flys",30,12,"",,,,Chest,"Weak Point & Arms",
2025-07-12 11:14,2025-07-12 13:17,"Inclined DB Flys",30,12,"",,,,Chest,"Weak Point & Arms",
2025-07-12 11:14,2025-07-12 13:17,"Inclined DB Flys",30,12,"",,,,Chest,"Weak Point & Arms",
2025-07-12 11:14,2025-07-12 13:17,"DB Scott Curl",15,12,"",,,,Biceps,"Weak Point & Arms",
2025-07-12 11:14,2025-07-12 13:17,"DB Scott Curl",15,12,"",,,,Biceps,"Weak Point & Arms",
2025-07-12 11:14,2025-07-12 13:17,"DB Scott Curl",17.5,12,"",,,,Biceps,"Weak Point & Arms",
2025-07-12 11:14,2025-07-12 13:17,"DB Scott Curl",17.5,12,"Long-length partials",,,,Biceps,"Weak Point & Arms",
2025-07-12 11:14,2025-07-12 13:17,"Skullcrusher",20,10,"",,,,Triceps,"Weak Point & Arms",
2025-07-12 11:14,2025-07-12 13:17,"Skullcrusher",50,10,"",,,,Triceps,"Weak Point & Arms",
2025-07-12 11:14,2025-07-12 13:17,"Skullcrusher",50,10,"",,,,Triceps,"Weak Point & Arms",
2025-07-12 11:14,2025-07-12 13:17,"Skullcrusher",50,10,"",,,,Triceps,"Weak Point & Arms",
2025-07-12 11:14,2025-07-12 13:17,"Bottom 2/3rd Ez Bar Curl",30,15,"",,,,Biceps,"Weak Point & Arms",
2025-07-12 11:14,2025-07-12 13:17,"Bottom 2/3rd Ez Bar Curl",40,15,"",,,,Biceps,"Weak Point & Arms",
2025-07-12 11:14,2025-07-12 13:17,"Bottom 2/3rd Ez Bar Curl",50,15,"",,,,Biceps,"Weak Point & Arms",
2025-07-12 11:14,2025-07-12 13:17,"Cable Kickbacks",7.5,15,"",,,,Triceps,"Weak Point & Arms",
2025-07-12 11:14,2025-07-12 13:17,"Cable Kickbacks",12.5,15,"",,,,Triceps,"Weak Point & Arms",
2025-07-12 11:14,2025-07-12 13:17,"Roman Chair Leg Raises",0,15,"",,,,Abs,"Weak Point & Arms",
2025-07-12 11:14,2025-07-12 13:17,"Roman Chair Leg Raises",0,15,"",,,,Abs,"Weak Point & Arms",
2025-07-12 11:14,2025-07-12 13:17,"Roman Chair Leg Raises",0,15,"",,,,Abs,"Weak Point & Arms",
2025-07-11 18:45,2025-07-11 19:43,"Lying Leg Curls",25,12,"",,,,Legs,"Legs",
2025-07-11 18:45,2025-07-11 19:43,"Lying Leg Curls",70,10,"",,,,Legs,"Legs",
2025-07-11 18:45,2025-07-11 19:43,"Lying Leg Curls",100,10,"",,,,Legs,"Legs",
2025-07-11 18:45,2025-07-11 19:43,"Lying Leg Curls",100,10,"",,,,Legs,"Legs",
2025-07-11 18:45,2025-07-11 19:43,"Hip Abduction",40,12,"",,,,Legs,"Legs",
2025-07-11 18:45,2025-07-11 19:43,"Hip Abduction",40,12,"",,,,Legs,"Legs",
2025-07-11 18:45,2025-07-11 19:43,"Hip Abduction",50,12,"",,,,Legs,"Legs",
2025-07-11 18:45,2025-07-11 19:43,"Hip Abduction",65,12,"",,,,Legs,"Legs",
2025-07-11 18:45,2025-07-11 19:43,"Hack Squats",45,8,"",,,,Legs,"Legs",
2025-07-11 18:45,2025-07-11 19:43,"Hack Squats",25,8,"",,,,Legs,"Legs",
2025-07-11 18:45,2025-07-11 19:43,"Hack Squats",25,8,"",,,,Legs,"Legs",
2025-07-11 18:45,2025-07-11 19:43,"Hack Squats",45,8,"",,,,Legs,"Legs",
2025-07-11 18:45,2025-07-11 19:43,"Hack Squats",75,6,"",,,,Legs,"Legs",
2025-07-11 18:45,2025-07-11 19:43,"Hack Squats",75,6,"",,,,Legs,"Legs",
2025-07-11 18:45,2025-07-11 19:43,"Leg Extensions",25,15,"",,,,Legs,"Legs",
2025-07-11 18:45,2025-07-11 19:43,"Leg Extensions",55,12,"",,,,Legs,"Legs",
2025-07-11 18:45,2025-07-11 19:43,"Leg Extensions",100,12,"",,,,Legs,"Legs",
2025-07-11 18:45,2025-07-11 19:43,"Leg Extensions",115,12,"",,,,Legs,"Legs",
2025-07-11 18:45,2025-07-11 19:43,"Leg Extensions",115,10,"",,,,Legs,"Legs",
2025-07-11 18:45,2025-07-11 19:43,"Calf Raises",45,12,"",,,,Legs,"Legs",
2025-07-11 18:45,2025-07-11 19:43,"Calf Raises",75,12,"",,,,Legs,"Legs",
2025-07-11 18:45,2025-07-11 19:43,"Calf Raises",75,12,"",,,,Legs,"Legs",
2025-07-11 18:45,2025-07-11 19:43,"Calf Raises",75,12,"",,,,Legs,"Legs",
2025-07-10 18:16,2025-07-10 19:27,"Behind-The-Back Lateral Raises",2.5,10,"",,,,Shoulders,"Push",
2025-07-10 18:16,2025-07-10 19:27,"Behind-The-Back Lateral Raises",12.5,10,"",,,,Shoulders,"Push",
2025-07-10 18:16,2025-07-10 19:27,"Behind-The-Back Lateral Raises",12.5,10,"",,,,Shoulders,"Push",
2025-07-10 18:16,2025-07-10 19:27,"Behind-The-Back Lateral Raises",12.5,10," ",,,,Shoulders,"Push",
2025-07-10 18:16,2025-07-10 19:27,"Incline Bench Press",30,10,"",,,,Chest,"Push",
2025-07-10 18:16,2025-07-10 19:27,"Incline Bench Press",30,10,"",,,,Chest,"Push",
2025-07-10 18:16,2025-07-10 19:27,"Incline Bench Press",30,10,"",,,,Chest,"Push",
2025-07-10 18:16,2025-07-10 19:27,"Incline Bench Press",30,10,"",,,,Chest,"Push",
2025-07-10 18:16,2025-07-10 19:27,"Incline Bench Press",35,10,"",,,,Chest,"Push",
2025-07-10 18:16,2025-07-10 19:27,"Incline Bench Press",35,10,"",,,,Chest,"Push",
2025-07-10 18:16,2025-07-10 19:27,"Incline Bench Press",40,10,"",,,,Chest,"Push",
2025-07-10 18:16,2025-07-10 19:27,"Incline Bench Press",40,10,"",,,,Chest,"Push",
2025-07-10 18:16,2025-07-10 19:27,"Overhead Cable Extension Bar",10,8,"",,,,Triceps,"Push",
2025-07-10 18:16,2025-07-10 19:27,"Overhead Cable Extension Bar",35,8,"",,,,Triceps,"Push",
2025-07-10 18:16,2025-07-10 19:27,"Overhead Cable Extension Bar",42.5,8,"",,,,Triceps,"Push",
2025-07-10 18:16,2025-07-10 19:27,"Overhead Cable Extension Bar",42.5,8,"",,,,Triceps,"Push",
2025-07-10 18:16,2025-07-10 19:27,"Tricep pushdown",20,10,"Bar",,,,Triceps,"Push",
2025-07-10 18:16,2025-07-10 19:27,"Tricep pushdown",35,10,"",,,,Triceps,"Push",
2025-07-10 18:16,2025-07-10 19:27,"Tricep pushdown",50,10,"",,,,Triceps,"Push",
2025-07-10 18:16,2025-07-10 19:27,"Cable Flys",7.5,12,"Integrated Partials",,,,Chest,"Push",
2025-07-10 18:16,2025-07-10 19:27,"Cable Flys",17.5,12,"",,,,Chest,"Push",
2025-07-10 18:16,2025-07-10 19:27,"Cable Flys",17.5,12,"",,,,Chest,"Push",
2025-07-10 18:16,2025-07-10 19:27,"Cable Flys",17.5,12,"",,,,Chest,"Push",
2025-07-10 18:16,2025-07-10 19:27,"Cable Crunch",10,15,"",,,,Abs,"Push",
2025-07-10 18:16,2025-07-10 19:27,"Cable Crunch",25,15,"",,,,Abs,"Push",
2025-07-10 18:16,2025-07-10 19:27,"Cable Crunch",35,15,"",,,,Abs,"Push",
2025-07-10 18:16,2025-07-10 19:27,"Cable Crunch",50,15,"",,,,Abs,"Push",
2025-06-11 09:03,,"Incline Dumbbell Press",40,15,"",,,,Chest,"Chest  Shoulder",
2025-06-11 09:03,,"Incline Dumbbell Press",40,15,"",,,,Chest,"Chest  Shoulder",
2025-06-11 09:03,,"Incline Dumbbell Press",40,15,"",,,,Chest,"Chest  Shoulder",
2025-06-11 09:03,,"Cable Flys",10,15,"",,,,Chest,"Chest  Shoulder",
2025-06-11 09:03,,"Cable Flys",10,15,"",,,,Chest,"Chest  Shoulder",
2025-06-11 09:03,,"Cable Flys",15,15,"",,,,Chest,"Chest  Shoulder",
2025-06-11 09:03,,"Tricep pushdown",40,15,"mustach bar",,,,Triceps,"Chest  Shoulder",
2025-06-11 09:03,,"Tricep pushdown",40,15,"",,,,Triceps,"Chest  Shoulder",
2025-06-11 09:03,,"Tricep pushdown",40,15,"",,,,Triceps,"Chest  Shoulder",
2025-06-11 09:03,,"Single-Arm Overhead Press",15,12,"",,,,Triceps,"Chest  Shoulder",
2025-06-11 09:03,,"Single-Arm Overhead Press",20,12,"",,,,Triceps,"Chest  Shoulder",
2025-06-11 09:03,,"Single-Arm Overhead Press",,,"",,,,Triceps,"Chest  Shoulder",
2025-05-29 14:07,2025-05-29 15:13,"Assisted Pull Up",-120,12,"",,,,Back,"Back Bicep",
2025-05-29 14:07,2025-05-29 15:13,"Assisted Pull Up",-120,12,"",,,,Back,"Back Bicep",
2025-05-29 14:07,2025-05-29 15:13,"Assisted Pull Up",-120,10,"",,,,Back,"Back Bicep",
2025-05-29 14:07,2025-05-29 15:13,"Close Grip Cable Row",85,15,"",,,,Back,"Back Bicep",
2025-05-29 14:07,2025-05-29 15:13,"Close Grip Cable Row",85,15,"",,,,Back,"Back Bicep",
2025-05-29 14:07,2025-05-29 15:13,"Close Grip Cable Row",85,15,"",,,,Back,"Back Bicep",
2025-05-29 14:07,2025-05-29 15:13,"Single Arm Lat Pulldown",60,15,"",,,,Back,"Back Bicep",
2025-05-29 14:07,2025-05-29 15:13,"Single Arm Lat Pulldown",60,15,"",,,,Back,"Back Bicep",
2025-05-29 14:07,2025-05-29 15:13,"Single Arm Lat Pulldown",70,15,"",,,,Back,"Back Bicep",
2025-05-29 14:07,2025-05-29 15:13,"Single Arm Lat Pulldown",70,15,"",,,,Back,"Back Bicep",
2025-05-29 14:07,2025-05-29 15:13,"Cable Face Pulls",50,15,"",,,,Shoulders,"Back Bicep",
2025-05-29 14:07,2025-05-29 15:13,"Cable Face Pulls",70,15,"",,,,Shoulders,"Back Bicep",
2025-05-29 14:07,2025-05-29 15:13,"Cable Face Pulls",80,15,"",,,,Shoulders,"Back Bicep",
2025-05-29 14:07,2025-05-29 15:13,"Barbell Bicep Curl",50,12,"",,,,Biceps,"Back Bicep",
2025-05-29 14:07,2025-05-29 15:13,"Barbell Bicep Curl",50,15,"",,,,Biceps,"Back Bicep",
2025-05-29 14:07,2025-05-29 15:13,"Barbell Bicep Curl",50,15,"",,,,Biceps,"Back Bicep",
2025-05-29 14:07,2025-05-29 15:13,"Hammer Curl",20,12,"",,,,Biceps,"Back Bicep",
2025-05-29 14:07,2025-05-29 15:13,"Hammer Curl",20,12,"",,,,Biceps,"Back Bicep",
2025-05-29 14:07,2025-05-29 15:13,"Hammer Curl",20,12,"",,,,Biceps,"Back Bicep",
2025-05-28 14:01,2025-05-28 14:55,"Dumbbell Press",40,15,"",,,,Chest,"Chest shoulder",
2025-05-28 14:01,2025-05-28 14:55,"Dumbbell Press",40,15,"",,,,Chest,"Chest shoulder",
2025-05-28 14:01,2025-05-28 14:55,"Dumbbell Press",45,15,"",,,,Chest,"Chest shoulder",
2025-05-28 14:01,2025-05-28 14:55,"Dumbbell Press",45,12,"",,,,Chest,"Chest shoulder",
2025-05-28 14:01,2025-05-28 14:55,"Tricep pushdown",65,15,"mustash bar",,,,Triceps,"Chest shoulder",
2025-05-28 14:01,2025-05-28 14:55,"Tricep pushdown",65,15,"",,,,Triceps,"Chest shoulder",
2025-05-28 14:01,2025-05-28 14:55,"Tricep pushdown",65,15,"",,,,Triceps,"Chest shoulder",
2025-05-28 14:01,2025-05-28 14:55,"Tricep pushdown",70,15,"",,,,Triceps,"Chest shoulder",
2025-05-28 14:01,2025-05-28 14:55,"Lateral Raises ",20,15,"",,,,Shoulders,"Chest shoulder",
2025-05-28 14:01,2025-05-28 14:55,"Lateral Raises ",20,15,"",,,,Shoulders,"Chest shoulder",
2025-05-28 14:01,2025-05-28 14:55,"Lateral Raises ",20,15,"",,,,Shoulders,"Chest shoulder",
2025-05-28 14:01,2025-05-28 14:55,"Lateral Raises ",20,15,"",,,,Shoulders,"Chest shoulder",
2025-05-28 14:01,2025-05-28 14:55,"Cable Flys",17.5,15,"",,,,Chest,"Chest shoulder",
2025-05-28 14:01,2025-05-28 14:55,"Cable Flys",17.5,15,"",,,,Chest,"Chest shoulder",
2025-05-28 14:01,2025-05-28 14:55,"Cable Flys",22.5,14,"",,,,Chest,"Chest shoulder",
2025-05-28 14:01,2025-05-28 14:55,"Assisted Dips",-140,15,"",,,,Triceps,"Chest shoulder",
2025-05-28 14:01,2025-05-28 14:55,"Assisted Dips",-120,8,"",,,,Triceps,"Chest shoulder",
2025-05-28 14:01,2025-05-28 14:55,"Assisted Dips",-140,10,"",,,,Triceps,"Chest shoulder",
2025-05-22 13:57,2025-05-22 15:18,"Dumbbell Press",35,15,"",,,,Chest,"Chest Tricep",
2025-05-22 13:57,2025-05-22 15:18,"Dumbbell Press",35,15,"",,,,Chest,"Chest Tricep",
2025-05-22 13:57,2025-05-22 15:18,"Dumbbell Press",40,15,"",,,,Chest,"Chest Tricep",
2025-05-22 13:57,2025-05-22 15:18,"Dumbbell Press",40,15,"",,,,Chest,"Chest Tricep",
2025-05-22 13:57,2025-05-22 15:18,"Cable Flys",12.5,15,"",,,,Chest,"Chest Tricep",
2025-05-22 13:57,2025-05-22 15:18,"Cable Flys",12.5,15,"",,,,Chest,"Chest Tricep",
2025-05-22 13:57,2025-05-22 15:18,"Cable Flys",17.5,15,"",,,,Chest,"Chest Tricep",
2025-05-22 13:57,2025-05-22 15:18,"smith machine inclined bench press",25,15,"",,,,Chest,"Chest Tricep",
2025-05-22 13:57,2025-05-22 15:18,"smith machine inclined bench press",25,15,"",,,,Chest,"Chest Tricep",
2025-05-22 13:57,2025-05-22 15:18,"smith machine inclined bench press",25,15,"",,,,Chest,"Chest Tricep",
2025-05-22 13:57,2025-05-22 15:18,"Pec Deck",85,15,"",,,,Chest,"Chest Tricep",
2025-05-22 13:57,2025-05-22 15:18,"Pec Deck",85,15,"",,,,Chest,"Chest Tricep",
2025-05-22 13:57,2025-05-22 15:18,"Pec Deck",100,12,"",,,,Chest,"Chest Tricep",
2025-05-22 13:57,2025-05-22 15:18,"Tricep pushdown",40,15,"rope",,,,Triceps,"Chest Tricep",
2025-05-22 13:57,2025-05-22 15:18,"Tricep pushdown",50,12,"",,,,Triceps,"Chest Tricep",
2025-05-22 13:57,2025-05-22 15:18,"Tricep pushdown",50,12,"",,,,Triceps,"Chest Tricep",
2025-05-22 13:57,2025-05-22 15:18,"Skullcrusher",45,12,"",,,,Triceps,"Chest Tricep",
2025-05-22 13:57,2025-05-22 15:18,"Skullcrusher",45,12,"",,,,Triceps,"Chest Tricep",
2025-05-22 13:57,2025-05-22 15:18,"Skullcrusher",45,12,"",,,,Triceps,"Chest Tricep",
2025-05-21 14:19,2025-05-21 15:13,"Single Arm Dumbbell Row",30,15,"",,,,Back,"Back Bicep",
2025-05-21 14:19,2025-05-21 15:13,"Single Arm Dumbbell Row",35,15,"",,,,Back,"Back Bicep",
2025-05-21 14:19,2025-05-21 15:13,"Single Arm Dumbbell Row",40,15,"",,,,Back,"Back Bicep",
2025-05-21 14:19,2025-05-21 15:13,"Chest Supported Rows",30,15,"",,,,Back,"Back Bicep",
2025-05-21 14:19,2025-05-21 15:13,"Chest Supported Rows",30,15,"",,,,Back,"Back Bicep",
2025-05-21 14:19,2025-05-21 15:13,"Chest Supported Rows",30,15,"",,,,Back,"Back Bicep",
2025-05-21 14:19,2025-05-21 15:13,"Cable Face Pulls",40,15,"rope",,,,Shoulders,"Back Bicep",
2025-05-21 14:19,2025-05-21 15:13,"Cable Face Pulls",40,15,"",,,,Shoulders,"Back Bicep",
2025-05-21 14:19,2025-05-21 15:13,"Cable Face Pulls",50,15,"",,,,Shoulders,"Back Bicep",
2025-05-21 14:19,2025-05-21 15:13,"Lat Pull-down ",70,15,"",,,,Back,"Back Bicep",
2025-05-21 14:19,2025-05-21 15:13,"Lat Pull-down ",70,15,"",,,,Back,"Back Bicep",
2025-05-21 14:19,2025-05-21 15:13,"Lat Pull-down ",85,15,"",,,,Back,"Back Bicep",
2025-05-21 14:19,2025-05-21 15:13,"Dumbbell Bicep Curl",15,15,"",,,,Biceps,"Back Bicep",
2025-05-21 14:19,2025-05-21 15:13,"Dumbbell Bicep Curl",15,15,"",,,,Biceps,"Back Bicep",
2025-05-21 14:19,2025-05-21 15:13,"Dumbbell Bicep Curl",15,18,"",,,,Biceps,"Back Bicep",
2025-05-21 14:19,2025-05-21 15:13,"Hammer Curl",17.5,15,"",,,,Biceps,"Back Bicep",
2025-05-21 14:19,2025-05-21 15:13,"Hammer Curl",17.5,15,"",,,,Biceps,"Back Bicep",
2025-05-21 14:19,2025-05-21 15:13,"Hammer Curl",17.5,15,"",,,,Biceps,"Back Bicep",
2025-04-09 14:39,2025-04-09 15:14,"Tricep pushdown",50,15,"with bar",,,,Triceps,"Arms",
2025-04-09 14:39,2025-04-09 15:14,"Tricep pushdown",60,15,"",,,,Triceps,"Arms",
2025-04-09 14:39,2025-04-09 15:14,"Tricep pushdown",70,15,"",,,,Triceps,"Arms",
2025-04-09 14:39,2025-04-09 15:14,"Tricep pushdown",80,15,"",,,,Triceps,"Arms",
2025-04-09 14:39,2025-04-09 15:14,"Cable Curls",50,15,"moustach bar",,,,Biceps,"Arms",
2025-04-09 14:39,2025-04-09 15:14,"Cable Curls",50,15,"",,,,Biceps,"Arms",
2025-04-09 14:39,2025-04-09 15:14,"Cable Curls",60,15,"",,,,Biceps,"Arms",
2025-04-09 14:39,2025-04-09 15:14,"Cable Curls",70,15,"",,,,Biceps,"Arms",
2025-04-09 14:39,2025-04-09 15:14,"Dumbbell Skullcrushers",22.5,12,"",,,,Triceps,"Arms",
2025-04-09 14:39,2025-04-09 15:14,"Dumbbell Skullcrushers",22.5,12,"",,,,Triceps,"Arms",
2025-04-09 14:39,2025-04-09 15:14,"Dumbbell Skullcrushers",22.5,12,"",,,,Triceps,"Arms",
2025-04-09 14:39,2025-04-09 15:14,"Cable Hammer Curls",50,15,"",,,,Biceps,"Arms",
2025-04-09 14:39,2025-04-09 15:14,"Cable Hammer Curls",60,15,"",,,,Biceps,"Arms",
2025-04-09 14:39,2025-04-09 15:14,"Cable Hammer Curls",70,15,"",,,,Biceps,"Arms",
2025-04-08 14:10,2025-04-08 14:51,"Dumbbell Press",35,15,"",,,,Chest,"Chest Shoulders",
2025-04-08 14:10,2025-04-08 14:51,"Dumbbell Press",40,15,"",,,,Chest,"Chest Shoulders",
2025-04-08 14:10,2025-04-08 14:51,"Dumbbell Press",40,15,"",,,,Chest,"Chest Shoulders",
2025-04-08 14:10,2025-04-08 14:51,"Dumbbell Press",45,12,"",,,,Chest,"Chest Shoulders",
2025-04-08 14:10,2025-04-08 14:51,"Lateral Raises ",20,12,"",,,,Shoulders,"Chest Shoulders",
2025-04-08 14:10,2025-04-08 14:51,"Lateral Raises ",20,12,"",,,,Shoulders,"Chest Shoulders",
2025-04-08 14:10,2025-04-08 14:51,"Lateral Raises ",20,12,"",,,,Shoulders,"Chest Shoulders",
2025-04-08 14:10,2025-04-08 14:51,"Pec Deck",85,15,"",,,,Chest,"Chest Shoulders",
2025-04-08 14:10,2025-04-08 14:51,"Pec Deck",95,15,"",,,,Chest,"Chest Shoulders",
2025-04-08 14:10,2025-04-08 14:51,"Pec Deck",95,15,"",,,,Chest,"Chest Shoulders",
2025-04-08 14:10,2025-04-08 14:51,"Barbell Overhead Press",0,15,"",,,,Shoulders,"Chest Shoulders",
2025-04-08 14:10,2025-04-08 14:51,"Barbell Overhead Press",0,15,"",,,,Shoulders,"Chest Shoulders",
2025-04-08 14:10,2025-04-08 14:51,"Barbell Overhead Press",10,12,"",,,,Shoulders,"Chest Shoulders",
2025-04-08 14:10,2025-04-08 14:51,"Barbell Overhead Press",10,10,"",,,,Shoulders,"Chest Shoulders",
2025-04-07 03:47,2025-04-07 04:39,"Chest Supported Rows",35,15,"",,,,Back,"Back Bicep",
2025-04-07 03:47,2025-04-07 04:39,"Chest Supported Rows",35,15,"",,,,Back,"Back Bicep",
2025-04-07 03:47,2025-04-07 04:39,"Chest Supported Rows",35,15,"",,,,Back,"Back Bicep",
2025-04-07 03:47,2025-04-07 04:39,"Chest Supported Rows",35,15,"",,,,Back,"Back Bicep",
2025-04-07 03:47,2025-04-07 04:39,"Dumbbell Row",45,15,"",,,,Back,"Back Bicep",
2025-04-07 03:47,2025-04-07 04:39,"Dumbbell Row",45,15,"",,,,Back,"Back Bicep",
2025-04-07 03:47,2025-04-07 04:39,"Dumbbell Row",45,15,"",,,,Back,"Back Bicep",
2025-04-07 03:47,2025-04-07 04:39,"Lat Pull-down ",85,15,"",,,,Back,"Back Bicep",
2025-04-07 03:47,2025-04-07 04:39,"Lat Pull-down ",85,15,"",,,,Back,"Back Bicep",
2025-04-07 03:47,2025-04-07 04:39,"Lat Pull-down ",100,12,"",,,,Back,"Back Bicep",
2025-04-07 03:47,2025-04-07 04:39,"Lat Pushdowns",32.5,15,"",,,,Back,"Back Bicep",
2025-04-07 03:47,2025-04-07 04:39,"Lat Pushdowns",27.5,15,"",,,,Back,"Back Bicep",
2025-04-07 03:47,2025-04-07 04:39,"Lat Pushdowns",27.5,15,"",,,,Back,"Back Bicep",
2025-04-07 03:47,2025-04-07 04:39,"Iso Cable Rear Delt Fly",12.5,15,"",,,,Shoulders,"Back Bicep",
2025-04-07 03:47,2025-04-07 04:39,"Iso Cable Rear Delt Fly",12.5,15,"",,,,Shoulders,"Back Bicep",
2025-04-07 03:47,2025-04-07 04:39,"Iso Cable Rear Delt Fly",12.5,15,"",,,,Shoulders,"Back Bicep",
2025-03-13 15:30,2025-03-13 16:31,"Cable Row",85,15,"Wide-grip",,,,Back,"Back Bicep",
2025-03-13 15:30,2025-03-13 16:31,"Cable Row",85,15,"",,,,Back,"Back Bicep",
2025-03-13 15:30,2025-03-13 16:31,"Cable Row",100,15,"",,,,Back,"Back Bicep",
2025-03-13 15:30,2025-03-13 16:31,"Cable Row",115,15,"",,,,Back,"Back Bicep",
2025-03-13 15:30,2025-03-13 16:31,"Single Arm Cable Row",50,15,"",,,,Back,"Back Bicep",
2025-03-13 15:30,2025-03-13 16:31,"Single Arm Cable Row",50,15,"",,,,Back,"Back Bicep",
2025-03-13 15:30,2025-03-13 16:31,"Single Arm Cable Row",60,15,"",,,,Back,"Back Bicep",
2025-03-13 15:30,2025-03-13 16:31,"Single Arm Cable Row",70,15,"",,,,Back,"Back Bicep",
2025-03-13 15:30,2025-03-13 16:31,"Chest Supported Rows",35,15,"",,,,Back,"Back Bicep",
2025-03-13 15:30,2025-03-13 16:31,"Chest Supported Rows",35,15,"",,,,Back,"Back Bicep",
2025-03-13 15:30,2025-03-13 16:31,"Chest Supported Rows",35,15,"",,,,Back,"Back Bicep",
2025-03-13 15:30,2025-03-13 16:31,"Chest Supported Rows",40,12,"",,,,Back,"Back Bicep",
2025-03-13 15:30,2025-03-13 16:31,"Single Arm Preacher Curls",20,15,"",,,,Biceps,"Back Bicep",
2025-03-13 15:30,2025-03-13 16:31,"Single Arm Preacher Curls",22.5,15,"",,,,Biceps,"Back Bicep",
2025-03-13 15:30,2025-03-13 16:31,"Single Arm Preacher Curls",22.5,12,"",,,,Biceps,"Back Bicep",
2025-03-13 15:30,2025-03-13 16:31,"Hammer Curl",20,15,"",,,,Biceps,"Back Bicep",
2025-03-13 15:30,2025-03-13 16:31,"Hammer Curl",20,15,"",,,,Biceps,"Back Bicep",
2025-03-13 15:30,2025-03-13 16:31,"Hammer Curl",20,15,"",,,,Biceps,"Back Bicep",
2025-03-12 14:46,2025-03-12 15:54,"Bench Press",35,15,"",,,,Chest,"chest shoulder tricep",
2025-03-12 14:46,2025-03-12 15:54,"Bench Press",35,15,"",,,,Chest,"chest shoulder tricep",
2025-03-12 14:46,2025-03-12 15:54,"Bench Press",40,12,"",,,,Chest,"chest shoulder tricep",
2025-03-12 14:46,2025-03-12 15:54,"Cable Flys",17.5,21,"7 upper, 7 lower, 7 full",,,,Chest,"chest shoulder tricep",
2025-03-12 14:46,2025-03-12 15:54,"Cable Flys",17.5,21,"",,,,Chest,"chest shoulder tricep",
2025-03-12 14:46,2025-03-12 15:54,"Cable Flys",17.5,21,"",,,,Chest,"chest shoulder tricep",
2025-03-12 14:46,2025-03-12 15:54,"Cable Flys",22.5,21,"",,,,Chest,"chest shoulder tricep",
2025-03-12 14:46,2025-03-12 15:54,"Barbell Overhead Press",0,12,"",,,,Shoulders,"chest shoulder tricep",
2025-03-12 14:46,2025-03-12 15:54,"Barbell Overhead Press",10,12,"",,,,Shoulders,"chest shoulder tricep",
2025-03-12 14:46,2025-03-12 15:54,"Barbell Overhead Press",10,12,"",,,,Shoulders,"chest shoulder tricep",
2025-03-12 14:46,2025-03-12 15:54,"Barbell Overhead Press",10,10,"",,,,Shoulders,"chest shoulder tricep",
2025-03-12 14:46,2025-03-12 15:54,"Cable Lateral Raises",10,15,"",,,,Shoulders,"chest shoulder tricep",
2025-03-12 14:46,2025-03-12 15:54,"Cable Lateral Raises",20,12,"",,,,Shoulders,"chest shoulder tricep",
2025-03-12 14:46,2025-03-12 15:54,"Cable Lateral Raises",20,15,"",,,,Shoulders,"chest shoulder tricep",
2025-03-12 14:46,2025-03-12 15:54,"Tricep pushdown",40,15,"",,,,Triceps,"chest shoulder tricep",
2025-03-12 14:46,2025-03-12 15:54,"Tricep pushdown",50,15,"",,,,Triceps,"chest shoulder tricep",
2025-03-12 14:46,2025-03-12 15:54,"Tricep pushdown",60,12,"",,,,Triceps,"chest shoulder tricep",
2025-03-12 14:46,2025-03-12 15:54,"Tricep pushdown",60,12,"",,,,Triceps,"chest shoulder tricep",
2025-03-12 14:46,2025-03-12 15:54,"Dumbbell Skullcrushers",17.5,15,"",,,,Triceps,"chest shoulder tricep",
2025-03-12 14:46,2025-03-12 15:54,"Dumbbell Skullcrushers",17.5,15,"",,,,Triceps,"chest shoulder tricep",
2025-03-12 14:46,2025-03-12 15:54,"Dumbbell Skullcrushers",17.5,15,"",,,,Triceps,"chest shoulder tricep",
2025-03-06 15:27,2025-03-06 16:36,"Assisted Pull Up",-100,10,"",,,,Back,"Back Bicep",
2025-03-06 15:27,2025-03-06 16:36,"Assisted Pull Up",-100,10,"",,,,Back,"Back Bicep",
2025-03-06 15:27,2025-03-06 16:36,"Assisted Pull Up",-100,8,"",,,,Back,"Back Bicep",
2025-03-06 15:27,2025-03-06 16:36,"Dumbbell Row",45,15,"",,,,Back,"Back Bicep",
2025-03-06 15:27,2025-03-06 16:36,"Dumbbell Row",45,15,"",,,,Back,"Back Bicep",
2025-03-06 15:27,2025-03-06 16:36,"Dumbbell Row",50,15,"",,,,Back,"Back Bicep",
2025-03-06 15:27,2025-03-06 16:36,"Dumbbell Row",55,15,"",,,,Back,"Back Bicep",
2025-03-06 15:27,2025-03-06 16:36,"Machine rear deltoid",40,15,"",,,,Back,"Back Bicep",
2025-03-06 15:27,2025-03-06 16:36,"Machine rear deltoid",45,15,"",,,,Back,"Back Bicep",
2025-03-06 15:27,2025-03-06 16:36,"Machine rear deltoid",50,15,"",,,,Back,"Back Bicep",
2025-03-06 15:27,2025-03-06 16:36,"Machine rear deltoid",55,15,"",,,,Back,"Back Bicep",
2025-03-06 15:27,2025-03-06 16:36,"Lat Pushdowns",40,15,"",,,,Back,"Back Bicep",
2025-03-06 15:27,2025-03-06 16:36,"Lat Pushdowns",50,15,"",,,,Back,"Back Bicep",
2025-03-06 15:27,2025-03-06 16:36,"Lat Pushdowns",50,15,"",,,,Back,"Back Bicep",
2025-03-06 15:27,2025-03-06 16:36,"Single Arm Preacher Curls",20,15,"",,,,Biceps,"Back Bicep",
2025-03-06 15:27,2025-03-06 16:36,"Single Arm Preacher Curls",22.5,15,"",,,,Biceps,"Back Bicep",
2025-03-06 15:27,2025-03-06 16:36,"Single Arm Preacher Curls",22.5,12,"",,,,Biceps,"Back Bicep",
2025-03-06 15:27,2025-03-06 16:36,"Rope Cable Curls",22.5,15,"",,,,Biceps,"Back Bicep",
2025-03-06 15:27,2025-03-06 16:36,"Rope Cable Curls",27.5,15,"",,,,Biceps,"Back Bicep",
2025-03-06 15:27,2025-03-06 16:36,"Rope Cable Curls",32.5,15,"",,,,Biceps,"Back Bicep",
2025-03-06 15:27,2025-03-06 16:36,"Rope Cable Curls",35.5,12,"",,,,Biceps,"Back Bicep",
2025-03-05 15:39,2025-03-05 16:28,"Bench Press",35,12,"",,,,Chest,"Chest shoulder tricep",
2025-03-05 15:39,2025-03-05 16:28,"Bench Press",45,11,"",,,,Chest,"Chest shoulder tricep",
2025-03-05 15:39,2025-03-05 16:28,"Bench Press",45,6,"",,,,Chest,"Chest shoulder tricep",
2025-03-05 15:39,2025-03-05 16:28,"Bench Press",45,6,"",,,,Chest,"Chest shoulder tricep",
2025-03-05 15:39,2025-03-05 16:28,"Barbell Overhead Press",0,12,"",,,,Shoulders,"Chest shoulder tricep",
2025-03-05 15:39,2025-03-05 16:28,"Barbell Overhead Press",10,12,"",,,,Shoulders,"Chest shoulder tricep",
2025-03-05 15:39,2025-03-05 16:28,"Barbell Overhead Press",10,12,"",,,,Shoulders,"Chest shoulder tricep",
2025-03-05 15:39,2025-03-05 16:28,"Barbell Overhead Press",10,10,"",,,,Shoulders,"Chest shoulder tricep",
2025-03-05 15:39,2025-03-05 16:28,"Pec Deck",70,15,"",,,,Chest,"Chest shoulder tricep",
2025-03-05 15:39,2025-03-05 16:28,"Pec Deck",85,15,"",,,,Chest,"Chest shoulder tricep",
2025-03-05 15:39,2025-03-05 16:28,"Pec Deck",100,15,"",,,,Chest,"Chest shoulder tricep",
2025-03-05 15:39,2025-03-05 16:28,"Pec Deck",115,15,"",,,,Chest,"Chest shoulder tricep",
2025-03-05 15:39,2025-03-05 16:28,"Assisted Dips",-100,5,"",,,,Triceps,"Chest shoulder tricep",
2025-03-05 15:39,2025-03-05 16:28,"Assisted Dips",-100,5,"",,,,Triceps,"Chest shoulder tricep",
2025-03-05 15:39,2025-03-05 16:28,"Assisted Dips",-100,5,"",,,,Triceps,"Chest shoulder tricep",
2025-03-05 15:39,2025-03-05 16:28,"Dumbbell Lateral Raises",20,15,"",,,,Shoulders,"Chest shoulder tricep",
2025-03-05 15:39,2025-03-05 16:28,"Dumbbell Lateral Raises",20,15,"",,,,Shoulders,"Chest shoulder tricep",
2025-03-05 15:39,2025-03-05 16:28,"Dumbbell Lateral Raises",20,15,"",,,,Shoulders,"Chest shoulder tricep",
2025-03-05 15:39,2025-03-05 16:28,"Tricep pushdown",27.5,15,"",,,,Triceps,"Chest shoulder tricep",
2025-03-05 15:39,2025-03-05 16:28,"Tricep pushdown",32.5,12,"",,,,Triceps,"Chest shoulder tricep",
2025-03-05 15:39,2025-03-05 16:28,"Tricep pushdown",32.5,12,"",,,,Triceps,"Chest shoulder tricep",
2025-02-25 16:54,2025-02-25 17:42,"Assisted Pull Up",-100,10,"",,,,Back,"Back Bicep",
2025-02-25 16:54,2025-02-25 17:42,"Assisted Pull Up",-100,10,"",,,,Back,"Back Bicep",
2025-02-25 16:54,2025-02-25 17:42,"Assisted Pull Up",-100,8,"",,,,Back,"Back Bicep",
2025-02-25 16:54,2025-02-25 17:42,"Assisted Pull Up",-100,6,"",,,,Back,"Back Bicep",
2025-02-25 16:54,2025-02-25 17:42,"Chest Supported Rows",35,15,"",,,,Back,"Back Bicep",
2025-02-25 16:54,2025-02-25 17:42,"Chest Supported Rows",35,15,"",,,,Back,"Back Bicep",
2025-02-25 16:54,2025-02-25 17:42,"Chest Supported Rows",40,15,"",,,,Back,"Back Bicep",
2025-02-25 16:54,2025-02-25 17:42,"Chest Supported Rows",40,12,"",,,,Back,"Back Bicep",
2025-02-25 16:54,2025-02-25 17:42,"Lat Pushdowns",40,15,"",,,,Back,"Back Bicep",
2025-02-25 16:54,2025-02-25 17:42,"Lat Pushdowns",42.5,15,"",,,,Back,"Back Bicep",
2025-02-25 16:54,2025-02-25 17:42,"Lat Pushdowns",50,15,"",,,,Back,"Back Bicep",
2025-02-25 16:54,2025-02-25 17:42,"Twenty-Ones",45,21,"7 lower half, 7 upper half, 7 full ROM",,,,Biceps,"Back Bicep",
2025-02-25 16:54,2025-02-25 17:42,"Twenty-Ones",45,21,"",,,,Biceps,"Back Bicep",
2025-02-25 16:54,2025-02-25 17:42,"Twenty-Ones",45,21,"",,,,Biceps,"Back Bicep",
2025-02-25 16:54,2025-02-25 17:42,"Machine rear deltoid",40,15,"",,,,Back,"Back Bicep",
2025-02-25 16:54,2025-02-25 17:42,"Machine rear deltoid",40,15,"",,,,Back,"Back Bicep",
2025-02-25 16:54,2025-02-25 17:42,"Machine rear deltoid",40,15,"",,,,Back,"Back Bicep",
2025-02-25 16:54,2025-02-25 17:42,"Machine rear deltoid",55,12,"",,,,Back,"Back Bicep",
2025-02-25 16:54,2025-02-25 17:42,"Hammer Curl",17.5,15,"",,,,Biceps,"Back Bicep",
2025-02-25 16:54,2025-02-25 17:42,"Hammer Curl",20,15,"",,,,Biceps,"Back Bicep",
2025-02-25 16:54,2025-02-25 17:42,"Hammer Curl",20,15,"",,,,Biceps,"Back Bicep",
2025-02-20 16:01,2025-02-20 17:04,"Bent-over Barbell Row",35,15,"",,,,Back,"Back Bicep",
2025-02-20 16:01,2025-02-20 17:04,"Bent-over Barbell Row",35,15,"",,,,Back,"Back Bicep",
2025-02-20 16:01,2025-02-20 17:04,"Bent-over Barbell Row",45,12,"",,,,Back,"Back Bicep",
2025-02-20 16:01,2025-02-20 17:04,"Bent-over Barbell Row",45,12,"",,,,Back,"Back Bicep",
2025-02-20 16:01,2025-02-20 17:04,"Close Grip Cable Row",85,15,"",,,,Back,"Back Bicep",
2025-02-20 16:01,2025-02-20 17:04,"Close Grip Cable Row",85,15,"",,,,Back,"Back Bicep",
2025-02-20 16:01,2025-02-20 17:04,"Close Grip Cable Row",85,15,"",,,,Back,"Back Bicep",
2025-02-20 16:01,2025-02-20 17:04,"Close Grip Cable Row",100,15,"",,,,Back,"Back Bicep",
2025-02-20 16:01,2025-02-20 17:04,"Dumbbell Bicep Curl",15,15,"supinated",,,,Biceps,"Back Bicep",
2025-02-20 16:01,2025-02-20 17:04,"Dumbbell Bicep Curl",17.5,15,"",,,,Biceps,"Back Bicep",
2025-02-20 16:01,2025-02-20 17:04,"Dumbbell Bicep Curl",17.5,15,"",,,,Biceps,"Back Bicep",
2025-02-20 16:01,2025-02-20 17:04,"Dumbbell Bicep Curl",17.5,15,"",,,,Biceps,"Back Bicep",
2025-02-20 16:01,2025-02-20 17:04,"Assisted Pull Up",-140,7,"",,,,Back,"Back Bicep",
2025-02-20 16:01,2025-02-20 17:04,"Assisted Pull Up",-140,7,"",,,,Back,"Back Bicep",
2025-02-20 16:01,2025-02-20 17:04,"Assisted Pull Up",-140,7,"",,,,Back,"Back Bicep",
2025-02-20 16:01,2025-02-20 17:04,"Lat Pushdowns",30,15,"",,,,Back,"Back Bicep",
2025-02-20 16:01,2025-02-20 17:04,"Lat Pushdowns",40,15,"",,,,Back,"Back Bicep",
2025-02-20 16:01,2025-02-20 17:04,"Lat Pushdowns",42.5,15,"",,,,Back,"Back Bicep",
2025-02-20 16:01,2025-02-20 17:04,"Hammer Curl",17.5,15,"",,,,Biceps,"Back Bicep",
2025-02-20 16:01,2025-02-20 17:04,"Hammer Curl",17.5,15,"",,,,Biceps,"Back Bicep",
2025-02-20 16:01,2025-02-20 17:04,"Hammer Curl",17.5,15,"",,,,Biceps,"Back Bicep",
2025-02-19 15:54,2025-02-19 16:42,"Bench Press",35,12,"",,,,Chest,"Chest Shoulder Tricep",
2025-02-19 15:54,2025-02-19 16:42,"Bench Press",45,12,"",,,,Chest,"Chest Shoulder Tricep",
2025-02-19 15:54,2025-02-19 16:42,"Bench Press",45,6,"",,,,Chest,"Chest Shoulder Tricep",
2025-02-19 15:54,2025-02-19 16:42,"Dumbbell flies",30,15,"",,,,Chest,"Chest Shoulder Tricep",
2025-02-19 15:54,2025-02-19 16:42,"Dumbbell flies",30,15,"",,,,Chest,"Chest Shoulder Tricep",
2025-02-19 15:54,2025-02-19 16:42,"Dumbbell flies",35,12,"",,,,Chest,"Chest Shoulder Tricep",
2025-02-19 15:54,2025-02-19 16:42,"Overhead barbell press",0,12,"",,,,Shoulders,"Chest Shoulder Tricep",
2025-02-19 15:54,2025-02-19 16:42,"Overhead barbell press",0,12,"",,,,Shoulders,"Chest Shoulder Tricep",
2025-02-19 15:54,2025-02-19 16:42,"Overhead barbell press",5,12,"",,,,Shoulders,"Chest Shoulder Tricep",
2025-02-19 15:54,2025-02-19 16:42,"Overhead barbell press",5,12,"",,,,Shoulders,"Chest Shoulder Tricep",
2025-02-19 15:54,2025-02-19 16:42,"Rope Pushdowns",32.5,15,"",,,,Triceps,"Chest Shoulder Tricep",
2025-02-19 15:54,2025-02-19 16:42,"Rope Pushdowns",32.5,12,"",,,,Triceps,"Chest Shoulder Tricep",
2025-02-19 15:54,2025-02-19 16:42,"Rope Pushdowns",32.5,15,"",,,,Triceps,"Chest Shoulder Tricep",
2025-02-19 15:54,2025-02-19 16:42,"smith machine inclined bench press",25,12,"",,,,Chest,"Chest Shoulder Tricep",
2025-02-19 15:54,2025-02-19 16:42,"smith machine inclined bench press",25,12,"",,,,Chest,"Chest Shoulder Tricep",
2025-02-19 15:54,2025-02-19 16:42,"smith machine inclined bench press",25,12,"",,,,Chest,"Chest Shoulder Tricep",
2025-02-13 15:38,2025-02-13 16:34,"Assisted Pull Up",-100,10,"",,,,Back,"Back Bicep",
2025-02-13 15:38,2025-02-13 16:34,"Assisted Pull Up",-100,10,"",,,,Back,"Back Bicep",
2025-02-13 15:38,2025-02-13 16:34,"Assisted Pull Up",-100,8,"",,,,Back,"Back Bicep",
2025-02-13 15:38,2025-02-13 16:34,"Bent-over Barbell Row",35,12,"",,,,Back,"Back Bicep",
2025-02-13 15:38,2025-02-13 16:34,"Bent-over Barbell Row",35,12,"",,,,Back,"Back Bicep",
2025-02-13 15:38,2025-02-13 16:34,"Bent-over Barbell Row",45,12,"",,,,Back,"Back Bicep",
2025-02-13 15:38,2025-02-13 16:34,"Cable Row",70,15,"Wide-grip",,,,Back,"Back Bicep",
2025-02-13 15:38,2025-02-13 16:34,"Cable Row",85,15,"",,,,Back,"Back Bicep",
2025-02-13 15:38,2025-02-13 16:34,"Cable Row",100,12,"",,,,Back,"Back Bicep",
2025-02-13 15:38,2025-02-13 16:34,"Single Arm Lat Pulldown",60,15,"",,,,Back,"Back Bicep",
2025-02-13 15:38,2025-02-13 16:34,"Single Arm Lat Pulldown",70,15,"",,,,Back,"Back Bicep",
2025-02-13 15:38,2025-02-13 16:34,"Single Arm Lat Pulldown",80,15,"",,,,Back,"Back Bicep",
2025-02-13 15:38,2025-02-13 16:34,"Single Arm Lat Pulldown",80,10,"",,,,Back,"Back Bicep",
2025-02-13 15:38,2025-02-13 16:34,"Barbell Bicep Curl",40,15,"",,,,Biceps,"Back Bicep",
2025-02-13 15:38,2025-02-13 16:34,"Barbell Bicep Curl",45,15,"",,,,Biceps,"Back Bicep",
2025-02-13 15:38,2025-02-13 16:34,"Barbell Bicep Curl",55,12,"",,,,Biceps,"Back Bicep",
2025-02-13 15:38,2025-02-13 16:34,"Rope Cable Curls",50,15,"",,,,Biceps,"Back Bicep",
2025-02-13 15:38,2025-02-13 16:34,"Rope Cable Curls",50,15,"",,,,Biceps,"Back Bicep",
2025-02-13 15:38,2025-02-13 16:34,"Rope Cable Curls",60,15,"",,,,Biceps,"Back Bicep",
2025-02-13 15:38,2025-02-13 16:34,"Rope Cable Curls",60,15,"",,,,Biceps,"Back Bicep",
2025-02-11 16:25,2025-02-11 17:29,"Bench Press",25,12,"",,,,Chest,"Chest Shoulder Tricep",
2025-02-11 16:25,2025-02-11 17:29,"Bench Press",40,12,"",,,,Chest,"Chest Shoulder Tricep",
2025-02-11 16:25,2025-02-11 17:29,"Bench Press",45,10,"",,,,Chest,"Chest Shoulder Tricep",
2025-02-11 16:25,2025-02-11 17:29,"Cable Flys",22.5,21,"7 upper, 7 lower, 7 full",,,,Chest,"Chest Shoulder Tricep",
2025-02-11 16:25,2025-02-11 17:29,"Cable Flys",22.5,21,"",,,,Chest,"Chest Shoulder Tricep",
2025-02-11 16:25,2025-02-11 17:29,"Cable Flys",22.5,21,"",,,,Chest,"Chest Shoulder Tricep",
2025-02-11 16:25,2025-02-11 17:29,"Tricep pushdown",27.5,15,"",,,,Triceps,"Chest Shoulder Tricep",
2025-02-11 16:25,2025-02-11 17:29,"Tricep pushdown",32.5,12,"",,,,Triceps,"Chest Shoulder Tricep",
2025-02-11 16:25,2025-02-11 17:29,"Tricep pushdown",32.5,12,"",,,,Triceps,"Chest Shoulder Tricep",
2025-02-11 16:25,2025-02-11 17:29,"Tricep pushdown",32.5,10,"",,,,Triceps,"Chest Shoulder Tricep",
2025-02-11 16:25,2025-02-11 17:29,"Barbell Overhead Press",0,12,"",,,,Shoulders,"Chest Shoulder Tricep",
2025-02-11 16:25,2025-02-11 17:29,"Barbell Overhead Press",10,12,"",,,,Shoulders,"Chest Shoulder Tricep",
2025-02-11 16:25,2025-02-11 17:29,"Barbell Overhead Press",10,12,"",,,,Shoulders,"Chest Shoulder Tricep",
2025-02-11 16:25,2025-02-11 17:29,"Barbell Overhead Press",10,8,"",,,,Shoulders,"Chest Shoulder Tricep",
2025-02-11 16:25,2025-02-11 17:29,"smith machine inclined bench press",25,12,"",,,,Chest,"Chest Shoulder Tricep",
2025-02-11 16:25,2025-02-11 17:29,"smith machine inclined bench press",35,12,"",,,,Chest,"Chest Shoulder Tricep",
2025-02-11 16:25,2025-02-11 17:29,"smith machine inclined bench press",35,8,"",,,,Chest,"Chest Shoulder Tricep",
2025-02-11 16:25,2025-02-11 17:29,"Skullcrusher",45,12,"",,,,Triceps,"Chest Shoulder Tricep",
2025-02-11 16:25,2025-02-11 17:29,"Skullcrusher",45,12,"",,,,Triceps,"Chest Shoulder Tricep",
2025-02-11 16:25,2025-02-11 17:29,"Skullcrusher",45,12,"",,,,Triceps,"Chest Shoulder Tricep",
2025-02-11 16:25,2025-02-11 17:29,"Dumbbell Lateral Raises",20,15,"",,,,Shoulders,"Chest Shoulder Tricep",
2025-02-11 16:25,2025-02-11 17:29,"Dumbbell Lateral Raises",20,15,"",,,,Shoulders,"Chest Shoulder Tricep",
2025-02-11 16:25,2025-02-11 17:29,"Dumbbell Lateral Raises",20,15,"",,,,Shoulders,"Chest Shoulder Tricep",
2025-02-11 16:25,2025-02-11 17:29,"Dumbbell Lateral Raises",20,15,"",,,,Shoulders,"Chest Shoulder Tricep",
2025-02-06 15:44,2025-02-06 16:57,"Assisted Pull Up",-120,6,"",,,,Back,"Upper body",
2025-02-06 15:44,2025-02-06 16:57,"Assisted Pull Up",-100,6,"",,,,Back,"Upper body",
2025-02-06 15:44,2025-02-06 16:57,"Assisted Pull Up",-100,6,"",,,,Back,"Upper body",
2025-02-06 15:44,2025-02-06 16:57,"Assisted Pull Up",-100,6,"",,,,Back,"Upper body",
2025-02-06 15:44,2025-02-06 16:57,"Incline Bench Press",0,8,"",,,,Chest,"Upper body",
2025-02-06 15:44,2025-02-06 16:57,"Incline Bench Press",20,8,"",,,,Chest,"Upper body",
2025-02-06 15:44,2025-02-06 16:57,"Incline Bench Press",25,8,"",,,,Chest,"Upper body",
2025-02-06 15:44,2025-02-06 16:57,"Incline Bench Press",35,8,"",,,,Chest,"Upper body",
2025-02-06 15:44,2025-02-06 16:57,"Incline Bench Press",45,8,"",,,,Chest,"Upper body",
2025-02-06 15:44,2025-02-06 16:57,"Incline Bench Press",45,8,"",,,,Chest,"Upper body",
2025-02-06 15:44,2025-02-06 16:57,"Bent-over Barbell Row",35,10,"",,,,Back,"Upper body",
2025-02-06 15:44,2025-02-06 16:57,"Bent-over Barbell Row",35,10,"",,,,Back,"Upper body",
2025-02-06 15:44,2025-02-06 16:57,"Bent-over Barbell Row",35,10,"",,,,Back,"Upper body",
2025-02-06 15:44,2025-02-06 16:57,"Bent-over Barbell Row",45,10,"",,,,Back,"Upper body",
2025-02-06 15:44,2025-02-06 16:57,"Cable Flys",17.5,21,"7 upper, 7 lower, 7 full",,,,Chest,"Upper body",
2025-02-06 15:44,2025-02-06 16:57,"Cable Flys",17.5,21,"",,,,Chest,"Upper body",
2025-02-06 15:44,2025-02-06 16:57,"Cable Flys",22.5,21,"",,,,Chest,"Upper body",
2025-02-06 15:44,2025-02-06 16:57,"Cable Face Pulls",47.5,15,"",,,,Shoulders,"Upper body",
2025-02-06 15:44,2025-02-06 16:57,"Cable Face Pulls",47.5,15,"",,,,Shoulders,"Upper body",
2025-02-06 15:44,2025-02-06 16:57,"Cable Face Pulls",52.5,15,"",,,,Shoulders,"Upper body",
2025-02-06 15:44,2025-02-06 16:57,"Iso-Lateral Raises",12.5,12,"",,,,Shoulders,"Upper body",
2025-02-06 15:44,2025-02-06 16:57,"Iso-Lateral Raises",12.5,12,"",,,,Shoulders,"Upper body",
2025-02-06 15:44,2025-02-06 16:57,"Iso-Lateral Raises",15,12,"",,,,Shoulders,"Upper body",
2025-02-06 15:44,2025-02-06 16:57,"Iso-Lateral Raises",15,12,"",,,,Shoulders,"Upper body",
2025-02-06 15:44,2025-02-06 16:57,"Dumbbell Bicep Curl",20,15,"Supinated",,,,Biceps,"Upper body",
2025-02-06 15:44,2025-02-06 16:57,"Dumbbell Bicep Curl",20,15,"",,,,Biceps,"Upper body",
2025-02-06 15:44,2025-02-06 16:57,"Dumbbell Bicep Curl",20,18,"",,,,Biceps,"Upper body",
2025-02-05 16:04,2025-02-05 16:38,"Deadlift",45,5,"",,,,Back,"Lower Body",
2025-02-05 16:04,2025-02-05 16:38,"Deadlift",45,5,"",,,,Back,"Lower Body",
2025-02-05 16:04,2025-02-05 16:38,"Deadlift",55,5,"",,,,Back,"Lower Body",
2025-02-05 16:04,2025-02-05 16:38,"Deadlift",55,5,"",,,,Back,"Lower Body",
2025-02-05 16:04,2025-02-05 16:38,"Barbell Squats",25,8,"",,,,Legs,"Lower Body",
2025-02-05 16:04,2025-02-05 16:38,"Barbell Squats",35,8,"",,,,Legs,"Lower Body",
2025-02-05 16:04,2025-02-05 16:38,"Barbell Squats",40,8,"",,,,Legs,"Lower Body",
2025-02-05 16:04,2025-02-05 16:38,"Barbell Squats",45,8,"",,,,Legs,"Lower Body",
2025-02-05 16:04,2025-02-05 16:38,"Barbell Squats",50,8,"",,,,Legs,"Lower Body",
2025-02-05 16:04,2025-02-05 16:38,"Barbell Squats",55,8,"",,,,Legs,"Lower Body",
2025-02-05 16:04,2025-02-05 16:38,"Unilateral Leg Extension",40,12,"",,,,Legs,"Lower Body",
2025-02-05 16:04,2025-02-05 16:38,"Unilateral Leg Extension",40,12,"",,,,Legs,"Lower Body",
2025-02-05 16:04,2025-02-05 16:38,"Unilateral Leg Extension",40,12,"",,,,Legs,"Lower Body",
2025-02-05 16:04,2025-02-05 16:38,"Leg Curls",50,20,"",,,,Legs,"Lower Body",
2025-02-05 16:04,2025-02-05 16:38,"Leg Curls",65,20,"",,,,Legs,"Lower Body",
2025-02-05 16:04,2025-02-05 16:38,"Leg Curls",80,20,"",,,,Legs,"Lower Body",
2025-02-04 05:43,2025-02-04 06:43,"Machine Lat Pull downs",85,10,"",,,,Back,"Upper Body",
2025-02-04 05:43,2025-02-04 06:43,"Machine Lat Pull downs",100,10,"",,,,Back,"Upper Body",
2025-02-04 05:43,2025-02-04 06:43,"Machine Lat Pull downs",100,10,"",,,,Back,"Upper Body",
2025-02-04 05:43,2025-02-04 06:43,"Bench Press",10,6,"",,,,Chest,"Upper Body",
2025-02-04 05:43,2025-02-04 06:43,"Bench Press",25,6,"",,,,Chest,"Upper Body",
2025-02-04 05:43,2025-02-04 06:43,"Bench Press",25,6,"",,,,Chest,"Upper Body",
2025-02-04 05:43,2025-02-04 06:43,"Bench Press",35,6,"",,,,Chest,"Upper Body",
2025-02-04 05:43,2025-02-04 06:43,"Bench Press",35,6,"",,,,Chest,"Upper Body",
2025-02-04 05:43,2025-02-04 06:43,"Bench Press",40,6,"",,,,Chest,"Upper Body",
2025-02-04 05:43,2025-02-04 06:43,"Bench Press",40,6,"",,,,Chest,"Upper Body",
2025-02-04 05:43,2025-02-04 06:43,"Barbell Overhead Press",0,10,"",,,,Shoulders,"Upper Body",
2025-02-04 05:43,2025-02-04 06:43,"Barbell Overhead Press",0,10,"",,,,Shoulders,"Upper Body",
2025-02-04 05:43,2025-02-04 06:43,"Barbell Overhead Press",10,10,"",,,,Shoulders,"Upper Body",
2025-02-04 05:43,2025-02-04 06:43,"Barbell Overhead Press",10,10,"",,,,Shoulders,"Upper Body",
2025-02-04 05:43,2025-02-04 06:43,"Barbell Overhead Press",10,10,"",,,,Shoulders,"Upper Body",
2025-02-04 05:43,2025-02-04 06:43,"Incline Dumbbell Press",35,8,"",,,,Chest,"Upper Body",
2025-02-04 05:43,2025-02-04 06:43,"Incline Dumbbell Press",40,8,"",,,,Chest,"Upper Body",
2025-02-04 05:43,2025-02-04 06:43,"Incline Dumbbell Press",40,8,"",,,,Chest,"Upper Body",
2025-02-04 05:43,2025-02-04 06:43,"Incline Dumbbell Press",40,8,"",,,,Chest,"Upper Body",
2025-02-04 05:43,2025-02-04 06:43,"Close Grip Cable Row",70,12,"",,,,Back,"Upper Body",
2025-02-04 05:43,2025-02-04 06:43,"Close Grip Cable Row",70,12,"",,,,Back,"Upper Body",
2025-02-04 05:43,2025-02-04 06:43,"Close Grip Cable Row",85,12,"",,,,Back,"Upper Body",
2025-02-04 05:43,2025-02-04 06:43,"Close Grip Cable Row",100,12,"",,,,Back,"Upper Body",
2025-01-28 12:09,2025-01-28 13:32,"Assisted Pull Up",-70,8,"",,,,Back,"Upper Body",
2025-01-28 12:09,2025-01-28 13:32,"Assisted Pull Up",-55,6,"",,,,Back,"Upper Body",
2025-01-28 12:09,2025-01-28 13:32,"Assisted Pull Up",-55,6,"",,,,Back,"Upper Body",
2025-01-28 12:09,2025-01-28 13:32,"Assisted Pull Up",-55,6,"",,,,Back,"Upper Body",
2025-01-28 12:09,2025-01-28 13:32,"Bent-over Barbell Row",35,10,"",,,,Back,"Upper Body",
2025-01-28 12:09,2025-01-28 13:32,"Bent-over Barbell Row",35,10,"",,,,Back,"Upper Body",
2025-01-28 12:09,2025-01-28 13:32,"Bent-over Barbell Row",45,10,"",,,,Back,"Upper Body",
2025-01-28 12:09,2025-01-28 13:32,"Bent-over Barbell Row",45,10,"",,,,Back,"Upper Body",
2025-01-28 12:09,2025-01-28 13:32,"Incline Bench Press",0,8,"",,,,Chest,"Upper Body",
2025-01-28 12:09,2025-01-28 13:32,"Incline Bench Press",25,8,"",,,,Chest,"Upper Body",
2025-01-28 12:09,2025-01-28 13:32,"Incline Bench Press",35,8,"",,,,Chest,"Upper Body",
2025-01-28 12:09,2025-01-28 13:32,"Incline Bench Press",35,8,"",,,,Chest,"Upper Body",
2025-01-28 12:09,2025-01-28 13:32,"Incline Bench Press",35,8,"",,,,Chest,"Upper Body",
2025-01-28 12:09,2025-01-28 13:32,"Cable Flys",12.5,21,"7 upper, 7 lower, 7 full",,,,Chest,"Upper Body",
2025-01-28 12:09,2025-01-28 13:32,"Cable Flys",17.5,21,"",,,,Chest,"Upper Body",
2025-01-28 12:09,2025-01-28 13:32,"Cable Flys",21.5,21,"",,,,Chest,"Upper Body",
2025-01-28 12:09,2025-01-28 13:32,"Machine Lateral Raises",40,12,"Warm-Up",,,,Shoulders,"Upper Body",
2025-01-28 12:09,2025-01-28 13:32,"Machine Lateral Raises",65,12,"",,,,Shoulders,"Upper Body",
2025-01-28 12:09,2025-01-28 13:32,"Machine Lateral Raises",55,12,"",,,,Shoulders,"Upper Body",
2025-01-28 12:09,2025-01-28 13:32,"Machine Lateral Raises",60,12,"",,,,Shoulders,"Upper Body",
2025-01-28 12:09,2025-01-28 13:32,"Dumbbell Bicep Curl",20,15,"supinated",,,,Biceps,"Upper Body",
2025-01-28 12:09,2025-01-28 13:32,"Dumbbell Bicep Curl",20,15,"",,,,Biceps,"Upper Body",
2025-01-28 12:09,2025-01-28 13:32,"Dumbbell Bicep Curl",20,15,"",,,,Biceps,"Upper Body",
2025-01-28 12:09,2025-01-28 13:32,"Cable Face Pulls",45.5,15,"",,,,Shoulders,"Upper Body",
2025-01-28 12:09,2025-01-28 13:32,"Cable Face Pulls",57.5,15,"",,,,Shoulders,"Upper Body",
2025-01-28 12:09,2025-01-28 13:32,"Cable Face Pulls",60,15,"",,,,Shoulders,"Upper Body",
2025-01-23 18:48,2025-01-23 20:00,"Deadlift",45,5,"",,,,Back,"Lower Body",
2025-01-23 18:48,2025-01-23 20:00,"Deadlift",45,5,"",,,,Back,"Lower Body",
2025-01-23 18:48,2025-01-23 20:00,"Deadlift",55,5,"Warmup",,,,Back,"Lower Body",
2025-01-23 18:48,2025-01-23 20:00,"Deadlift",70,5,"",,,,Back,"Lower Body",
2025-01-23 18:48,2025-01-23 20:00,"Deadlift",70,5,"",,,,Back,"Lower Body",
2025-01-23 18:48,2025-01-23 20:00,"Barbell Squats",25,8,"",,,,Legs,"Lower Body",
2025-01-23 18:48,2025-01-23 20:00,"Barbell Squats",35,8,"",,,,Legs,"Lower Body",
2025-01-23 18:48,2025-01-23 20:00,"Barbell Squats",40,8,"Warmup",,,,Legs,"Lower Body",
2025-01-23 18:48,2025-01-23 20:00,"Barbell Squats",45,8,"",,,,Legs,"Lower Body",
2025-01-23 18:48,2025-01-23 20:00,"Barbell Squats",55,8,"",,,,Legs,"Lower Body",
2025-01-23 18:48,2025-01-23 20:00,"Barbell Squats",60,8,"",,,,Legs,"Lower Body",
2025-01-23 18:48,2025-01-23 20:00,"Unilateral Leg Extension",30,12,"",,,,Legs,"Lower Body",
2025-01-23 18:48,2025-01-23 20:00,"Unilateral Leg Extension",30,12,"",,,,Legs,"Lower Body",
2025-01-23 18:48,2025-01-23 20:00,"Unilateral Leg Extension",30,12,"",,,,Legs,"Lower Body",
2025-01-23 18:48,2025-01-23 20:00,"Leg Curls",55,20,"",,,,Legs,"Lower Body",
2025-01-23 18:48,2025-01-23 20:00,"Leg Curls",55,20,"",,,,Legs,"Lower Body",
2025-01-23 18:48,2025-01-23 20:00,"Leg Curls",55,20,"",,,,Legs,"Lower Body",
2025-01-23 18:48,2025-01-23 20:00,"Calf Raises",0,20,"",,,,Legs,"Lower Body",
2025-01-23 18:48,2025-01-23 20:00,"Calf Raises",0,20,"",,,,Legs,"Lower Body",
2025-01-23 18:48,2025-01-23 20:00,"Calf Raises",0,20,"",,,,Legs,"Lower Body",
2025-01-21 12:07,2025-01-21 13:33,"Bench Press",0,8,"",,,,Chest,"Upper Body",
2025-01-21 12:07,2025-01-21 13:33,"Bench Press",10,10,"",,,,Chest,"Upper Body",
2025-01-21 12:07,2025-01-21 13:33,"Bench Press",25,6,"",,,,Chest,"Upper Body",
2025-01-21 12:07,2025-01-21 13:33,"Bench Press",35,6,"",,,,Chest,"Upper Body",
2025-01-21 12:07,2025-01-21 13:33,"Bench Press",40,6,"",,,,Chest,"Upper Body",
2025-01-21 12:07,2025-01-21 13:33,"Bench Press",45,6,"",,,,Chest,"Upper Body",
2025-01-21 12:07,2025-01-21 13:33,"Bench Press",45,6,"Last Rep fail",,,,Chest,"Upper Body",
2025-01-21 12:07,2025-01-21 13:33,"Lat Pull-down ",85,10,"",,,,Back,"Upper Body",
2025-01-21 12:07,2025-01-21 13:33,"Lat Pull-down ",85,10,"",,,,Back,"Upper Body",
2025-01-21 12:07,2025-01-21 13:33,"Lat Pull-down ",100,10,"",,,,Back,"Upper Body",
2025-01-21 12:07,2025-01-21 13:33,"Lat Pull-down ",100,10,"",,,,Back,"Upper Body",
2025-01-21 12:07,2025-01-21 13:33,"Lat Pull-down ",120,10,"last 2 half rep",,,,Back,"Upper Body",
2025-01-21 12:07,2025-01-21 13:33,"Overhead barbell press",0,10,"",,,,Shoulders,"Upper Body",
2025-01-21 12:07,2025-01-21 13:33,"Overhead barbell press",0,10,"",,,,Shoulders,"Upper Body",
2025-01-21 12:07,2025-01-21 13:33,"Overhead barbell press",5,10,"",,,,Shoulders,"Upper Body",
2025-01-21 12:07,2025-01-21 13:33,"Overhead barbell press",5,10,"",,,,Shoulders,"Upper Body",
2025-01-21 12:07,2025-01-21 13:33,"Overhead barbell press",5,10,"",,,,Shoulders,"Upper Body",
2025-01-21 12:07,2025-01-21 13:33,"Close Grip Cable Row",70,12,"",,,,Back,"Upper Body",
2025-01-21 12:07,2025-01-21 13:33,"Close Grip Cable Row",85,12,"",,,,Back,"Upper Body",
2025-01-21 12:07,2025-01-21 13:33,"Close Grip Cable Row",100,12,"",,,,Back,"Upper Body",
2025-01-21 12:07,2025-01-21 13:33,"Close Grip Cable Row",100,12,"",,,,Back,"Upper Body",
2025-01-21 12:07,2025-01-21 13:33,"Incline Dumbbell Press",40,8,"",,,,Chest,"Upper Body",
2025-01-21 12:07,2025-01-21 13:33,"Incline Dumbbell Press",40,8,"",,,,Chest,"Upper Body",
2025-01-21 12:07,2025-01-21 13:33,"Incline Dumbbell Press",40,8,"last rep fail",,,,Chest,"Upper Body",
2025-01-21 12:07,2025-01-21 13:33,"Ecentric-Overload Dumbell Curl",25,8,"",,,,Biceps,"Upper Body",
2025-01-21 12:07,2025-01-21 13:33,"Ecentric-Overload Dumbell Curl",25,6,"",,,,Biceps,"Upper Body",
2025-01-21 12:07,2025-01-21 13:33,"Ecentric-Overload Dumbell Curl",25,6,"",,,,Biceps,"Upper Body",
2025-01-20 12:59,2025-01-20 14:32,"Barbell Squats",25,4,"",,,,Legs,"Lower Body",
2025-01-20 12:59,2025-01-20 14:32,"Barbell Squats",35,4,"",,,,Legs,"Lower Body",
2025-01-20 12:59,2025-01-20 14:32,"Barbell Squats",35,4,"warmup",,,,Legs,"Lower Body",
2025-01-20 12:59,2025-01-20 14:32,"Barbell Squats",45,4,"",,,,Legs,"Lower Body",
2025-01-20 12:59,2025-01-20 14:32,"Barbell Squats",70,4,"",,,,Legs,"Lower Body",
2025-01-20 12:59,2025-01-20 14:32,"Barbell Squats",65,4,"",,,,Legs,"Lower Body",
2025-01-20 12:59,2025-01-20 14:32,"Straight Leg Deadlifts",35,10,"",,,,Legs,"Lower Body",
2025-01-20 12:59,2025-01-20 14:32,"Straight Leg Deadlifts",35,10,"",,,,Legs,"Lower Body",
2025-01-20 12:59,2025-01-20 14:32,"Straight Leg Deadlifts",35,10,"",,,,Legs,"Lower Body",
2025-01-20 12:59,2025-01-20 14:32,"Straight Leg Deadlifts",45,10,"",,,,Legs,"Lower Body",
2025-01-20 12:59,2025-01-20 14:32,"Bulgarian Split Squats",22.5,15,"",,,,Legs,"Lower Body",
2025-01-20 12:59,2025-01-20 14:32,"Bulgarian Split Squats",22.5,15,"",,,,Legs,"Lower Body",
2025-01-20 12:59,2025-01-20 14:32,"Leg Curls",70,15,"",,,,Legs,"Lower Body",
2025-01-20 12:59,2025-01-20 14:32,"Leg Curls",70,15,"",,,,Legs,"Lower Body",
2025-01-20 12:59,2025-01-20 14:32,"Leg Curls",80,12,"",,,,Legs,"Lower Body",
2025-01-20 12:59,2025-01-20 14:32,"Cable Pull-Through",12.5,15,"",,,,Legs,"Lower Body",
2025-01-20 12:59,2025-01-20 14:32,"Cable Pull-Through",17.5,15,"",,,,Legs,"Lower Body",
2025-01-20 12:59,2025-01-20 14:32,"Cable Pull-Through",17.5,15,"",,,,Legs,"Lower Body",
2025-01-20 12:59,2025-01-20 14:32,"Calf Raises",0,6,"",,,,Legs,"Lower Body",
2025-01-20 12:59,2025-01-20 14:32,"Calf Raises",0,6,"",,,,Legs,"Lower Body",
2025-01-20 12:59,2025-01-20 14:32,"Calf Raises",0,6,"",,,,Legs,"Lower Body",
2025-01-20 12:59,2025-01-20 14:32,"Calf Raises",0,6,"",,,,Legs,"Lower Body",
2024-12-02 11:10,2024-12-02 12:12,"Bench Press",25,12,"",,,,Chest,"Upper Body",
2024-12-02 11:10,2024-12-02 12:12,"Bench Press",35,12,"",,,,Chest,"Upper Body",
2024-12-02 11:10,2024-12-02 12:12,"Bench Press",40,12,"",,,,Chest,"Upper Body",
2024-12-02 11:10,2024-12-02 12:12,"Bench Press",40,7,"",,,,Chest,"Upper Body",
2024-12-02 11:10,2024-12-02 12:12,"Lat Pull-down ",85,15,"",,,,Back,"Upper Body",
2024-12-02 11:10,2024-12-02 12:12,"Lat Pull-down ",100,15,"",,,,Back,"Upper Body",
2024-12-02 11:10,2024-12-02 12:12,"Lat Pull-down ",100,15,"",,,,Back,"Upper Body",
2024-12-02 11:10,2024-12-02 12:12,"Incline Dumbbell Press",45,15,"",,,,Chest,"Upper Body",
2024-12-02 11:10,2024-12-02 12:12,"Incline Dumbbell Press",45,15,"",,,,Chest,"Upper Body",
2024-12-02 11:10,2024-12-02 12:12,"Incline Dumbbell Press",45,12,"",,,,Chest,"Upper Body",
2024-12-02 11:10,2024-12-02 12:12,"Iso-Pushdown",20,12,"",,,,Triceps,"Upper Body",
2024-12-02 11:10,2024-12-02 12:12,"Iso-Pushdown",20,12,"",,,,Triceps,"Upper Body",
2024-12-02 11:10,2024-12-02 12:12,"Iso-Pushdown",20,12,"",,,,Triceps,"Upper Body",
2024-12-02 11:10,2024-12-02 12:12,"Barbell Bicep Curl",40,15,"",,,,Biceps,"Upper Body",
2024-12-02 11:10,2024-12-02 12:12,"Barbell Bicep Curl",40,15,"",,,,Biceps,"Upper Body",
2024-12-02 11:10,2024-12-02 12:12,"Barbell Bicep Curl",40,15,"",,,,Biceps,"Upper Body",
2024-12-02 11:10,2024-12-02 12:12,"Lateral Raises ",12.5,12,"",,,,Shoulders,"Upper Body",
2024-12-02 11:10,2024-12-02 12:12,"Lateral Raises ",12.5,15,"",,,,Shoulders,"Upper Body",
2024-12-02 11:10,2024-12-02 12:12,"Lateral Raises ",12.5,15,"",,,,Shoulders,"Upper Body",
2024-11-09 15:39,2024-11-09 16:35,"Close Grip Cable Row",100,15,"",,,,Back,"Back & Bicep",
2024-11-09 15:39,2024-11-09 16:35,"Close Grip Cable Row",120,12,"",,,,Back,"Back & Bicep",
2024-11-09 15:39,2024-11-09 16:35,"Close Grip Cable Row",120,12,"",,,,Back,"Back & Bicep",
2024-11-09 15:39,2024-11-09 16:35,"Single Arm Lat Pulldown",22.5,15,"",,,,Back,"Back & Bicep",
2024-11-09 15:39,2024-11-09 16:35,"Single Arm Lat Pulldown",27.5,15,"",,,,Back,"Back & Bicep",
2024-11-09 15:39,2024-11-09 16:35,"Single Arm Lat Pulldown",32.5,15,"",,,,Back,"Back & Bicep",
2024-11-09 15:39,2024-11-09 16:35,"Lat Pushdowns",35,15,"",,,,Back,"Back & Bicep",
2024-11-09 15:39,2024-11-09 16:35,"Lat Pushdowns",35,15,"",,,,Back,"Back & Bicep",
2024-11-09 15:39,2024-11-09 16:35,"Lat Pushdowns",42.5,12,"",,,,Back,"Back & Bicep",
2024-11-09 15:39,2024-11-09 16:35,"Unilateral Reverse Fly ",15,15,"",,,,Back,"Back & Bicep",
2024-11-09 15:39,2024-11-09 16:35,"Unilateral Reverse Fly ",15,15,"",,,,Back,"Back & Bicep",
2024-11-09 15:39,2024-11-09 16:35,"Unilateral Reverse Fly ",15,15,"",,,,Back,"Back & Bicep",
2024-11-09 15:39,2024-11-09 16:35,"Dumbbell Bicep Curl",17.5,12,"",,,,Biceps,"Back & Bicep",
2024-11-09 15:39,2024-11-09 16:35,"Dumbbell Bicep Curl",17.5,12,"",,,,Biceps,"Back & Bicep",
2024-11-09 15:39,2024-11-09 16:35,"Dumbbell Bicep Curl",17.5,12,"",,,,Biceps,"Back & Bicep",
2024-11-08 16:39,2024-11-08 17:43,"Barbell Squats",25,15,"",,,,Legs,"Leg + shoulders",
2024-11-08 16:39,2024-11-08 17:43,"Barbell Squats",35,12,"",,,,Legs,"Leg + shoulders",
2024-11-08 16:39,2024-11-08 17:43,"Barbell Squats",45,12,"",,,,Legs,"Leg + shoulders",
2024-11-08 16:39,2024-11-08 17:43,"Leg Curls",80,12,"",,,,Legs,"Leg + shoulders",
2024-11-08 16:39,2024-11-08 17:43,"Leg Curls",80,12,"",,,,Legs,"Leg + shoulders",
2024-11-08 16:39,2024-11-08 17:43,"Leg Curls",100,12,"",,,,Legs,"Leg + shoulders",
2024-11-08 16:39,2024-11-08 17:43,"Calf Raises",45,15,"",,,,Legs,"Leg + shoulders",
2024-11-08 16:39,2024-11-08 17:43,"Calf Raises",45,15,"",,,,Legs,"Leg + shoulders",
2024-11-08 16:39,2024-11-08 17:43,"Calf Raises",45,12,"",,,,Legs,"Leg + shoulders",
2024-11-08 16:39,2024-11-08 17:43,"ISO-Lateral Shoulder Press",45,15,"",,,,Shoulders,"Leg + shoulders",
2024-11-08 16:39,2024-11-08 17:43,"ISO-Lateral Shoulder Press",70,12,"",,,,Shoulders,"Leg + shoulders",
2024-11-08 16:39,2024-11-08 17:43,"ISO-Lateral Shoulder Press",70,12,"",,,,Shoulders,"Leg + shoulders",
2024-11-08 16:39,2024-11-08 17:43,"Cable Lateral Raises",12.5,15,"",,,,Shoulders,"Leg + shoulders",
2024-11-08 16:39,2024-11-08 17:43,"Cable Lateral Raises",12.5,15,"",,,,Shoulders,"Leg + shoulders",
2024-11-08 16:39,2024-11-08 17:43,"Cable Lateral Raises",12.5,15,"",,,,Shoulders,"Leg + shoulders",
2024-11-08 16:39,2024-11-08 17:43,"Iso Cable Rear Delt Fly",10,15,"",,,,Shoulders,"Leg + shoulders",
2024-11-08 16:39,2024-11-08 17:43,"Iso Cable Rear Delt Fly",15,15,"",,,,Shoulders,"Leg + shoulders",
2024-11-08 16:39,2024-11-08 17:43,"Iso Cable Rear Delt Fly",17.5,15,"",,,,Shoulders,"Leg + shoulders",
2024-11-06 21:42,2024-11-06 22:23,"smith machine inclined bench press",25,12,"",,,,Chest,"Chest Tricep",
2024-11-06 21:42,2024-11-06 22:23,"smith machine inclined bench press",35,12,"",,,,Chest,"Chest Tricep",
2024-11-06 21:42,2024-11-06 22:23,"smith machine inclined bench press",35,8,"",,,,Chest,"Chest Tricep",
2024-11-06 21:42,2024-11-06 22:23,"Dumbbell flies",35,15,"",,,,Chest,"Chest Tricep",
2024-11-06 21:42,2024-11-06 22:23,"Dumbbell flies",35,15,"",,,,Chest,"Chest Tricep",
2024-11-06 21:42,2024-11-06 22:23,"Dumbbell flies",40,12,"",,,,Chest,"Chest Tricep",
2024-11-06 21:42,2024-11-06 22:23,"Tricep pushdown",45,15,"",,,,Triceps,"Chest Tricep",
2024-11-06 21:42,2024-11-06 22:23,"Tricep pushdown",50,15,"",,,,Triceps,"Chest Tricep",
2024-11-06 21:42,2024-11-06 22:23,"Tricep pushdown",50,12,"",,,,Triceps,"Chest Tricep",
2024-11-06 21:42,2024-11-06 22:23,"Dumbbell Press",40,12,"",,,,Chest,"Chest Tricep",
2024-11-06 21:42,2024-11-06 22:23,"Dumbbell Press",30,10,"",,,,Chest,"Chest Tricep",
2024-11-06 21:42,2024-11-06 22:23,"Dumbbell Press",30,10,"",,,,Chest,"Chest Tricep",
2024-11-06 21:42,2024-11-06 22:23,"Dumbbell Skullcrushers",15,15,"",,,,Triceps,"Chest Tricep",
2024-11-06 21:42,2024-11-06 22:23,"Dumbbell Skullcrushers",15,15,"",,,,Triceps,"Chest Tricep",
2024-11-05 18:27,2024-11-05 19:24,"Cable Row",75,12,"",,,,Back,"Back Bicep",
2024-11-05 18:27,2024-11-05 19:24,"Cable Row",100,12,"",,,,Back,"Back Bicep",
2024-11-05 18:27,2024-11-05 19:24,"Cable Row",120,12,"",,,,Back,"Back Bicep",
2024-11-05 18:27,2024-11-05 19:24,"Machine Row",100,12,"iso",,,,Back,"Back Bicep",
2024-11-05 18:27,2024-11-05 19:24,"Machine Row",110,12,"",,,,Back,"Back Bicep",
2024-11-05 18:27,2024-11-05 19:24,"Machine Row",130,12,"",,,,Back,"Back Bicep",
2024-11-05 18:27,2024-11-05 19:24,"Lat Pushdowns",35,12,"",,,,Back,"Back Bicep",
2024-11-05 18:27,2024-11-05 19:24,"Lat Pushdowns",42.5,12,"",,,,Back,"Back Bicep",
2024-11-05 18:27,2024-11-05 19:24,"Lat Pushdowns",42.5,12,"",,,,Back,"Back Bicep",
2024-11-05 18:27,2024-11-05 19:24,"Barbell Row",35,12,"underhand grip",,,,Back,"Back Bicep",
2024-11-05 18:27,2024-11-05 19:24,"Barbell Row",35,12,"",,,,Back,"Back Bicep",
2024-11-05 18:27,2024-11-05 19:24,"Barbell Row",35,12,"",,,,Back,"Back Bicep",
2024-11-05 18:27,2024-11-05 19:24,"Machine Curls",85,12,"",,,,Biceps,"Back Bicep",
2024-11-05 18:27,2024-11-05 19:24,"Machine Curls",70,12,"",,,,Biceps,"Back Bicep",
2024-11-05 18:27,2024-11-05 19:24,"Machine Curls",70,10,"",,,,Biceps,"Back Bicep",
2024-11-05 18:27,2024-11-05 19:24,"Cable Curls",12.5,15,"Single arm hammer",,,,Biceps,"Back Bicep",
2024-11-05 18:27,2024-11-05 19:24,"Cable Curls",17.5,12,"",,,,Biceps,"Back Bicep",
2024-11-05 18:27,2024-11-05 19:24,"Cable Curls",17.5,12,"",,,,Biceps,"Back Bicep",
2024-10-29 11:46,,"Leg Curls",60,15,"",,,,Legs,"Legs",
2024-10-29 11:46,,"Leg Curls",60,15,"",,,,Legs,"Legs",
2024-10-29 11:46,,"Leg Curls",70,30,"",,,,Legs,"Legs",
2024-10-28 06:42,2024-10-28 07:42,"Incline Bench Press",25,12,"",,,,Chest,"Upper",
2024-10-28 06:42,2024-10-28 07:42,"Incline Bench Press",35,12,"",,,,Chest,"Upper",
2024-10-28 06:42,2024-10-28 07:42,"Incline Bench Press",35,8,"",,,,Chest,"Upper",
2024-10-28 06:42,2024-10-28 07:42,"Pec Deck",80,12,"",,,,Chest,"Upper",
2024-10-28 06:42,2024-10-28 07:42,"Pec Deck",90,12,"",,,,Chest,"Upper",
2024-10-28 06:42,2024-10-28 07:42,"Pec Deck",90,12,"",,,,Chest,"Upper",
2024-10-28 06:42,2024-10-28 07:42,"Close Grip Cable Row",85,12,"",,,,Back,"Upper",
2024-10-28 06:42,2024-10-28 07:42,"Close Grip Cable Row",100,12,"",,,,Back,"Upper",
2024-10-28 06:42,2024-10-28 07:42,"Close Grip Cable Row",120,12,"",,,,Back,"Upper",
2024-10-28 06:42,2024-10-28 07:42,"Iso-Pushdown",12.5,12,"",,,,Triceps,"Upper",
2024-10-28 06:42,2024-10-28 07:42,"Iso-Pushdown",17.5,12,"",,,,Triceps,"Upper",
2024-10-28 06:42,2024-10-28 07:42,"Iso-Pushdown",22.5,12,"",,,,Triceps,"Upper",
2024-10-28 06:42,2024-10-28 07:42,"Machine Lat Pull downs",100,12,"",,,,Back,"Upper",
2024-10-28 06:42,2024-10-28 07:42,"Machine Lat Pull downs",100,12,"",,,,Back,"Upper",
2024-10-28 06:42,2024-10-28 07:42,"Machine Lat Pull downs",100,12,"",,,,Back,"Upper",
2024-09-30 08:47,2024-09-30 09:33,"Walking",,,"",,,300,Cardio,"Full Body",
2024-09-30 08:47,2024-09-30 09:33,"Squat",35,12,"Sharp pain in Hamstrings ",,,,Legs,"Full Body",
2024-09-30 08:47,2024-09-30 09:33,"Barbell Row",35,15,"",,,,Back,"Full Body",
2024-09-30 08:47,2024-09-30 09:33,"Barbell Row",35,12,"",,,,Back,"Full Body",
2024-09-30 08:47,2024-09-30 09:33,"Barbell Row",35,15,"",,,,Back,"Full Body",
2024-09-30 08:47,2024-09-30 09:33,"Preacher Curls",10,15,"",,,,Biceps,"Full Body",
2024-09-30 08:47,2024-09-30 09:33,"Preacher Curls",15,12,"",,,,Biceps,"Full Body",
2024-09-30 08:47,2024-09-30 09:33,"Preacher Curls",15,12,"",,,,Biceps,"Full Body",
2024-09-30 08:47,2024-09-30 09:33,"Dumbbell Press",45,15,"",,,,Chest,"Full Body",
2024-09-30 08:47,2024-09-30 09:33,"Dumbbell Press",45,15,"",,,,Chest,"Full Body",
2024-09-30 08:47,2024-09-30 09:33,"Dumbbell Press",45,15,"",,,,Chest,"Full Body",
2024-08-12 16:53,2024-08-12 18:00,"smith machine inclined bench press",45,15,"",,,,Chest,"Chest Shoulder tri",
2024-08-12 16:53,2024-08-12 18:00,"smith machine inclined bench press",55,12,"",,,,Chest,"Chest Shoulder tri",
2024-08-12 16:53,2024-08-12 18:00,"smith machine inclined bench press",55,10,"subset of 45 count 5",,,,Chest,"Chest Shoulder tri",
2024-08-12 16:53,2024-08-12 18:00,"Cable Flys",22.5,15,"",,,,Chest,"Chest Shoulder tri",
2024-08-12 16:53,2024-08-12 18:00,"Cable Flys",27.5,15,"",,,,Chest,"Chest Shoulder tri",
2024-08-12 16:53,2024-08-12 18:00,"Cable Flys",27.5,15,"",,,,Chest,"Chest Shoulder tri",
2024-08-12 16:53,2024-08-12 18:00,"Cable Flys",32.5,10,"",,,,Chest,"Chest Shoulder tri",
2024-08-12 16:53,2024-08-12 18:00,"Bench Press",40,12,"",,,,Chest,"Chest Shoulder tri",
2024-08-12 16:53,2024-08-12 18:00,"Bench Press",45,12,"",,,,Chest,"Chest Shoulder tri",
2024-08-12 16:53,2024-08-12 18:00,"Bench Press",55,12,"last fail",,,,Chest,"Chest Shoulder tri",
2024-08-12 16:53,2024-08-12 18:00,"Skullcrusher",50,15,"",,,,Triceps,"Chest Shoulder tri",
2024-08-12 16:53,2024-08-12 18:00,"Skullcrusher",50,15,"",,,,Triceps,"Chest Shoulder tri",
2024-08-12 16:53,2024-08-12 18:00,"Skullcrusher",50,15,"",,,,Triceps,"Chest Shoulder tri",
2024-08-12 16:53,2024-08-12 18:00,"Skullcrusher",50,15,"",,,,Triceps,"Chest Shoulder tri",
2024-08-12 16:53,2024-08-12 18:00,"Iso-Pushdown",15,15,"",,,,Triceps,"Chest Shoulder tri",
2024-08-12 16:53,2024-08-12 18:00,"Iso-Pushdown",15,15,"",,,,Triceps,"Chest Shoulder tri",
2024-08-12 16:53,2024-08-12 18:00,"Iso-Pushdown",15,15,"",,,,Triceps,"Chest Shoulder tri",
2024-08-12 16:53,2024-08-12 18:00,"Cable Lateral Raises",10,15,"",,,,Shoulders,"Chest Shoulder tri",
2024-08-12 16:53,2024-08-12 18:00,"Cable Lateral Raises",15,15,"",,,,Shoulders,"Chest Shoulder tri",
2024-08-12 16:53,2024-08-12 18:00,"Cable Lateral Raises",15,15,"",,,,Shoulders,"Chest Shoulder tri",
2024-08-11 12:26,2024-08-11 13:37,"Leg Press",90,12,"",,,,Legs,"Leg Shoulders",
2024-08-11 12:26,2024-08-11 13:37,"Leg Press",135,12,"",,,,Legs,"Leg Shoulders",
2024-08-11 12:26,2024-08-11 13:37,"Leg Press",160,12,"",,,,Legs,"Leg Shoulders",
2024-08-11 12:26,2024-08-11 13:37,"Leg Press",160,12,"",,,,Legs,"Leg Shoulders",
2024-08-11 12:26,2024-08-11 13:37,"Leg Press",180,8,"",,,,Legs,"Leg Shoulders",
2024-08-11 12:26,2024-08-11 13:37,"Leg Curls",115,15,"",,,,Legs,"Leg Shoulders",
2024-08-11 12:26,2024-08-11 13:37,"Leg Curls",115,15,"",,,,Legs,"Leg Shoulders",
2024-08-11 12:26,2024-08-11 13:37,"Leg Curls",115,15,"",,,,Legs,"Leg Shoulders",
2024-08-11 12:26,2024-08-11 13:37,"Calf Raises",45,15,"",,,,Legs,"Leg Shoulders",
2024-08-11 12:26,2024-08-11 13:37,"Calf Raises",45,15,"",,,,Legs,"Leg Shoulders",
2024-08-11 12:26,2024-08-11 13:37,"Calf Raises",45,15,"",,,,Legs,"Leg Shoulders",
2024-08-11 12:26,2024-08-11 13:37,"Shoulder Dumbbell Press",50,15,"",,,,Shoulders,"Leg Shoulders",
2024-08-11 12:26,2024-08-11 13:37,"Shoulder Dumbbell Press",50,15,"",,,,Shoulders,"Leg Shoulders",
2024-08-11 12:26,2024-08-11 13:37,"Shoulder Dumbbell Press",50,15,"",,,,Shoulders,"Leg Shoulders",
2024-08-11 12:26,2024-08-11 13:37,"Cable Lateral Raises",7.5,15,"",,,,Shoulders,"Leg Shoulders",
2024-08-11 12:26,2024-08-11 13:37,"Cable Lateral Raises",12.5,15,"",,,,Shoulders,"Leg Shoulders",
2024-08-11 12:26,2024-08-11 13:37,"Cable Lateral Raises",17.5,12,"",,,,Shoulders,"Leg Shoulders",
2024-08-11 12:26,2024-08-11 13:37,"Cable Face Pulls",42.5,12,"",,,,Shoulders,"Leg Shoulders",
2024-08-11 12:26,2024-08-11 13:37,"Cable Face Pulls",52.5,12,"",,,,Shoulders,"Leg Shoulders",
2024-08-11 12:26,2024-08-11 13:37,"Cable Face Pulls",57.5,12,"",,,,Shoulders,"Leg Shoulders",
2024-08-04 11:26,2024-08-04 12:30,"Dumbbell Press",55,15,"",,,,Chest,"",
2024-08-04 11:26,2024-08-04 12:30,"Dumbbell Press",55,15,"",,,,Chest,"",
2024-08-04 11:26,2024-08-04 12:30,"Dumbbell Press",65,10,"",,,,Chest,"",
2024-08-04 11:26,2024-08-04 12:30,"Cable Flys",17.5,15,"",,,,Chest,"",
2024-08-04 11:26,2024-08-04 12:30,"Cable Flys",22.5,15,"",,,,Chest,"",
2024-08-04 11:26,2024-08-04 12:30,"Cable Flys",27.5,15,"",,,,Chest,"",
2024-08-04 11:26,2024-08-04 12:30,"Low to High Cable Fly ",12.5,15,"",,,,Chest,"",
2024-08-04 11:26,2024-08-04 12:30,"Low to High Cable Fly ",15.5,15,"",,,,Chest,"",
2024-08-04 11:26,2024-08-04 12:30,"Low to High Cable Fly ",17.5,15,"",,,,Chest,"",
2024-08-04 11:26,2024-08-04 12:30,"Mustache Bar Pushdown",42.5,15,"",,,,Triceps,"",
2024-08-04 11:26,2024-08-04 12:30,"Mustache Bar Pushdown",47.5,15,"",,,,Triceps,"",
2024-08-04 11:26,2024-08-04 12:30,"Mustache Bar Pushdown",57.5,12,"",,,,Triceps,"",
2024-08-04 11:26,2024-08-04 12:30,"Tricep Press",115,15,"",,,,Triceps,"",
2024-08-04 11:26,2024-08-04 12:30,"Tricep Press",130,15,"",,,,Triceps,"",
2024-08-04 11:26,2024-08-04 12:30,"Tricep Press",160,10,"",,,,Triceps,"",
2024-08-03 09:52,,"smith machine inclined bench press",45,12,"",,,,Chest,"",
2024-08-03 09:52,,"smith machine inclined bench press",45,12,"",,,,Chest,"",
2024-08-03 09:52,,"smith machine inclined bench press",45,12,"",,,,Chest,"",
2024-08-03 09:52,,"smith machine inclined bench press",52.5,10,"",,,,Chest,"",
2024-08-03 09:52,,"Concentration Curl",25,12,"",,,,Biceps,"",
2024-08-03 09:52,,"Concentration Curl",25,12,"",,,,Biceps,"",
2024-08-03 09:52,,"Concentration Curl",25,12,"",,,,Biceps,"",
2024-08-03 09:52,,"Concentration Curl",25,12,"",,,,Biceps,"",
2024-08-03 09:52,,"Hammer Curl",20,15,"",,,,Biceps,"",
2024-08-03 09:52,,"Hammer Curl",20,15,"",,,,Biceps,"",
2024-08-03 09:52,,"Hammer Curl",20,15,"",,,,Biceps,"",
2024-08-03 09:52,,"Lat Pushdowns",42.5,15,"",,,,Back,"",
2024-08-03 09:52,,"Lat Pushdowns",42.5,15,"",,,,Back,"",
2024-08-03 09:52,,"Lat Pushdowns",47.5,12,"",,,,Back,"",
2024-08-03 09:52,,"Lat Pushdowns",47.5,12,"",,,,Back,"",
2024-08-03 09:52,,"Iso-Lateral Raises",20,15,"",,,,Shoulders,"",
2024-08-03 09:52,,"Iso-Lateral Raises",20,15,"",,,,Shoulders,"",
2024-08-03 09:52,,"Iso-Lateral Raises",20,15,"",,,,Shoulders,"",
2024-08-03 09:52,,"Iso-Lateral Raises",20,15,"",,,,Shoulders,"",
2024-08-03 09:52,,"Deadlift",45,12,"",,,,Back,"",
2024-08-03 09:52,,"Deadlift",70,10,"",,,,Back,"",
2024-08-03 09:52,,"Deadlift",70,10,"",,,,Back,"",
2024-08-03 09:52,,"Rope Pushdowns",32.5,15,"",,,,Triceps,"",
2024-08-03 09:52,,"Rope Pushdowns",32.5,15,"",,,,Triceps,"",
2024-08-03 09:52,,"Rope Pushdowns",37.5,12,"",,,,Triceps,"",
2024-08-03 09:52,,"Rope Pushdowns",37.5,12,"",,,,Triceps,"",
2024-08-03 09:52,,"Cable Face Pulls",52.5,12,"",,,,Shoulders,"",
2024-08-03 09:52,,"Cable Face Pulls",52.5,12,"",,,,Shoulders,"",
2024-08-03 09:52,,"Cable Face Pulls",57.5,12,"",,,,Shoulders,"",
2024-08-03 09:52,,"Cable Face Pulls",72.5,10,"",,,,Shoulders,"",
2024-08-03 09:52,,"Cycling",,,"",,,,Cardio,"",
2024-07-31 14:46,,"Incline Dumbbell Press",50,12,"",,,,Chest,"",
2024-07-31 14:46,,"Incline Dumbbell Press",50,12,"",,,,Chest,"",
2024-07-31 14:46,,"Incline Dumbbell Press",55,12,"",,,,Chest,"",
2024-07-31 14:46,,"Incline Dumbbell Press",60,12,"last fail",,,,Chest,"",
2024-07-31 14:46,,"Hammer Curl",25,15,"",,,,Biceps,"",
2024-07-31 14:46,,"Hammer Curl",25,15,"",,,,Biceps,"",
2024-07-31 14:46,,"Hammer Curl",25,15,"",,,,Biceps,"",
2024-07-31 14:46,,"Hammer Curl",25,15,"",,,,Biceps,"",
2024-07-31 14:46,,"Skullcrusher",50,15,"",,,,Triceps,"",
2024-07-31 14:46,,"Skullcrusher",50,15,"",,,,Triceps,"",
2024-07-31 14:46,,"Skullcrusher",50,15,"",,,,Triceps,"",
2024-07-31 14:46,,"Skullcrusher",50,15,"",,,,Triceps,"",
2024-07-31 14:46,,"Machine Lat Pull downs",100,15,"",,,,Back,"",
2024-07-31 14:46,,"Machine Lat Pull downs",100,15,"",,,,Back,"",
2024-07-31 14:46,,"Machine Lat Pull downs",100,15,"last fail",,,,Back,"",
2024-07-31 14:46,,"Machine Lat Pull downs",105,12,"",,,,Back,"",
2024-07-31 14:46,,"Dumbbell Lateral Raises",20,15,"",,,,Shoulders,"",
2024-07-31 14:46,,"Dumbbell Lateral Raises",20,15,"",,,,Shoulders,"",
2024-07-31 14:46,,"Dumbbell Lateral Raises",20,15,"",,,,Shoulders,"",
2024-07-31 14:46,,"Dumbbell Lateral Raises",,,"",,,,Shoulders,"",
2024-07-29 16:32,,"Bench Press",40,12,"",,,,Chest,"",
2024-07-29 16:32,,"Bench Press",40,12,"",,,,Chest,"",
2024-07-29 16:32,,"Bench Press",40,12,"",,,,Chest,"",
2024-07-29 16:32,,"Bench Press",45,8,"",,,,Chest,"",
2024-07-29 16:32,,"Cable Row",100,12,"Narrow Grip",,,,Back,"",
2024-07-29 16:32,,"Cable Row",120,12,"",,,,Back,"",
2024-07-29 16:32,,"Cable Row",140,12,"",,,,Back,"",
2024-07-29 16:32,,"ISO-Lateral Shoulder Press",45,12,"",,,,Shoulders,"",
2024-07-29 16:32,,"ISO-Lateral Shoulder Press",70,12,"",,,,Shoulders,"",
2024-07-29 16:32,,"ISO-Lateral Shoulder Press",80,10,"",,,,Shoulders,"",
2024-07-29 16:32,,"Leg Extensions",100,12,"",,,,Legs,"",
2024-07-29 16:32,,"Leg Extensions",115,12,"",,,,Legs,"",
2024-07-29 16:32,,"Leg Extensions",115,12,"",,,,Legs,"",
2024-07-29 16:32,,"Leg Extensions",130,12,"",,,,Legs,"",
2024-07-29 16:32,,"Mustache Bar Pushdown",42.5,12,"",,,,Triceps,"",
2024-07-29 16:32,,"Mustache Bar Pushdown",50,12,"",,,,Triceps,"",
2024-07-29 16:32,,"Mustache Bar Pushdown",57.5,12,"",,,,Triceps,"",
2024-07-28 09:09,,"Leg Press",45,12,"",,,,Legs,"",
2024-07-28 09:09,,"Leg Press",135,12,"",,,,Legs,"",
2024-07-28 09:09,,"Leg Press",160,12,"",,,,Legs,"",
2024-07-28 09:09,,"Leg Press",160,12,"",,,,Legs,"",
2024-07-28 09:09,,"Incline Dumbbell Press",45,12,"",,,,Chest,"",
2024-07-28 09:09,,"Incline Dumbbell Press",50,12,"",,,,Chest,"",
2024-07-28 09:09,,"Incline Dumbbell Press",50,12,"",,,,Chest,"",
2024-07-28 09:09,,"Incline Dumbbell Press",55,12,"",,,,Chest,"",
2024-07-28 09:09,,"Lat Pushdowns",30,12,"Wide bar",,,,Back,"",
2024-07-28 09:09,,"Lat Pushdowns",35,12,"",,,,Back,"",
2024-07-28 09:09,,"Lat Pushdowns",45.5,12,"",,,,Back,"",
2024-07-28 09:09,,"Lat Pushdowns",50,12,"",,,,Back,"",
2024-07-28 09:09,,"Rope Cable Curls",27.5,12,"",,,,Biceps,"",
2024-07-28 09:09,,"Rope Cable Curls",30,12,"",,,,Biceps,"",
2024-07-28 09:09,,"Rope Cable Curls",35,12,"",,,,Biceps,"",
2024-07-28 09:09,,"Rope Cable Curls",42.5,12,"",,,,Biceps,"",
2024-07-28 09:09,,"Mustache Bar Pushdown",30,15,"",,,,Triceps,"",
2024-07-28 09:09,,"Mustache Bar Pushdown",42.5,15,"",,,,Triceps,"",
2024-07-28 09:09,,"Mustache Bar Pushdown",45.5,15,"",,,,Triceps,"",
2024-07-28 09:09,,"Mustache Bar Pushdown",50,15,"",,,,Triceps,"",
2024-07-28 09:09,,"Iso Cable Rear Delt Fly",12.5,15,"",,,,Shoulders,"",
2024-07-28 09:09,,"Iso Cable Rear Delt Fly",12.5,15,"",,,,Shoulders,"",
2024-07-28 09:09,,"Iso Cable Rear Delt Fly",12.5,15,"",,,,Shoulders,"",
2024-07-28 09:09,,"Iso Cable Rear Delt Fly",17.5,12,"",,,,Shoulders,"",
2024-07-28 09:09,,"Lateral Raises ",22.5,15,"",,,,Shoulders,"",
2024-07-28 09:09,,"Lateral Raises ",22.5,15,"",,,,Shoulders,"",
2024-07-28 09:09,,"Lateral Raises ",22.5,15,"",,,,Shoulders,"",
2024-07-28 09:09,,"Cycling",,,"",,,1800,Cardio,"",
2024-07-25 14:46,2024-07-25 15:41,"Decline Barbell Press",40,12,"",,,,Chest,"",
2024-07-25 14:46,2024-07-25 15:41,"Decline Barbell Press",40,12,"",,,,Chest,"",
2024-07-25 14:46,2024-07-25 15:41,"Decline Barbell Press",45,12,"",,,,Chest,"",
2024-07-25 14:46,2024-07-25 15:41,"Machine Lateral Raises",70,12,"",,,,Shoulders,"",
2024-07-25 14:46,2024-07-25 15:41,"Machine Lateral Raises",70,12,"",,,,Shoulders,"",
2024-07-25 14:46,2024-07-25 15:41,"Machine Lateral Raises",70,10,"",,,,Shoulders,"",
2024-07-25 14:46,2024-07-25 15:41,"Iso-Pushdown",12.5,15,"",,,,Triceps,"",
2024-07-25 14:46,2024-07-25 15:41,"Iso-Pushdown",17.5,15,"",,,,Triceps,"",
2024-07-25 14:46,2024-07-25 15:41,"Iso-Pushdown",22.5,12,"",,,,Triceps,"",
2024-07-25 14:46,2024-07-25 15:41,"Lat Pull-down ",100,12,"",,,,Back,"",
2024-07-25 14:46,2024-07-25 15:41,"Lat Pull-down ",120,12,"",,,,Back,"",
2024-07-25 14:46,2024-07-25 15:41,"Lat Pull-down ",120,12,"",,,,Back,"",
2024-07-25 14:46,2024-07-25 15:41,"Barbell Bicep Curl",60,12,"",,,,Biceps,"",
2024-07-25 14:46,2024-07-25 15:41,"Barbell Bicep Curl",60,12,"",,,,Biceps,"",
2024-07-25 14:46,2024-07-25 15:41,"Barbell Bicep Curl",60,12,"",,,,Biceps,"",
2024-07-24 15:47,2024-07-24 16:54,"Dumbbell Press",45,15,"",,,,Chest,"",
2024-07-24 15:47,2024-07-24 16:54,"Dumbbell Press",50,15,"",,,,Chest,"",
2024-07-24 15:47,2024-07-24 16:54,"Dumbbell Press",55,12,"",,,,Chest,"",
2024-07-24 15:47,2024-07-24 16:54,"Machine Row",130,12,"",,,,Back,"",
2024-07-24 15:47,2024-07-24 16:54,"Machine Row",145,15,"",,,,Back,"",
2024-07-24 15:47,2024-07-24 16:54,"Machine Row",155,12,"",,,,Back,"",
2024-07-24 15:47,2024-07-24 16:54,"ISO-Lateral Shoulder Press",45,12,"",,,,Shoulders,"",
2024-07-24 15:47,2024-07-24 16:54,"ISO-Lateral Shoulder Press",55,12,"",,,,Shoulders,"",
2024-07-24 15:47,2024-07-24 16:54,"ISO-Lateral Shoulder Press",60,12,"",,,,Shoulders,"",
2024-07-24 15:47,2024-07-24 16:54,"Single Arm Preacher Curls",20,15,"",,,,Biceps,"",
2024-07-24 15:47,2024-07-24 16:54,"Single Arm Preacher Curls",20,15,"",,,,Biceps,"",
2024-07-24 15:47,2024-07-24 16:54,"Single Arm Preacher Curls",25,13,"",,,,Biceps,"",
2024-07-24 15:47,2024-07-24 16:54,"Dips",0,12,"",,,,Triceps,"",
2024-07-24 15:47,2024-07-24 16:54,"Dips",0,12,"",,,,Triceps,"",
2024-07-24 15:47,2024-07-24 16:54,"Dips",0,12,"",,,,Triceps,"",
2024-07-24 15:47,2024-07-24 16:54,"Lat Pushdowns",30,12,"rope",,,,Back,"",
2024-07-24 15:47,2024-07-24 16:54,"Lat Pushdowns",30,12,"",,,,Back,"",
2024-07-24 15:47,2024-07-24 16:54,"Lat Pushdowns",30,12,"",,,,Back,"",
2024-07-22 09:22,2024-07-22 10:15,"Decline Barbell Press",25,12,"",,,,Chest,"",
2024-07-22 09:22,2024-07-22 10:15,"Decline Barbell Press",35,12,"",,,,Chest,"",
2024-07-22 09:22,2024-07-22 10:15,"Decline Barbell Press",40,12,"",,,,Chest,"",
2024-07-22 09:22,2024-07-22 10:15,"Iso-Pushdown",15,15,"",,,,Triceps,"",
2024-07-22 09:22,2024-07-22 10:15,"Iso-Pushdown",20,15,"",,,,Triceps,"",
2024-07-22 09:22,2024-07-22 10:15,"Iso-Pushdown",20,15,"",,,,Triceps,"",
2024-07-22 09:22,2024-07-22 10:15,"Lat Pull-down ",100,12,"",,,,Back,"",
2024-07-22 09:22,2024-07-22 10:15,"Lat Pull-down ",120,12,"",,,,Back,"",
2024-07-22 09:22,2024-07-22 10:15,"Lat Pull-down ",120,,"",,,,Back,"",
2024-07-22 09:22,2024-07-22 10:15,"Leg Press",160,12,"",,,,Legs,"",
2024-07-22 09:22,2024-07-22 10:15,"Leg Press",200,12,"",,,,Legs,"",
2024-07-22 09:22,2024-07-22 10:15,"Leg Press",220,12,"",,,,Legs,"",
2024-07-22 09:22,2024-07-22 10:15,"Cable Face Pulls",50,12,"",,,,Shoulders,"",
2024-07-22 09:22,2024-07-22 10:15,"Cable Face Pulls",57.5,12,"",,,,Shoulders,"",
2024-07-22 09:22,2024-07-22 10:15,"Cable Face Pulls",72.5,12,"",,,,Shoulders,"",
2024-07-22 09:22,2024-07-22 10:15,"Machine Curls",85,12,"",,,,Biceps,"",
2024-07-22 09:22,2024-07-22 10:15,"Machine Curls",85,12,"",,,,Biceps,"",
2024-07-22 09:22,2024-07-22 10:15,"Machine Curls",100,12,"",,,,Biceps,"",
2024-07-21 12:32,2024-07-21 13:45,"Shoulder Dumbbell Press",45,12,"",,,,Shoulders,"",
2024-07-21 12:32,2024-07-21 13:45,"Shoulder Dumbbell Press",45,12,"",,,,Shoulders,"",
2024-07-21 12:32,2024-07-21 13:45,"Shoulder Dumbbell Press",45,8,"",,,,Shoulders,"",
2024-07-21 12:32,2024-07-21 13:45,"Rope Cable Curls",27.5,12,"",,,,Biceps,"",
2024-07-21 12:32,2024-07-21 13:45,"Rope Cable Curls",32.5,12,"",,,,Biceps,"",
2024-07-21 12:32,2024-07-21 13:45,"Rope Cable Curls",37.5,12,"",,,,Biceps,"",
2024-07-21 12:32,2024-07-21 13:45,"Cable Row",90,12,"wide grip",,,,Back,"",
2024-07-21 12:32,2024-07-21 13:45,"Cable Row",120,12,"",,,,Back,"",
2024-07-21 12:32,2024-07-21 13:45,"Cable Row",140,12,"",,,,Back,"",
2024-07-21 12:32,2024-07-21 13:45,"Pec Deck",90,12,"",,,,Chest,"",
2024-07-21 12:32,2024-07-21 13:45,"Pec Deck",100,12,"",,,,Chest,"",
2024-07-21 12:32,2024-07-21 13:45,"Pec Deck",105,12,"",,,,Chest,"",
2024-07-21 12:32,2024-07-21 13:45,"Skullcrusher",50,12,"",,,,Triceps,"",
2024-07-21 12:32,2024-07-21 13:45,"Skullcrusher",50,12,"",,,,Triceps,"",
2024-07-21 12:32,2024-07-21 13:45,"Skullcrusher",50,12,"",,,,Triceps,"",
2024-07-21 12:32,2024-07-21 13:45,"Cycling",,,"",,8.3,1800,Cardio,"",
2024-07-20 09:19,2024-07-20 10:40,"smith machine inclined bench press",35,12,"",,,,Chest,"Full body",
2024-07-20 09:19,2024-07-20 10:40,"smith machine inclined bench press",40,12,"",,,,Chest,"Full body",
2024-07-20 09:19,2024-07-20 10:40,"smith machine inclined bench press",45,12,"Last rep failed",,,,Chest,"Full body",
2024-07-20 09:19,2024-07-20 10:40,"Machine Row",120,12,"",,,,Back,"Full body",
2024-07-20 09:19,2024-07-20 10:40,"Machine Row",130,12,"",,,,Back,"Full body",
2024-07-20 09:19,2024-07-20 10:40,"Machine Row",140,12,"",,,,Back,"Full body",
2024-07-20 09:19,2024-07-20 10:40,"Cable Lateral Raises",12.5,12,"",,,,Shoulders,"Full body",
2024-07-20 09:19,2024-07-20 10:40,"Cable Lateral Raises",12.5,12,"",,,,Shoulders,"Full body",
2024-07-20 09:19,2024-07-20 10:40,"Cable Lateral Raises",17.5,12,"",,,,Shoulders,"Full body",
2024-07-20 09:19,2024-07-20 10:40,"Rope Pushdowns",17.5,12,"",,,,Triceps,"Full body",
2024-07-20 09:19,2024-07-20 10:40,"Rope Pushdowns",22.5,12,"",,,,Triceps,"Full body",
2024-07-20 09:19,2024-07-20 10:40,"Rope Pushdowns",32.5,12,"",,,,Triceps,"Full body",
2024-07-20 09:19,2024-07-20 10:40,"Hammer Curl",20,15,"",,,,Biceps,"Full body",
2024-07-20 09:19,2024-07-20 10:40,"Hammer Curl",20,15,"",,,,Biceps,"Full body",
2024-07-20 09:19,2024-07-20 10:40,"Hammer Curl",20,15,"",,,,Biceps,"Full body",
2024-07-20 09:19,2024-07-20 10:40,"Cycling",,,"",,8,1800,Cardio,"Full body",
2024-07-10 03:02,2024-07-10 04:23,"Bench Press",25,12,"",,,,Chest,"Upper body",
2024-07-10 03:02,2024-07-10 04:23,"Bench Press",35,12,"",,,,Chest,"Upper body",
2024-07-10 03:02,2024-07-10 04:23,"Bench Press",35,12,"",,,,Chest,"Upper body",
2024-07-10 03:02,2024-07-10 04:23,"Bench Press",40,6,"",,,,Chest,"Upper body",
2024-07-10 03:02,2024-07-10 04:23,"Cable Row",90,15,"wide grip",,,,Back,"Upper body",
2024-07-10 03:02,2024-07-10 04:23,"Cable Row",90,15,"",,,,Back,"Upper body",
2024-07-10 03:02,2024-07-10 04:23,"Cable Row",100,15,"",,,,Back,"Upper body",
2024-07-10 03:02,2024-07-10 04:23,"Shoulder Dumbbell Press",45,15,"",,,,Shoulders,"Upper body",
2024-07-10 03:02,2024-07-10 04:23,"Shoulder Dumbbell Press",45,15,"",,,,Shoulders,"Upper body",
2024-07-10 03:02,2024-07-10 04:23,"Cycling",,,"",,8,1800,Cardio,"Upper body",
2024-06-20 16:27,2024-06-20 17:30,"Barbell Row",45,15,"",,,,Back,"Back Bicep",
2024-06-20 16:27,2024-06-20 17:30,"Barbell Row",45,15,"",,,,Back,"Back Bicep",
2024-06-20 16:27,2024-06-20 17:30,"Barbell Row",45,15,"",,,,Back,"Back Bicep",
2024-06-20 16:27,2024-06-20 17:30,"Barbell Row",55,8,"",,,,Back,"Back Bicep",
2024-06-20 16:27,2024-06-20 17:30,"Machine rear deltoid",85,15,"",,,,Back,"Back Bicep",
2024-06-20 16:27,2024-06-20 17:30,"Machine rear deltoid",55,15,"",,,,Back,"Back Bicep",
2024-06-20 16:27,2024-06-20 17:30,"Machine rear deltoid",55,12,"",,,,Back,"Back Bicep",
2024-06-20 16:27,2024-06-20 17:30,"Machine rear deltoid",55,12,"",,,,Back,"Back Bicep",
2024-06-20 16:27,2024-06-20 17:30,"Machine Lat Pull downs",100,15,"",,,,Back,"Back Bicep",
2024-06-20 16:27,2024-06-20 17:30,"Machine Lat Pull downs",100,15,"",,,,Back,"Back Bicep",
2024-06-20 16:27,2024-06-20 17:30,"Machine Lat Pull downs",100,12,"",,,,Back,"Back Bicep",
2024-06-20 16:27,2024-06-20 17:30,"Machine Row",110,15,"",,,,Back,"Back Bicep",
2024-06-20 16:27,2024-06-20 17:30,"Machine Row",110,15,"",,,,Back,"Back Bicep",
2024-06-20 16:27,2024-06-20 17:30,"Machine Row",130,12,"",,,,Back,"Back Bicep",
2024-06-20 16:27,2024-06-20 17:30,"Lat Pushdowns",35,15,"",,,,Back,"Back Bicep",
2024-06-20 16:27,2024-06-20 17:30,"Lat Pushdowns",42.5,12,"",,,,Back,"Back Bicep",
2024-06-20 16:27,2024-06-20 17:30,"Lat Pushdowns",42.5,10,"",,,,Back,"Back Bicep",
2024-06-19 06:47,2024-06-19 08:09,"Bench Press",45,12,"",,,,Chest,"Chest ",
2024-06-19 06:47,2024-06-19 08:09,"Bench Press",45,12,"",,,,Chest,"Chest ",
2024-06-19 06:47,2024-06-19 08:09,"Bench Press",45,6,"Failed",,,,Chest,"Chest ",
2024-06-19 06:47,2024-06-19 08:09,"Incline Bench Press",50,15,"",,,,Chest,"Chest ",
2024-06-19 06:47,2024-06-19 08:09,"Incline Bench Press",50,12,"",,,,Chest,"Chest ",
2024-06-19 06:47,2024-06-19 08:09,"Incline Bench Press",50,15,"",,,,Chest,"Chest ",
2024-06-19 06:47,2024-06-19 08:09,"Dumbbell flies",30,15,"",,,,Chest,"Chest ",
2024-06-19 06:47,2024-06-19 08:09,"Dumbbell flies",30,15,"",,,,Chest,"Chest ",
2024-06-19 06:47,2024-06-19 08:09,"Dumbbell flies",35,15,"",,,,Chest,"Chest ",
2024-06-19 06:47,2024-06-19 08:09,"Rope Pushdowns",20,15,"",,,,Triceps,"Chest ",
2024-06-19 06:47,2024-06-19 08:09,"Rope Pushdowns",25,15,"",,,,Triceps,"Chest ",
2024-06-19 06:47,2024-06-19 08:09,"Rope Pushdowns",30,15,"+ effort",,,,Triceps,"Chest ",
2024-06-19 06:47,2024-06-19 08:09,"Iso-Pushdown",10,15,"",,,,Triceps,"Chest ",
2024-06-19 06:47,2024-06-19 08:09,"Iso-Pushdown",10,15,"",,,,Triceps,"Chest ",
2024-06-19 06:47,2024-06-19 08:09,"Iso-Pushdown",15,15,"",,,,Triceps,"Chest ",
2024-06-19 06:47,2024-06-19 08:09,"Skullcrusher",50,15,"",,,,Triceps,"Chest ",
2024-06-19 06:47,2024-06-19 08:09,"Skullcrusher",50,15,"",,,,Triceps,"Chest ",
2024-06-19 06:47,2024-06-19 08:09,"Skullcrusher",50,12,"",,,,Triceps,"Chest ",
2024-06-19 06:47,2024-06-19 08:09,"Lower Chest Crossovers",17.5,15,"",,,,Chest,"Chest ",
2024-06-19 06:47,2024-06-19 08:09,"Lower Chest Crossovers",22.5,15,"",,,,Chest,"Chest ",
2024-06-19 06:47,2024-06-19 08:09,"Lower Chest Crossovers",22.5,15,"",,,,Chest,"Chest ",
2024-06-12 16:13,2024-06-12 17:40,"Machine Lat Pull downs",100,12,"",,,,Back,"Back Bicep",
2024-06-12 16:13,2024-06-12 17:40,"Machine Lat Pull downs",100,12,"",,,,Back,"Back Bicep",
2024-06-12 16:13,2024-06-12 17:40,"Machine Lat Pull downs",130,12,"",,,,Back,"Back Bicep",
2024-06-12 16:13,2024-06-12 17:40,"Machine Row",100,15,"single arm",,,,Back,"Back Bicep",
2024-06-12 16:13,2024-06-12 17:40,"Machine Row",120,15,"single arm",,,,Back,"Back Bicep",
2024-06-12 16:13,2024-06-12 17:40,"Machine Row",130,15,"",,,,Back,"Back Bicep",
2024-06-12 16:13,2024-06-12 17:40,"Lat Pushdowns",42.5,15,"",,,,Back,"Back Bicep",
2024-06-12 16:13,2024-06-12 17:40,"Lat Pushdowns",42.5,15,"",,,,Back,"Back Bicep",
2024-06-12 16:13,2024-06-12 17:40,"Lat Pushdowns",42.5,15,"",,,,Back,"Back Bicep",
2024-06-12 16:13,2024-06-12 17:40,"Close Grip Cable Row",85,15,"",,,,Back,"Back Bicep",
2024-06-12 16:13,2024-06-12 17:40,"Close Grip Cable Row",100,15,"",,,,Back,"Back Bicep",
2024-06-12 16:13,2024-06-12 17:40,"Close Grip Cable Row",120,12,"",,,,Back,"Back Bicep",
2024-06-12 16:13,2024-06-12 17:40,"Hammer Curl",20,15,"",,,,Biceps,"Back Bicep",
2024-06-12 16:13,2024-06-12 17:40,"Hammer Curl",20,15,"",,,,Biceps,"Back Bicep",
2024-06-12 16:13,2024-06-12 17:40,"Hammer Curl",20,15,"",,,,Biceps,"Back Bicep",
2024-06-12 16:13,2024-06-12 17:40,"Hammer Curl",20,15,"",,,,Biceps,"Back Bicep",
2024-06-12 16:13,2024-06-12 17:40,"Machine Curls",85,12,"",,,,Biceps,"Back Bicep",
2024-06-12 16:13,2024-06-12 17:40,"Machine Curls",85,12,"",,,,Biceps,"Back Bicep",
2024-06-12 16:13,2024-06-12 17:40,"Machine Curls",85,12,"",,,,Biceps,"Back Bicep",
2024-06-12 16:13,2024-06-12 17:40,"Rope Cable Curls",27.5,15,"",,,,Biceps,"Back Bicep",
2024-06-12 16:13,2024-06-12 17:40,"Rope Cable Curls",32.5,15,"",,,,Biceps,"Back Bicep",
2024-06-12 16:13,2024-06-12 17:40,"Rope Cable Curls",32.5,15,"",,,,Biceps,"Back Bicep",
2024-06-12 16:13,2024-06-12 17:40,"Rope Cable Curls",37.5,12,"",,,,Biceps,"Back Bicep",
2024-06-09 09:24,2024-06-09 12:15,"V-Squats",90,12,"",,,,Legs,"Leg day + shoulders",
2024-06-09 09:24,2024-06-09 12:15,"V-Squats",115,12,"",,,,Legs,"Leg day + shoulders",
2024-06-09 09:24,2024-06-09 12:15,"V-Squats",180,12,"",,,,Legs,"Leg day + shoulders",
2024-06-09 09:24,2024-06-09 12:15,"V-Squats",205,12,"",,,,Legs,"Leg day + shoulders",
2024-06-09 09:24,2024-06-09 12:15,"Leg Curls",100,15,"",,,,Legs,"Leg day + shoulders",
2024-06-09 09:24,2024-06-09 12:15,"Leg Curls",100,15,"",,,,Legs,"Leg day + shoulders",
2024-06-09 09:24,2024-06-09 12:15,"Leg Curls",115,15,"",,,,Legs,"Leg day + shoulders",
2024-06-09 09:24,2024-06-09 12:15,"Leg Extensions",100,15,"",,,,Legs,"Leg day + shoulders",
2024-06-09 09:24,2024-06-09 12:15,"Leg Extensions",115,15,"",,,,Legs,"Leg day + shoulders",
2024-06-09 09:24,2024-06-09 12:15,"Leg Extensions",120,12,"",,,,Legs,"Leg day + shoulders",
2024-06-09 09:24,2024-06-09 12:15,"Seated Calf Raises",45,12,"",,,,Legs,"Leg day + shoulders",
2024-06-09 09:24,2024-06-09 12:15,"Seated Calf Raises",45,12,"",,,,Legs,"Leg day + shoulders",
2024-06-09 09:24,2024-06-09 12:15,"Seated Calf Raises",45,12,"",,,,Legs,"Leg day + shoulders",
2024-06-09 09:24,2024-06-09 12:15,"Shoulder Dumbbell Press",45,15,"",,,,Shoulders,"Leg day + shoulders",
2024-06-09 09:24,2024-06-09 12:15,"Shoulder Dumbbell Press",45,15,"",,,,Shoulders,"Leg day + shoulders",
2024-06-09 09:24,2024-06-09 12:15,"Shoulder Dumbbell Press",50,15,"",,,,Shoulders,"Leg day + shoulders",
2024-06-09 09:24,2024-06-09 12:15,"Cable Lateral Raises",12.5,15,"",,,,Shoulders,"Leg day + shoulders",
2024-06-09 09:24,2024-06-09 12:15,"Cable Lateral Raises",17.5,15,"",,,,Shoulders,"Leg day + shoulders",
2024-06-09 09:24,2024-06-09 12:15,"Cable Lateral Raises",17.5,15,"",,,,Shoulders,"Leg day + shoulders",
2024-06-09 09:24,2024-06-09 12:15,"Cable Face Pulls",50,15,"",,,,Shoulders,"Leg day + shoulders",
2024-06-09 09:24,2024-06-09 12:15,"Cable Face Pulls",57.5,15,"",,,,Shoulders,"Leg day + shoulders",
2024-06-09 09:24,2024-06-09 12:15,"Cable Face Pulls",57.5,15,"",,,,Shoulders,"Leg day + shoulders",
2024-06-09 09:24,2024-06-09 12:15,"Cable Face Pulls",65,15,"",,,,Shoulders,"Leg day + shoulders",
2024-06-09 09:24,2024-06-09 12:15,"Dumbbell Lateral Raises",20,15,"",,,,Shoulders,"Leg day + shoulders",
2024-06-09 09:24,2024-06-09 12:15,"Dumbbell Lateral Raises",20,15,"",,,,Shoulders,"Leg day + shoulders",
2024-06-09 09:24,2024-06-09 12:15,"Dumbbell Lateral Raises",20,15,"",,,,Shoulders,"Leg day + shoulders",
2024-06-09 09:24,2024-06-09 12:15,"Dumbbell Lateral Raises",20,15,"",,,,Shoulders,"Leg day + shoulders",
2024-06-05 16:39,2024-06-05 18:29,"Dumbbell Press",40,15,"",,,,Chest,"Chest Tricep",
2024-06-05 16:39,2024-06-05 18:29,"Dumbbell Press",45,15,"",,,,Chest,"Chest Tricep",
2024-06-05 16:39,2024-06-05 18:29,"Dumbbell Press",50,15,"",,,,Chest,"Chest Tricep",
2024-06-05 16:39,2024-06-05 18:29,"Incline Dumbbell Press",45,15,"",,,,Chest,"Chest Tricep",
2024-06-05 16:39,2024-06-05 18:29,"Incline Dumbbell Press",45,15,"",,,,Chest,"Chest Tricep",
2024-06-05 16:39,2024-06-05 18:29,"Incline Dumbbell Press",50,12,"",,,,Chest,"Chest Tricep",
2024-06-05 16:39,2024-06-05 18:29,"Pec Deck",100,15,"",,,,Chest,"Chest Tricep",
2024-06-05 16:39,2024-06-05 18:29,"Pec Deck",105,15,"",,,,Chest,"Chest Tricep",
2024-06-05 16:39,2024-06-05 18:29,"Pec Deck",105,15,"",,,,Chest,"Chest Tricep",
2024-06-05 16:39,2024-06-05 18:29,"Machine Chest Press",90,15,"",,,,Chest,"Chest Tricep",
2024-06-05 16:39,2024-06-05 18:29,"Machine Chest Press",100,12,"",,,,Chest,"Chest Tricep",
2024-06-05 16:39,2024-06-05 18:29,"Machine Chest Press",100,12,"",,,,Chest,"Chest Tricep",
2024-06-05 16:39,2024-06-05 18:29,"Tricep pushdown",22.5,21,"",,,,Triceps,"Chest Tricep",
2024-06-05 16:39,2024-06-05 18:29,"Tricep pushdown",32.5,15,"",,,,Triceps,"Chest Tricep",
2024-06-05 16:39,2024-06-05 18:29,"Tricep pushdown",37.5,15,"",,,,Triceps,"Chest Tricep",
2024-06-05 16:39,2024-06-05 18:29,"Iso-Pushdown",17.5,12,"",,,,Triceps,"Chest Tricep",
2024-06-05 16:39,2024-06-05 18:29,"Iso-Pushdown",17.5,12,"",,,,Triceps,"Chest Tricep",
2024-06-05 16:39,2024-06-05 18:29,"Iso-Pushdown",17.5,12,"",,,,Triceps,"Chest Tricep",
2024-06-05 16:39,2024-06-05 18:29,"Tricep Press",115,15,"",,,,Triceps,"Chest Tricep",
2024-06-05 16:39,2024-06-05 18:29,"Tricep Press",115,12,"",,,,Triceps,"Chest Tricep",
2024-06-05 16:39,2024-06-05 18:29,"Tricep Press",100,12,"",,,,Triceps,"Chest Tricep",
2024-06-04 16:38,2024-06-04 18:28,"Cable Row",90,15,"",,,,Back,"Back Bicep",
2024-06-04 16:38,2024-06-04 18:28,"Cable Row",100,15,"",,,,Back,"Back Bicep",
2024-06-04 16:38,2024-06-04 18:28,"Cable Row",120,15,"",,,,Back,"Back Bicep",
2024-06-04 16:38,2024-06-04 18:28,"Barbell Row",45,15,"",,,,Back,"Back Bicep",
2024-06-04 16:38,2024-06-04 18:28,"Barbell Row",45,15,"",,,,Back,"Back Bicep",
2024-06-04 16:38,2024-06-04 18:28,"Barbell Row",45,12,"",,,,Back,"Back Bicep",
2024-06-04 16:38,2024-06-04 18:28,"Machine Lat Pull downs",85,15,"",,,,Back,"Back Bicep",
2024-06-04 16:38,2024-06-04 18:28,"Machine Lat Pull downs",100,12,"",,,,Back,"Back Bicep",
2024-06-04 16:38,2024-06-04 18:28,"Machine Lat Pull downs",120,10,"",,,,Back,"Back Bicep",
2024-06-04 16:38,2024-06-04 18:28,"Lat Pushdowns",37.5,15,"",,,,Back,"Back Bicep",
2024-06-04 16:38,2024-06-04 18:28,"Lat Pushdowns",42.5,12,"",,,,Back,"Back Bicep",
2024-06-04 16:38,2024-06-04 18:28,"Lat Pushdowns",42.5,12,"",,,,Back,"Back Bicep",
2024-06-04 16:38,2024-06-04 18:28,"Machine Curls",80,15,"",,,,Biceps,"Back Bicep",
2024-06-04 16:38,2024-06-04 18:28,"Machine Curls",80,15,"",,,,Biceps,"Back Bicep",
2024-06-04 16:38,2024-06-04 18:28,"Machine Curls",85,15,"",,,,Biceps,"Back Bicep",
2024-06-04 16:38,2024-06-04 18:28,"Cable Hammer Curls",15,15,"",,,,Biceps,"Back Bicep",
2024-06-04 16:38,2024-06-04 18:28,"Cable Hammer Curls",15,15,"",,,,Biceps,"Back Bicep",
2024-06-04 16:38,2024-06-04 18:28,"Cable Hammer Curls",20,12,"",,,,Biceps,"Back Bicep",
2024-06-04 16:38,2024-06-04 18:28,"Rope Cable Curls",30,15,"",,,,Biceps,"Back Bicep",
2024-06-04 16:38,2024-06-04 18:28,"Rope Cable Curls",35,12,"",,,,Biceps,"Back Bicep",
2024-06-04 16:38,2024-06-04 18:28,"Rope Cable Curls",35,12,"",,,,Biceps,"Back Bicep",
2024-06-03 16:03,2024-06-03 17:02,"Smith Machine Press",45,15,"",,,,Shoulders,"Shoulders",
2024-06-03 16:03,2024-06-03 17:02,"Smith Machine Press",45,10,"",,,,Shoulders,"Shoulders",
2024-06-03 16:03,2024-06-03 17:02,"Smith Machine Press",45,10,"",,,,Shoulders,"Shoulders",
2024-06-03 16:03,2024-06-03 17:02,"Smith Machine Press",55,8,"",,,,Shoulders,"Shoulders",
2024-06-03 16:03,2024-06-03 17:02,"Lateral Raises ",20,15,"",,,,Shoulders,"Shoulders",
2024-06-03 16:03,2024-06-03 17:02,"Lateral Raises ",20,15,"",,,,Shoulders,"Shoulders",
2024-06-03 16:03,2024-06-03 17:02,"Lateral Raises ",20,15,"",,,,Shoulders,"Shoulders",
2024-06-03 16:03,2024-06-03 17:02,"Iso Front Raises",22.5,10,"",,,,Shoulders,"Shoulders",
2024-06-03 16:03,2024-06-03 17:02,"Iso Front Raises",22.5,10,"",,,,Shoulders,"Shoulders",
2024-06-03 16:03,2024-06-03 17:02,"Iso Front Raises",22.5,10,"",,,,Shoulders,"Shoulders",
2024-06-03 16:03,2024-06-03 17:02,"Unilateral Reverse Fly ",15,15,"",,,,Back,"Shoulders",
2024-06-03 16:03,2024-06-03 17:02,"Unilateral Reverse Fly ",15,15,"",,,,Back,"Shoulders",
2024-06-03 16:03,2024-06-03 17:02,"Unilateral Reverse Fly ",20,12,"",,,,Back,"Shoulders",
2024-06-02 09:45,2024-06-02 11:22,"Bench Press",45,12,"",,,,Chest,"Chest Tricep",
2024-06-02 09:45,2024-06-02 11:22,"Bench Press",45,12,"Last rep was half",,,,Chest,"Chest Tricep",
2024-06-02 09:45,2024-06-02 11:22,"Bench Press",45,8,"",,,,Chest,"Chest Tricep",
2024-06-02 09:45,2024-06-02 11:22,"Bench Press",35,10,"",,,,Chest,"Chest Tricep",
2024-06-02 09:45,2024-06-02 11:22,"Incline Dumbbell Press",40,21,"",,,,Chest,"Chest Tricep",
2024-06-02 09:45,2024-06-02 11:22,"Incline Dumbbell Press",40,15,"",,,,Chest,"Chest Tricep",
2024-06-02 09:45,2024-06-02 11:22,"Incline Dumbbell Press",40,15,"",,,,Chest,"Chest Tricep",
2024-06-02 09:45,2024-06-02 11:22,"Pushups",0,12,"",,,,Chest,"Chest Tricep",
2024-06-02 09:45,2024-06-02 11:22,"High-to-Low Cable Press",22.5,15,"",,,,Chest,"Chest Tricep",
2024-06-02 09:45,2024-06-02 11:22,"High-to-Low Cable Press",27.5,15,"",,,,Chest,"Chest Tricep",
2024-06-02 09:45,2024-06-02 11:22,"High-to-Low Cable Press",27.5,15,"",,,,Chest,"Chest Tricep",
2024-06-02 09:45,2024-06-02 11:22,"Cable Flys",17.5,15,"",,,,Chest,"Chest Tricep",
2024-06-02 09:45,2024-06-02 11:22,"Cable Flys",22.5,12,"",,,,Chest,"Chest Tricep",
2024-06-02 09:45,2024-06-02 11:22,"Cable Flys",22.5,9,"",,,,Chest,"Chest Tricep",
2024-06-02 09:45,2024-06-02 11:22,"Cable Flys",12.5,30,"",,,,Chest,"Chest Tricep",
2024-06-02 09:45,2024-06-02 11:22,"Cable Flys",7.5,50,"",,,,Chest,"Chest Tricep",
2024-06-02 09:45,2024-06-02 11:22,"Skullcrusher",50,12,"",,,,Triceps,"Chest Tricep",
2024-06-02 09:45,2024-06-02 11:22,"Skullcrusher",50,12,"",,,,Triceps,"Chest Tricep",
2024-06-02 09:45,2024-06-02 11:22,"Skullcrusher",50,10,"last rep fail",,,,Triceps,"Chest Tricep",
2024-06-02 09:45,2024-06-02 11:22,"Mustache Bar Pushdown",32.5,15,"",,,,Triceps,"Chest Tricep",
2024-06-02 09:45,2024-06-02 11:22,"Mustache Bar Pushdown",37.5,15,"",,,,Triceps,"Chest Tricep",
2024-06-02 09:45,2024-06-02 11:22,"Mustache Bar Pushdown",42.5,15,"",,,,Triceps,"Chest Tricep",
2024-06-02 09:45,2024-06-02 11:22,"Mustache Bar Pushdown",47.5,12,"",,,,Triceps,"Chest Tricep",
2024-06-02 09:45,2024-06-02 11:22,"Iso-Pushdown",12.5,15,"",,,,Triceps,"Chest Tricep",
2024-06-02 09:45,2024-06-02 11:22,"Iso-Pushdown",12.5,15,"",,,,Triceps,"Chest Tricep",
2024-06-02 09:45,2024-06-02 11:22,"Iso-Pushdown",12.5,12,"",,,,Triceps,"Chest Tricep",
2024-06-02 09:45,2024-06-02 11:22,"Lateral Raises ",20,15,"",,,,Shoulders,"Chest Tricep",
2024-06-02 09:45,2024-06-02 11:22,"Lateral Raises ",20,15,"",,,,Shoulders,"Chest Tricep",
2024-06-02 09:45,2024-06-02 11:22,"Lateral Raises ",20,15,"",,,,Shoulders,"Chest Tricep",
2024-06-02 09:45,2024-06-02 11:22,"Lateral Raises ",20,15,"",,,,Shoulders,"Chest Tricep",
2024-06-01 07:00,2024-06-01 09:10,"Pulldowns",100,15,"",,,,Back,"Back Bicep",
2024-06-01 07:00,2024-06-01 09:10,"Pulldowns",100,15,"",,,,Back,"Back Bicep",
2024-06-01 07:00,2024-06-01 09:10,"Pulldowns",115,15,"",,,,Back,"Back Bicep",
2024-06-01 07:00,2024-06-01 09:10,"Lat Pushdowns",30,15,"",,,,Back,"Back Bicep",
2024-06-01 07:00,2024-06-01 09:10,"Lat Pushdowns",35,15,"",,,,Back,"Back Bicep",
2024-06-01 07:00,2024-06-01 09:10,"Lat Pushdowns",42.5,12,"",,,,Back,"Back Bicep",
2024-06-01 07:00,2024-06-01 09:10,"Machine Row",85,15,"single arm",,,,Back,"Back Bicep",
2024-06-01 07:00,2024-06-01 09:10,"Machine Row",100,15,"",,,,Back,"Back Bicep",
2024-06-01 07:00,2024-06-01 09:10,"Machine Row",115,15,"",,,,Back,"Back Bicep",
2024-06-01 07:00,2024-06-01 09:10,"Machine Row",130,12,"",,,,Back,"Back Bicep",
2024-06-01 07:00,2024-06-01 09:10,"Unilateral Reverse Fly ",12.5,15,"Both together",,,,Back,"Back Bicep",
2024-06-01 07:00,2024-06-01 09:10,"Unilateral Reverse Fly ",12.5,15,"",,,,Back,"Back Bicep",
2024-06-01 07:00,2024-06-01 09:10,"Unilateral Reverse Fly ",12.5,15,"",,,,Back,"Back Bicep",
2024-06-01 07:00,2024-06-01 09:10,"Unilateral Reverse Fly ",12.5,12,"",,,,Back,"Back Bicep",
2024-06-01 07:00,2024-06-01 09:10,"Hammer Curl",20,15,"",,,,Biceps,"Back Bicep",
2024-06-01 07:00,2024-06-01 09:10,"Hammer Curl",20,15,"",,,,Biceps,"Back Bicep",
2024-06-01 07:00,2024-06-01 09:10,"Hammer Curl",20,15,"",,,,Biceps,"Back Bicep",
2024-06-01 07:00,2024-06-01 09:10,"Hammer Curl",20,15,"",,,,Biceps,"Back Bicep",
2024-06-01 07:00,2024-06-01 09:10,"Twenty-Ones",50,15,"",,,,Biceps,"Back Bicep",
2024-06-01 07:00,2024-06-01 09:10,"Twenty-Ones",50,15,"",,,,Biceps,"Back Bicep",
2024-06-01 07:00,2024-06-01 09:10,"Twenty-Ones",50,15,"",,,,Biceps,"Back Bicep",
2024-06-01 07:00,2024-06-01 09:10,"Machine Curls",70,12,"",,,,Biceps,"Back Bicep",
2024-06-01 07:00,2024-06-01 09:10,"Machine Curls",70,12,"",,,,Biceps,"Back Bicep",
2024-06-01 07:00,2024-06-01 09:10,"Machine Curls",70,12,"",,,,Biceps,"Back Bicep",
2024-06-01 07:00,2024-06-01 09:10,"Inclined Curls",20,15,"",,,,Biceps,"Back Bicep",
2024-06-01 07:00,2024-06-01 09:10,"Inclined Curls",20,15,"",,,,Biceps,"Back Bicep",
2024-06-01 07:00,2024-06-01 09:10,"Inclined Curls",20,15,"",,,,Biceps,"Back Bicep",
2024-05-31 15:14,2024-05-31 16:00,"Barbell Squats",40,12,"",,,,Legs,"Legs",
2024-05-31 15:14,2024-05-31 16:00,"Barbell Squats",45,12,"",,,,Legs,"Legs",
2024-05-31 15:14,2024-05-31 16:00,"Barbell Squats",70,10,"",,,,Legs,"Legs",
2024-05-31 15:14,2024-05-31 16:00,"Barbell Squats",70,8,"",,,,Legs,"Legs",
2024-05-31 15:14,2024-05-31 16:00,"Leg Curls",90,15,"",,,,Legs,"Legs",
2024-05-31 15:14,2024-05-31 16:00,"Leg Curls",100,15,"",,,,Legs,"Legs",
2024-05-31 15:14,2024-05-31 16:00,"Leg Curls",115,15,"half rep towards the end",,,,Legs,"Legs",
2024-05-31 15:14,2024-05-31 16:00,"Degree Back Extension ",25,12,"",,,,Legs,"Legs",
2024-05-31 15:14,2024-05-31 16:00,"Degree Back Extension ",25,12,"",,,,Legs,"Legs",
2024-05-31 15:14,2024-05-31 16:00,"Degree Back Extension ",25,12,"",,,,Legs,"Legs",
2024-05-31 15:14,2024-05-31 16:00,"Degree Back Extension ",25,12,"",,,,Legs,"Legs",
2024-05-31 15:14,2024-05-31 16:00,"Seated Calf Raises",45,12,"45 each side",,,,Legs,"Legs",
2024-05-31 15:14,2024-05-31 16:00,"Seated Calf Raises",45,12,"",,,,Legs,"Legs",
2024-05-31 15:14,2024-05-31 16:00,"Seated Calf Raises",45,12,"",,,,Legs,"Legs",
2024-05-28 17:18,2024-05-28 18:09,"Barbell Overhead Press",25,15,"",,,,Shoulders,"Shoulders",
2024-05-28 17:18,2024-05-28 18:09,"Barbell Overhead Press",25,12,"",,,,Shoulders,"Shoulders",
2024-05-28 17:18,2024-05-28 18:09,"Barbell Overhead Press",25,10,"",,,,Shoulders,"Shoulders",
2024-05-28 17:18,2024-05-28 18:09,"Dumbbell Lateral Raises",20,15,"",,,,Shoulders,"Shoulders",
2024-05-28 17:18,2024-05-28 18:09,"Dumbbell Lateral Raises",20,15,"",,,,Shoulders,"Shoulders",
2024-05-28 17:18,2024-05-28 18:09,"Dumbbell Lateral Raises",20,15,"",,,,Shoulders,"Shoulders",
2024-05-28 17:18,2024-05-28 18:09,"Dumbbell Lateral Raises",20,15,"",,,,Shoulders,"Shoulders",
2024-05-28 17:18,2024-05-28 18:09,"Machine Press",85,15,"",,,,Shoulders,"Shoulders",
2024-05-28 17:18,2024-05-28 18:09,"Machine Press",85,15,"",,,,Shoulders,"Shoulders",
2024-05-28 17:18,2024-05-28 18:09,"Machine Press",85,15,"",,,,Shoulders,"Shoulders",
2024-05-28 17:18,2024-05-28 18:09,"Cable Face Pulls",37.5,15,"",,,,Shoulders,"Shoulders",
2024-05-28 17:18,2024-05-28 18:09,"Cable Face Pulls",42.5,15,"",,,,Shoulders,"Shoulders",
2024-05-28 17:18,2024-05-28 18:09,"Cable Face Pulls",47.5,15,"",,,,Shoulders,"Shoulders",
2024-05-25 15:44,,"Pull Up",0,8,"",,,,Back,"Back Bicep",
2024-05-25 15:44,,"Machine Lat Pull downs",85,15,"",,,,Back,"Back Bicep",
2024-05-25 15:44,,"Machine Lat Pull downs",85,15,"",,,,Back,"Back Bicep",
2024-05-25 15:44,,"Machine Lat Pull downs",100,12,"",,,,Back,"Back Bicep",
2024-05-25 15:44,,"Chest Supported Rows",40,15,"",,,,Back,"Back Bicep",
2024-05-25 15:44,,"Chest Supported Rows",40,14,"grip gave out",,,,Back,"Back Bicep",
2024-05-25 15:44,,"Chest Supported Rows",45,8,"grip again ",,,,Back,"Back Bicep",
2024-05-25 15:44,,"Lat Pushdowns",30,15,"",,,,Back,"Back Bicep",
2024-05-25 15:44,,"Lat Pushdowns",35,15,"slow down the reps",,,,Back,"Back Bicep",
2024-05-25 15:44,,"Lat Pushdowns",35,,"",,,,Back,"Back Bicep",
2024-05-25 15:44,,"Machine Curls",55,15,"",,,,Biceps,"Back Bicep",
2024-05-25 15:44,,"Machine Curls",70,12,"",,,,Biceps,"Back Bicep",
2024-05-25 15:44,,"Machine Curls",70,12,"",,,,Biceps,"Back Bicep",
2024-05-25 15:44,,"Hammer Curl",15,21,"",,,,Biceps,"Back Bicep",
2024-05-25 15:44,,"Hammer Curl",15,21,"",,,,Biceps,"Back Bicep",
2024-05-25 15:44,,"Hammer Curl",15,21,"",,,,Biceps,"Back Bicep",
2024-05-25 15:44,,"Twenty-Ones",50,12,"",,,,Biceps,"Back Bicep",
2024-05-25 15:44,,"Twenty-Ones",50,12,"",,,,Biceps,"Back Bicep",
2024-05-25 15:44,,"Twenty-Ones",50,12,"",,,,Biceps,"Back Bicep",
2024-05-24 15:10,2024-05-24 16:27,"Incline Bench Press",50,15,"",,,,Chest,"Chest Tricep",
2024-05-24 15:10,2024-05-24 16:27,"Incline Bench Press",55,12,"",,,,Chest,"Chest Tricep",
2024-05-24 15:10,2024-05-24 16:27,"Incline Bench Press",55,10,"",,,,Chest,"Chest Tricep",
2024-05-24 15:10,2024-05-24 16:27,"Cable Flys",17.5,15,"",,,,Chest,"Chest Tricep",
2024-05-24 15:10,2024-05-24 16:27,"Cable Flys",22.5,15,"",,,,Chest,"Chest Tricep",
2024-05-24 15:10,2024-05-24 16:27,"Cable Flys",27.5,12,"",,,,Chest,"Chest Tricep",
2024-05-24 15:10,2024-05-24 16:27,"High-to-Low Cable Press",17.5,15,"",,,,Chest,"Chest Tricep",
2024-05-24 15:10,2024-05-24 16:27,"High-to-Low Cable Press",22.5,15,"",,,,Chest,"Chest Tricep",
2024-05-24 15:10,2024-05-24 16:27,"High-to-Low Cable Press",27.5,12,"",,,,Chest,"Chest Tricep",
2024-05-24 15:10,2024-05-24 16:27,"Machine Chest Press",85,12,"",,,,Chest,"Chest Tricep",
2024-05-24 15:10,2024-05-24 16:27,"Machine Chest Press",85,12,"",,,,Chest,"Chest Tricep",
2024-05-24 15:10,2024-05-24 16:27,"Machine Chest Press",85,12,"",,,,Chest,"Chest Tricep",
2024-05-24 15:10,2024-05-24 16:27,"Mustache Bar Pushdown",20,20,"",,,,Triceps,"Chest Tricep",
2024-05-24 15:10,2024-05-24 16:27,"Mustache Bar Pushdown",30,20,"",,,,Triceps,"Chest Tricep",
2024-05-24 15:10,2024-05-24 16:27,"Mustache Bar Pushdown",37.5,12,"",,,,Triceps,"Chest Tricep",
2024-05-24 15:10,2024-05-24 16:27,"Skullcrusher",40,20,"",,,,Triceps,"Chest Tricep",
2024-05-24 15:10,2024-05-24 16:27,"Skullcrusher",40,20,"",,,,Triceps,"Chest Tricep",
2024-05-24 15:10,2024-05-24 16:27,"Skullcrusher",40,15,"",,,,Triceps,"Chest Tricep",
2024-05-24 15:10,2024-05-24 16:27,"Skullcrusher",50,12,"",,,,Triceps,"Chest Tricep",
2024-05-24 15:10,2024-05-24 16:27,"Iso-Pushdown",7.5,15,"",,,,Triceps,"Chest Tricep",
2024-05-24 15:10,2024-05-24 16:27,"Iso-Pushdown",12.5,15,"",,,,Triceps,"Chest Tricep",
2024-05-24 15:10,2024-05-24 16:27,"Iso-Pushdown",12.5,15,"",,,,Triceps,"Chest Tricep",
2024-04-18 14:39,2024-04-18 15:40,"Dumbbell Row",50,15,"",,,,Back,"Back Bicep",
2024-04-18 14:39,2024-04-18 15:40,"Dumbbell Row",55,15,"",,,,Back,"Back Bicep",
2024-04-18 14:39,2024-04-18 15:40,"Dumbbell Row",55,15,"Couldve increased weight",,,,Back,"Back Bicep",
2024-04-18 14:39,2024-04-18 15:40,"Lat Pushdowns",50,15,"ropes",,,,Back,"Back Bicep",
2024-04-18 14:39,2024-04-18 15:40,"Lat Pushdowns",50,15,"",,,,Back,"Back Bicep",
2024-04-18 14:39,2024-04-18 15:40,"Lat Pushdowns",60,12,"",,,,Back,"Back Bicep",
2024-04-18 14:39,2024-04-18 15:40,"Inclined Curls",20,15,"",,,,Biceps,"Back Bicep",
2024-04-18 14:39,2024-04-18 15:40,"Inclined Curls",20,15,"",,,,Biceps,"Back Bicep",
2024-04-18 14:39,2024-04-18 15:40,"Inclined Curls",20,15,"",,,,Biceps,"Back Bicep",
2024-04-18 14:39,2024-04-18 15:40,"Cable Curls",40,15,"",,,,Biceps,"Back Bicep",
2024-04-18 14:39,2024-04-18 15:40,"Cable Curls",50,15,"",,,,Biceps,"Back Bicep",
2024-04-18 14:39,2024-04-18 15:40,"Cable Curls",50,15,"",,,,Biceps,"Back Bicep",
2024-04-18 14:39,2024-04-18 15:40,"Lat Pull-down ",55,15,"not the bar",,,,Back,"Back Bicep",
2024-04-18 14:39,2024-04-18 15:40,"Lat Pull-down ",85,12,"wide grip bar",,,,Back,"Back Bicep",
2024-04-18 14:39,2024-04-18 15:40,"Lat Pull-down ",100,10,"",,,,Back,"Back Bicep",
2024-04-18 14:39,2024-04-18 15:40,"Hammer Curl",22.5,12,"",,,,Biceps,"Back Bicep",
2024-04-18 14:39,2024-04-18 15:40,"Hammer Curl",22.5,12,"",,,,Biceps,"Back Bicep",
2024-04-18 14:39,2024-04-18 15:40,"Hammer Curl",22.5,12,"",,,,Biceps,"Back Bicep",
2024-04-10 16:16,2024-04-10 17:27,"smith machine inclined bench press",35,15,"",,,,Chest,"Chest Tricep",
2024-04-10 16:16,2024-04-10 17:27,"smith machine inclined bench press",35,15,"",,,,Chest,"Chest Tricep",
2024-04-10 16:16,2024-04-10 17:27,"smith machine inclined bench press",45,12,"",,,,Chest,"Chest Tricep",
2024-04-10 16:16,2024-04-10 17:27,"Cable Flys",17.5,15,"",,,,Chest,"Chest Tricep",
2024-04-10 16:16,2024-04-10 17:27,"Cable Flys",22.5,15,"",,,,Chest,"Chest Tricep",
2024-04-10 16:16,2024-04-10 17:27,"Cable Flys",27.5,15,"",,,,Chest,"Chest Tricep",
2024-04-10 16:16,2024-04-10 17:27,"Bench Press",35,10,"",,,,Chest,"Chest Tricep",
2024-04-10 16:16,2024-04-10 17:27,"Bench Press",35,12,"",,,,Chest,"Chest Tricep",
2024-04-10 16:16,2024-04-10 17:27,"Bench Press",37.5,10,"",,,,Chest,"Chest Tricep",
2024-04-10 16:16,2024-04-10 17:27,"Skullcrusher",50,15,"",,,,Triceps,"Chest Tricep",
2024-04-10 16:16,2024-04-10 17:27,"Skullcrusher",55,12,"",,,,Triceps,"Chest Tricep",
2024-04-10 16:16,2024-04-10 17:27,"Skullcrusher",55,15,"",,,,Triceps,"Chest Tricep",
2024-04-10 16:16,2024-04-10 17:27,"Rope Pushdowns",20,15,"1 pulley",,,,Triceps,"Chest Tricep",
2024-04-10 16:16,2024-04-10 17:27,"Rope Pushdowns",20,15,"1 pulley",,,,Triceps,"Chest Tricep",
2024-04-10 16:16,2024-04-10 17:27,"Rope Pushdowns",20,15,"1 pulley",,,,Triceps,"Chest Tricep",
2024-04-10 16:16,2024-04-10 17:27,"Mustache Bar Pushdown",20,15,"",,,,Triceps,"Chest Tricep",
2024-04-10 16:16,2024-04-10 17:27,"Mustache Bar Pushdown",30,15,"",,,,Triceps,"Chest Tricep",
2024-04-10 16:16,2024-04-10 17:27,"Mustache Bar Pushdown",40,12,"",,,,Triceps,"Chest Tricep",
2024-04-07 09:50,2024-04-07 11:47,"Barbell Squats",40,12,"",,,,Legs,"Legs",
2024-04-07 09:50,2024-04-07 11:47,"Barbell Squats",45,12,"",,,,Legs,"Legs",
2024-04-07 09:50,2024-04-07 11:47,"Barbell Squats",70,10,"",,,,Legs,"Legs",
2024-04-07 09:50,2024-04-07 11:47,"Leg Curls",90,12,"",,,,Legs,"Legs",
2024-04-07 09:50,2024-04-07 11:47,"Leg Curls",90,12,"",,,,Legs,"Legs",
2024-04-07 09:50,2024-04-07 11:47,"Leg Curls",90,12,"",,,,Legs,"Legs",
2024-04-07 09:50,2024-04-07 11:47,"Leg Curls",90,12,"",,,,Legs,"Legs",
2024-04-07 09:50,2024-04-07 11:47,"Leg Extensions",85,12,"",,,,Legs,"Legs",
2024-04-07 09:50,2024-04-07 11:47,"Leg Extensions",100,12,"",,,,Legs,"Legs",
2024-04-07 09:50,2024-04-07 11:47,"Leg Extensions",115,12,"",,,,Legs,"Legs",
2024-04-07 09:50,2024-04-07 11:47,"Degree Back Extension ",0,15,"",,,,Legs,"Legs",
2024-04-07 09:50,2024-04-07 11:47,"Degree Back Extension ",25,15,"",,,,Legs,"Legs",
2024-04-07 09:50,2024-04-07 11:47,"Degree Back Extension ",25,15,"",,,,Legs,"Legs",
2024-04-07 09:50,2024-04-07 11:47,"Shoulder Dumbbell Press",40,15,"",,,,Shoulders,"Legs",
2024-04-07 09:50,2024-04-07 11:47,"Shoulder Dumbbell Press",40,15,"",,,,Shoulders,"Legs",
2024-04-07 09:50,2024-04-07 11:47,"Shoulder Dumbbell Press",45,12,"",,,,Shoulders,"Legs",
2024-04-07 09:50,2024-04-07 11:47,"Cable Lateral Raises",12.5,15,"",,,,Shoulders,"Legs",
2024-04-07 09:50,2024-04-07 11:47,"Cable Lateral Raises",12.5,15,"",,,,Shoulders,"Legs",
2024-04-07 09:50,2024-04-07 11:47,"Cable Lateral Raises",12.5,15,"",,,,Shoulders,"Legs",
2024-04-07 09:50,2024-04-07 11:47,"Cable Face Pulls",52.5,15,"",,,,Shoulders,"Legs",
2024-04-07 09:50,2024-04-07 11:47,"Cable Face Pulls",47.5,15,"",,,,Shoulders,"Legs",
2024-04-07 09:50,2024-04-07 11:47,"Cable Face Pulls",47.5,15,"",,,,Shoulders,"Legs",
2024-04-07 09:50,2024-04-07 11:47,"Dumbbell Lateral Raises",15,21,"",,,,Shoulders,"Legs",
2024-04-07 09:50,2024-04-07 11:47,"Dumbbell Lateral Raises",15,21,"",,,,Shoulders,"Legs",
2024-04-07 09:50,2024-04-07 11:47,"Dumbbell Lateral Raises",15,21,"",,,,Shoulders,"Legs",
2024-04-07 09:50,2024-04-07 11:47,"Dumbbell Lateral Raises",15,21,"",,,,Shoulders,"Legs",
2024-04-02 14:54,2024-04-02 15:41,"smith machine inclined bench press",35,15,"",,,,Chest,"Chest tricep",
2024-04-02 14:54,2024-04-02 15:41,"smith machine inclined bench press",35,15,"",,,,Chest,"Chest tricep",
2024-04-02 14:54,2024-04-02 15:41,"smith machine inclined bench press",35,15,"",,,,Chest,"Chest tricep",
2024-04-02 14:54,2024-04-02 15:41,"smith machine inclined bench press",45,11,"",,,,Chest,"Chest tricep",
2024-04-02 14:54,2024-04-02 15:41,"Bench Press",35,10,"",,,,Chest,"Chest tricep",
2024-04-02 14:54,2024-04-02 15:41,"Bench Press",35,10,"",,,,Chest,"Chest tricep",
2024-04-02 14:54,2024-04-02 15:41,"Bench Press",37.5,8,"",,,,Chest,"Chest tricep",
2024-04-02 14:54,2024-04-02 15:41,"Cable Flys",12.5,15,"",,,,Chest,"Chest tricep",
2024-04-02 14:54,2024-04-02 15:41,"Cable Flys",17.5,15,"",,,,Chest,"Chest tricep",
2024-04-02 14:54,2024-04-02 15:41,"Cable Flys",22.5,15,"",,,,Chest,"Chest tricep",
2024-04-02 14:54,2024-04-02 15:41,"Rope Pushdowns",27.5,15,"",,,,Triceps,"Chest tricep",
2024-04-02 14:54,2024-04-02 15:41,"Rope Pushdowns",27.5,15,"",,,,Triceps,"Chest tricep",
2024-04-02 14:54,2024-04-02 15:41,"Rope Pushdowns",27.5,15,"",,,,Triceps,"Chest tricep",
2024-04-02 14:54,2024-04-02 15:41,"Skullcrusher",40,15,"",,,,Triceps,"Chest tricep",
2024-04-02 14:54,2024-04-02 15:41,"Skullcrusher",40,15,"",,,,Triceps,"Chest tricep",
2024-04-02 14:54,2024-04-02 15:41,"Skullcrusher",45,15,"",,,,Triceps,"Chest tricep",
2024-04-01 12:57,2024-04-01 13:41,"Cable Row",90,12,"",,,,Back,"Back Bicep",
2024-04-01 12:57,2024-04-01 13:41,"Cable Row",100,15,"",,,,Back,"Back Bicep",
2024-04-01 12:57,2024-04-01 13:41,"Cable Row",100,15,"",,,,Back,"Back Bicep",
2024-04-01 12:57,2024-04-01 13:41,"Single Arm Lat Pulldown",22.5,15,"",,,,Back,"Back Bicep",
2024-04-01 12:57,2024-04-01 13:41,"Single Arm Lat Pulldown",32.5,15,"",,,,Back,"Back Bicep",
2024-04-01 12:57,2024-04-01 13:41,"Single Arm Lat Pulldown",47.5,15,"",,,,Back,"Back Bicep",
2024-04-01 12:57,2024-04-01 13:41,"Cable Hammer Curls",17.5,15,"",,,,Biceps,"Back Bicep",
2024-04-01 12:57,2024-04-01 13:41,"Cable Hammer Curls",22.5,15,"",,,,Biceps,"Back Bicep",
2024-04-01 12:57,2024-04-01 13:41,"Cable Hammer Curls",27.5,15,"",,,,Biceps,"Back Bicep",
2024-04-01 12:57,2024-04-01 13:41,"Cable Hammer Curls",32.5,15,"",,,,Biceps,"Back Bicep",
2024-04-01 12:57,2024-04-01 13:41,"Chest Supported Rows",160,6,"",,,,Back,"Back Bicep",
2024-04-01 12:57,2024-04-01 13:41,"Chest Supported Rows",115,12,"",,,,Back,"Back Bicep",
2024-04-01 12:57,2024-04-01 13:41,"Chest Supported Rows",100,12,"",,,,Back,"Back Bicep",
2024-04-01 12:57,2024-04-01 13:41,"Dumbbell Bicep Curl",22.5,12,"",,,,Biceps,"Back Bicep",
2024-04-01 12:57,2024-04-01 13:41,"Dumbbell Bicep Curl",22.5,12,"",,,,Biceps,"Back Bicep",
2024-04-01 12:57,2024-04-01 13:41,"Dumbbell Bicep Curl",22.5,12,"",,,,Biceps,"Back Bicep",
2024-03-28 14:37,2024-03-28 15:25,"Bench Press",37.5,12,"",,,,Chest,"Chest Tricep",
2024-03-28 14:37,2024-03-28 15:25,"Bench Press",37.5,12,"",,,,Chest,"Chest Tricep",
2024-03-28 14:37,2024-03-28 15:25,"Bench Press",37.5,12,"",,,,Chest,"Chest Tricep",
2024-03-28 14:37,2024-03-28 15:25,"smith machine inclined bench press",35,15,"",,,,Chest,"Chest Tricep",
2024-03-28 14:37,2024-03-28 15:25,"smith machine inclined bench press",35,15,"",,,,Chest,"Chest Tricep",
2024-03-28 14:37,2024-03-28 15:25,"smith machine inclined bench press",35,15,"",,,,Chest,"Chest Tricep",
2024-03-28 14:37,2024-03-28 15:25,"Dumbbell Lateral Raises",20,15,"",,,,Shoulders,"Chest Tricep",
2024-03-28 14:37,2024-03-28 15:25,"Dumbbell Lateral Raises",20,15,"",,,,Shoulders,"Chest Tricep",
2024-03-28 14:37,2024-03-28 15:25,"Dumbbell Lateral Raises",20,15,"",,,,Shoulders,"Chest Tricep",
2024-03-28 14:37,2024-03-28 15:25,"Rope Pushdowns",30,15,"",,,,Triceps,"Chest Tricep",
2024-03-28 14:37,2024-03-28 15:25,"Rope Pushdowns",40,15,"",,,,Triceps,"Chest Tricep",
2024-03-28 14:37,2024-03-28 15:25,"Rope Pushdowns",40,15,"",,,,Triceps,"Chest Tricep",
2024-03-28 14:37,2024-03-28 15:25,"Cable Face Pulls",60,15,"",,,,Shoulders,"Chest Tricep",
2024-03-28 14:37,2024-03-28 15:25,"Cable Face Pulls",70,15,"",,,,Shoulders,"Chest Tricep",
2024-03-28 14:37,2024-03-28 15:25,"Cable Face Pulls",110,15,"",,,,Shoulders,"Chest Tricep",
2024-03-26 14:52,,"Chest Supported Rows",35,15,"",,,,Back,"Back Bicep",
2024-03-26 14:52,,"Chest Supported Rows",35,15,"",,,,Back,"Back Bicep",
2024-03-26 14:52,,"Chest Supported Rows",35,15,"",,,,Back,"Back Bicep",
2024-03-26 14:52,,"Lat Pull-down ",85,12,"",,,,Back,"Back Bicep",
2024-03-26 14:52,,"Lat Pull-down ",85,12,"",,,,Back,"Back Bicep",
2024-03-26 14:52,,"Lat Pull-down ",85,12,"",,,,Back,"Back Bicep",
2024-03-26 14:52,,"Lat Pushdowns",50,12,"",,,,Back,"Back Bicep",
2024-03-26 14:52,,"Lat Pushdowns",70,12,"",,,,Back,"Back Bicep",
2024-03-26 14:52,,"Lat Pushdowns",70,12,"",,,,Back,"Back Bicep",
2024-03-26 14:52,,"Inclined Curls",20,12,"",,,,Biceps,"Back Bicep",
2024-03-26 14:52,,"Inclined Curls",20,12,"",,,,Biceps,"Back Bicep",
2024-03-26 14:52,,"Inclined Curls",20,12,"",,,,Biceps,"Back Bicep",
2024-03-26 14:52,,"Rope Cable Curls",40,15,"",,,,Biceps,"Back Bicep",
2024-03-26 14:52,,"Rope Cable Curls",40,12,"",,,,Biceps,"Back Bicep",
2024-03-26 14:52,,"Rope Cable Curls",50,12,"",,,,Biceps,"Back Bicep",
2024-03-26 14:52,,"Hammer Curl",20,12,"",,,,Biceps,"Back Bicep",
2024-03-26 14:52,,"Hammer Curl",20,12,"",,,,Biceps,"Back Bicep",
2024-03-26 14:52,,"Hammer Curl",20,12,"",,,,Biceps,"Back Bicep",
2024-03-24 10:49,,"Bench Press",35,12,"",,,,Chest,"Chest Shoulder Tricep",
2024-03-24 10:49,,"Bench Press",35,12,"",,,,Chest,"Chest Shoulder Tricep",
2024-03-24 10:49,,"Bench Press",37.5,12,"",,,,Chest,"Chest Shoulder Tricep",
2024-03-24 10:49,,"Shoulder Dumbbell Press",40,15,"",,,,Shoulders,"Chest Shoulder Tricep",
2024-03-24 10:49,,"Shoulder Dumbbell Press",45,15,"",,,,Shoulders,"Chest Shoulder Tricep",
2024-03-24 10:49,,"Shoulder Dumbbell Press",45,12,"",,,,Shoulders,"Chest Shoulder Tricep",
2024-03-24 10:49,,"Deadlift",45,12,"",,,,Back,"Chest Shoulder Tricep",
2024-03-24 10:49,,"Deadlift",70,3,"",,,,Back,"Chest Shoulder Tricep",
2024-03-24 10:49,,"Iso-Pushdown",15,15,"",,,,Triceps,"Chest Shoulder Tricep",
2024-03-24 10:49,,"Iso-Pushdown",15,15,"",,,,Triceps,"Chest Shoulder Tricep",
2024-03-24 10:49,,"Iso-Pushdown",15,15,"",,,,Triceps,"Chest Shoulder Tricep",
2024-03-24 10:49,,"Cable Lateral Raises",,,"",,,,Shoulders,"Chest Shoulder Tricep",
2024-03-24 10:49,,"Cable Lateral Raises",,,"",,,,Shoulders,"Chest Shoulder Tricep",
2024-03-24 10:49,,"Cable Lateral Raises",,,"",,,,Shoulders,"Chest Shoulder Tricep",
2024-03-13 15:26,2024-03-13 16:01,"smith machine inclined bench press",35,15,"",,,,Chest,"Chest Tricep",
2024-03-13 15:26,2024-03-13 16:01,"smith machine inclined bench press",35,15,"",,,,Chest,"Chest Tricep",
2024-03-13 15:26,2024-03-13 16:01,"smith machine inclined bench press",35,12,"",,,,Chest,"Chest Tricep",
2024-03-13 15:26,2024-03-13 16:01,"Dumbbell flies",25,15,"",,,,Chest,"Chest Tricep",
2024-03-13 15:26,2024-03-13 16:01,"Dumbbell flies",25,15,"",,,,Chest,"Chest Tricep",
2024-03-13 15:26,2024-03-13 16:01,"Dumbbell flies",30,15,"",,,,Chest,"Chest Tricep",
2024-03-13 15:26,2024-03-13 16:01,"Shoulder Dumbbell Press",35,15,"",,,,Shoulders,"Chest Tricep",
2024-03-13 15:26,2024-03-13 16:01,"Shoulder Dumbbell Press",35,12,"",,,,Shoulders,"Chest Tricep",
2024-03-13 15:26,2024-03-13 16:01,"Shoulder Dumbbell Press",35,12,"",,,,Shoulders,"Chest Tricep",
2024-03-13 15:26,2024-03-13 16:01,"Dumbbell Lateral Raises",20,15,"",,,,Shoulders,"Chest Tricep",
2024-03-13 15:26,2024-03-13 16:01,"Dumbbell Lateral Raises",20,15,"",,,,Shoulders,"Chest Tricep",
2024-03-13 15:26,2024-03-13 16:01,"Dumbbell Lateral Raises",20,15,"",,,,Shoulders,"Chest Tricep",
2024-02-29 15:10,2024-02-29 16:10,"Bench Press",35,15,"",,,,Chest,"Chest Tricep",
2024-02-29 15:10,2024-02-29 16:10,"Bench Press",35,12,"",,,,Chest,"Chest Tricep",
2024-02-29 15:10,2024-02-29 16:10,"Bench Press",45,8,"",,,,Chest,"Chest Tricep",
2024-02-29 15:10,2024-02-29 16:10,"Dumbbell flies",30,15,"",,,,Chest,"Chest Tricep",
2024-02-29 15:10,2024-02-29 16:10,"Dumbbell flies",30,15,"",,,,Chest,"Chest Tricep",
2024-02-29 15:10,2024-02-29 16:10,"Dumbbell flies",30,15,"",,,,Chest,"Chest Tricep",
2024-02-29 15:10,2024-02-29 16:10,"smith machine inclined bench press",25,15,"",,,,Chest,"Chest Tricep",
2024-02-29 15:10,2024-02-29 16:10,"smith machine inclined bench press",25,15,"",,,,Chest,"Chest Tricep",
2024-02-29 15:10,2024-02-29 16:10,"smith machine inclined bench press",25,15,"",,,,Chest,"Chest Tricep",
2024-02-29 15:10,2024-02-29 16:10,"Cable Crossovers",17.5,15,"",,,,Chest,"Chest Tricep",
2024-02-29 15:10,2024-02-29 16:10,"Cable Crossovers",17.5,15,"",,,,Chest,"Chest Tricep",
2024-02-29 15:10,2024-02-29 16:10,"Cable Crossovers",17.5,15,"",,,,Chest,"Chest Tricep",
2024-02-29 15:10,2024-02-29 16:10,"Rope Pushdowns",17.5,15,"",,,,Triceps,"Chest Tricep",
2024-02-29 15:10,2024-02-29 16:10,"Rope Pushdowns",22.5,15,"",,,,Triceps,"Chest Tricep",
2024-02-29 15:10,2024-02-29 16:10,"Rope Pushdowns",27.5,12,"",,,,Triceps,"Chest Tricep",
2024-02-29 15:10,2024-02-29 16:10,"Skullcrusher",45,12,"",,,,Triceps,"Chest Tricep",
2024-02-29 15:10,2024-02-29 16:10,"Skullcrusher",40,12,"",,,,Triceps,"Chest Tricep",
2024-02-29 15:10,2024-02-29 16:10,"Skullcrusher",40,12,"",,,,Triceps,"Chest Tricep",
2024-02-28 15:50,2024-02-28 17:03,"Dumbbell Bicep Curl",20,15,"",,,,Biceps,"Back Bicep",
2024-02-28 15:50,2024-02-28 17:03,"Dumbbell Bicep Curl",20,15,"",,,,Biceps,"Back Bicep",
2024-02-28 15:50,2024-02-28 17:03,"Dumbbell Bicep Curl",20,15,"",,,,Biceps,"Back Bicep",
2024-02-28 15:50,2024-02-28 17:03,"Cable Hammer Curls",7.5,15,"",,,,Biceps,"Back Bicep",
2024-02-28 15:50,2024-02-28 17:03,"Cable Hammer Curls",12.5,12,"",,,,Biceps,"Back Bicep",
2024-02-28 15:50,2024-02-28 17:03,"Cable Hammer Curls",12.5,15,"",,,,Biceps,"Back Bicep",
2024-02-28 15:50,2024-02-28 17:03,"Single Arm Preacher Curls",20,15,"",,,,Biceps,"Back Bicep",
2024-02-28 15:50,2024-02-28 17:03,"Single Arm Preacher Curls",20,15,"",,,,Biceps,"Back Bicep",
2024-02-28 15:50,2024-02-28 17:03,"Single Arm Preacher Curls",22.5,15,"",,,,Biceps,"Back Bicep",
2024-02-28 15:50,2024-02-28 17:03,"Barbell Row",45,15,"",,,,Back,"Back Bicep",
2024-02-28 15:50,2024-02-28 17:03,"Barbell Row",45,15,"",,,,Back,"Back Bicep",
2024-02-28 15:50,2024-02-28 17:03,"Barbell Row",45,15,"",,,,Back,"Back Bicep",
2024-02-28 15:50,2024-02-28 17:03,"Single Arm Lat Pulldown",30,15,"",,,,Back,"Back Bicep",
2024-02-28 15:50,2024-02-28 17:03,"Single Arm Lat Pulldown",50,12,"",,,,Back,"Back Bicep",
2024-02-28 15:50,2024-02-28 17:03,"Single Arm Lat Pulldown",60,12,"",,,,Back,"Back Bicep",
2024-02-28 15:50,2024-02-28 17:03,"Unilateral Reverse Fly ",20,15,"",,,,Back,"Back Bicep",
2024-02-28 15:50,2024-02-28 17:03,"Unilateral Reverse Fly ",20,15,"",,,,Back,"Back Bicep",
2024-02-28 15:50,2024-02-28 17:03,"Unilateral Reverse Fly ",20,15,"",,,,Back,"Back Bicep",
2024-02-27 16:28,2024-02-27 17:12,"Shoulder Dumbbell Press",45,15,"",,,,Shoulders,"Shoulder",
2024-02-27 16:28,2024-02-27 17:12,"Shoulder Dumbbell Press",45,15,"",,,,Shoulders,"Shoulder",
2024-02-27 16:28,2024-02-27 17:12,"Shoulder Dumbbell Press",50,6,"",,,,Shoulders,"Shoulder",
2024-02-27 16:28,2024-02-27 17:12,"Shoulder Dumbbell Press",50,6,"",,,,Shoulders,"Shoulder",
2024-02-27 16:28,2024-02-27 17:12,"Dumbbell Lateral Raises",20,15,"",,,,Shoulders,"Shoulder",
2024-02-27 16:28,2024-02-27 17:12,"Dumbbell Lateral Raises",20,15,"",,,,Shoulders,"Shoulder",
2024-02-27 16:28,2024-02-27 17:12,"Dumbbell Lateral Raises",20,15,"",,,,Shoulders,"Shoulder",
2024-02-27 16:28,2024-02-27 17:12,"Cable Face Pulls",60,15,"",,,,Shoulders,"Shoulder",
2024-02-27 16:28,2024-02-27 17:12,"Cable Face Pulls",70,15,"",,,,Shoulders,"Shoulder",
2024-02-27 16:28,2024-02-27 17:12,"Cable Face Pulls",100,12,"",,,,Shoulders,"Shoulder",
2024-02-27 16:28,2024-02-27 17:12,"Cable Lateral Raises",20,15,"",,,,Shoulders,"Shoulder",
2024-02-27 16:28,2024-02-27 17:12,"Cable Lateral Raises",20,15,"",,,,Shoulders,"Shoulder",
2024-02-27 16:28,2024-02-27 17:12,"Cable Lateral Raises",20,15,"",,,,Shoulders,"Shoulder",
2024-02-27 16:28,2024-02-27 17:12,"Cable Front Raises (with rope)",20,15,"",,,,Shoulders,"Shoulder",
2024-02-27 16:28,2024-02-27 17:12,"Cable Front Raises (with rope)",30,15,"",,,,Shoulders,"Shoulder",
2024-02-27 16:28,2024-02-27 17:12,"Cable Front Raises (with rope)",30,15,"",,,,Shoulders,"Shoulder",
2024-02-22 16:05,2024-02-22 17:15,"Dumbbell Row",50,15,"",,,,Back,"Back Bicep",
2024-02-22 16:05,2024-02-22 17:15,"Dumbbell Row",50,15,"",,,,Back,"Back Bicep",
2024-02-22 16:05,2024-02-22 17:15,"Dumbbell Row",55,12,"",,,,Back,"Back Bicep",
2024-02-22 16:05,2024-02-22 17:15,"Lat Pull-down ",55,15,"Different grip",,,,Back,"Back Bicep",
2024-02-22 16:05,2024-02-22 17:15,"Lat Pull-down ",70,15,"",,,,Back,"Back Bicep",
2024-02-22 16:05,2024-02-22 17:15,"Lat Pull-down ",100,10,"",,,,Back,"Back Bicep",
2024-02-22 16:05,2024-02-22 17:15,"Lat Pushdowns",30,15,"",,,,Back,"Back Bicep",
2024-02-22 16:05,2024-02-22 17:15,"Lat Pushdowns",35,15,"",,,,Back,"Back Bicep",
2024-02-22 16:05,2024-02-22 17:15,"Lat Pushdowns",40,15,"",,,,Back,"Back Bicep",
2024-02-22 16:05,2024-02-22 17:15,"Cable Curls",40,15,"",,,,Biceps,"Back Bicep",
2024-02-22 16:05,2024-02-22 17:15,"Cable Curls",40,15,"",,,,Biceps,"Back Bicep",
2024-02-22 16:05,2024-02-22 17:15,"Cable Curls",50,15,"",,,,Biceps,"Back Bicep",
2024-02-22 16:05,2024-02-22 17:15,"Concentration Curl",22.5,15,"",,,,Biceps,"Back Bicep",
2024-02-22 16:05,2024-02-22 17:15,"Concentration Curl",22.5,15,"",,,,Biceps,"Back Bicep",
2024-02-22 16:05,2024-02-22 17:15,"Concentration Curl",22.5,15,"",,,,Biceps,"Back Bicep",
2024-02-22 16:05,2024-02-22 17:15,"Hammer Curl",20,12,"",,,,Biceps,"Back Bicep",
2024-02-22 16:05,2024-02-22 17:15,"Hammer Curl",20,12,"",,,,Biceps,"Back Bicep",
2024-02-22 16:05,2024-02-22 17:15,"Hammer Curl",17.5,15,"",,,,Biceps,"Back Bicep",
2024-02-21 15:45,2024-02-21 16:44,"Incline Dumbbell Press",40,15,"",,,,Chest,"Chest Tricep",
2024-02-21 15:45,2024-02-21 16:44,"Incline Dumbbell Press",45,15,"",,,,Chest,"Chest Tricep",
2024-02-21 15:45,2024-02-21 16:44,"Incline Dumbbell Press",45,12,"",,,,Chest,"Chest Tricep",
2024-02-21 15:45,2024-02-21 16:44,"Dumbbell flies",30,15,"",,,,Chest,"Chest Tricep",
2024-02-21 15:45,2024-02-21 16:44,"Dumbbell flies",30,15,"",,,,Chest,"Chest Tricep",
2024-02-21 15:45,2024-02-21 16:44,"Dumbbell flies",30,12,"",,,,Chest,"Chest Tricep",
2024-02-21 15:45,2024-02-21 16:44,"Mustache Bar Pushdown",50,15,"",,,,Triceps,"Chest Tricep",
2024-02-21 15:45,2024-02-21 16:44,"Mustache Bar Pushdown",60,15,"",,,,Triceps,"Chest Tricep",
2024-02-21 15:45,2024-02-21 16:44,"Mustache Bar Pushdown",70,15,"",,,,Triceps,"Chest Tricep",
2024-02-21 15:45,2024-02-21 16:44,"Mustache Bar Pushdown",75,15,"",,,,Triceps,"Chest Tricep",
2024-02-21 15:45,2024-02-21 16:44,"Skullcrusher",40,15,"",,,,Triceps,"Chest Tricep",
2024-02-21 15:45,2024-02-21 16:44,"Skullcrusher",40,15,"",,,,Triceps,"Chest Tricep",
2024-02-21 15:45,2024-02-21 16:44,"Skullcrusher",40,15,"",,,,Triceps,"Chest Tricep",
2024-02-21 15:45,2024-02-21 16:44,"Triceps Extensions",40,15,"",,,,Triceps,"Chest Tricep",
2024-02-21 15:45,2024-02-21 16:44,"Triceps Extensions",60,15,"",,,,Triceps,"Chest Tricep",
2024-02-21 15:45,2024-02-21 16:44,"Triceps Extensions",60,12,"",,,,Triceps,"Chest Tricep",
2024-02-21 15:45,2024-02-21 16:44,"Machine Chest Press",85,12,"",,,,Chest,"Chest Tricep",
2024-02-21 15:45,2024-02-21 16:44,"Machine Chest Press",85,12,"",,,,Chest,"Chest Tricep",
2024-02-21 15:45,2024-02-21 16:44,"Machine Chest Press",85,12,"",,,,Chest,"Chest Tricep",
2024-02-15 16:01,2024-02-15 17:00,"Barbell Row",45,12,"",,,,Back,"Back Bicep",
2024-02-15 16:01,2024-02-15 17:00,"Barbell Row",45,12,"",,,,Back,"Back Bicep",
2024-02-15 16:01,2024-02-15 17:00,"Barbell Row",45,10,"",,,,Back,"Back Bicep",
2024-02-15 16:01,2024-02-15 17:00,"Cable Row",100,12,"narrow grip ",,,,Back,"Back Bicep",
2024-02-15 16:01,2024-02-15 17:00,"Cable Row",100,12,"",,,,Back,"Back Bicep",
2024-02-15 16:01,2024-02-15 17:00,"Cable Row",100,12,"",,,,Back,"Back Bicep",
2024-02-15 16:01,2024-02-15 17:00,"Lat Pull-down ",100,10,"Different Grip",,,,Back,"Back Bicep",
2024-02-15 16:01,2024-02-15 17:00,"Lat Pull-down ",85,12,"grip fatigue ",,,,Back,"Back Bicep",
2024-02-15 16:01,2024-02-15 17:00,"Lat Pull-down ",85,12,"",,,,Back,"Back Bicep",
2024-02-15 16:01,2024-02-15 17:00,"Dumbbell Bicep Curl",20,12,"",,,,Biceps,"Back Bicep",
2024-02-15 16:01,2024-02-15 17:00,"Dumbbell Bicep Curl",20,12,"",,,,Biceps,"Back Bicep",
2024-02-15 16:01,2024-02-15 17:00,"Dumbbell Bicep Curl",20,10,"",,,,Biceps,"Back Bicep",
2024-02-15 16:01,2024-02-15 17:00,"Unilateral Reverse Fly ",10,15,"",,,,Back,"Back Bicep",
2024-02-15 16:01,2024-02-15 17:00,"Unilateral Reverse Fly ",15,12,"",,,,Back,"Back Bicep",
2024-02-15 16:01,2024-02-15 17:00,"Unilateral Reverse Fly ",15,15,"",,,,Back,"Back Bicep",
2024-02-15 16:01,2024-02-15 17:00,"Cable Hammer Curls",20,15,"",,,,Biceps,"Back Bicep",
2024-02-15 16:01,2024-02-15 17:00,"Cable Hammer Curls",40,15,"",,,,Biceps,"Back Bicep",
2024-02-15 16:01,2024-02-15 17:00,"Cable Hammer Curls",40,15,"",,,,Biceps,"Back Bicep",
2024-02-14 15:46,2024-02-14 16:47,"Bench Press",25,12,"",,,,Chest,"Chest Tricep",
2024-02-14 15:46,2024-02-14 16:47,"Bench Press",35,12,"",,,,Chest,"Chest Tricep",
2024-02-14 15:46,2024-02-14 16:47,"Bench Press",35,10,"",,,,Chest,"Chest Tricep",
2024-02-14 15:46,2024-02-14 16:47,"Incline Dumbbell Press",40,15,"",,,,Chest,"Chest Tricep",
2024-02-14 15:46,2024-02-14 16:47,"Incline Dumbbell Press",40,12,"",,,,Chest,"Chest Tricep",
2024-02-14 15:46,2024-02-14 16:47,"Incline Dumbbell Press",40,12,"",,,,Chest,"Chest Tricep",
2024-02-14 15:46,2024-02-14 16:47,"Rope Pushdowns",20,15,"",,,,Triceps,"Chest Tricep",
2024-02-14 15:46,2024-02-14 16:47,"Rope Pushdowns",20,15,"",,,,Triceps,"Chest Tricep",
2024-02-14 15:46,2024-02-14 16:47,"Rope Pushdowns",20,15,"",,,,Triceps,"Chest Tricep",
2024-02-14 15:46,2024-02-14 16:47,"Iso-Pushdown",20,15,"",,,,Triceps,"Chest Tricep",
2024-02-14 15:46,2024-02-14 16:47,"Iso-Pushdown",20,12,"",,,,Triceps,"Chest Tricep",
2024-02-14 15:46,2024-02-14 16:47,"Iso-Pushdown",20,12,"",,,,Triceps,"Chest Tricep",
2024-02-14 15:46,2024-02-14 16:47,"Pec Deck",100,15,"",,,,Chest,"Chest Tricep",
2024-02-14 15:46,2024-02-14 16:47,"Pec Deck",105,12,"",,,,Chest,"Chest Tricep",
2024-02-14 15:46,2024-02-14 16:47,"Pec Deck",105,12,"",,,,Chest,"Chest Tricep",
2024-02-14 15:46,2024-02-14 16:47,"Skullcrusher",45,12,"",,,,Triceps,"Chest Tricep",
2024-02-14 15:46,2024-02-14 16:47,"Skullcrusher",45,8,"",,,,Triceps,"Chest Tricep",
2024-02-14 15:46,2024-02-14 16:47,"Skullcrusher",45,8,"",,,,Triceps,"Chest Tricep",
2024-02-06 04:06,2024-02-06 05:01,"Bench Press",25,12,"",,,,Chest,"Chest Tricep",
2024-02-06 04:06,2024-02-06 05:01,"Bench Press",35,12,"",,,,Chest,"Chest Tricep",
2024-02-06 04:06,2024-02-06 05:01,"Bench Press",35,12,"",,,,Chest,"Chest Tricep",
2024-02-06 04:06,2024-02-06 05:01,"Cable Flys",12.5,15,"",,,,Chest,"Chest Tricep",
2024-02-06 04:06,2024-02-06 05:01,"Cable Flys",17.5,15,"",,,,Chest,"Chest Tricep",
2024-02-06 04:06,2024-02-06 05:01,"Cable Flys",17.5,15,"",,,,Chest,"Chest Tricep",
2024-02-06 04:06,2024-02-06 05:01,"High-to-Low Cable Press",17.5,15,"",,,,Chest,"Chest Tricep",
2024-02-06 04:06,2024-02-06 05:01,"High-to-Low Cable Press",27.5,15,"",,,,Chest,"Chest Tricep",
2024-02-06 04:06,2024-02-06 05:01,"High-to-Low Cable Press",27.5,12,"",,,,Chest,"Chest Tricep",
2024-02-06 04:06,2024-02-06 05:01,"Rope Pushdowns",22.5,15,"",,,,Triceps,"Chest Tricep",
2024-02-06 04:06,2024-02-06 05:01,"Rope Pushdowns",27.5,15,"",,,,Triceps,"Chest Tricep",
2024-02-06 04:06,2024-02-06 05:01,"Rope Pushdowns",27.5,12,"",,,,Triceps,"Chest Tricep",
2024-02-06 04:06,2024-02-06 05:01,"Iso-Pushdown",7.5,15,"1 pulley",,,,Triceps,"Chest Tricep",
2024-02-06 04:06,2024-02-06 05:01,"Iso-Pushdown",12.5,12,"",,,,Triceps,"Chest Tricep",
2024-02-06 04:06,2024-02-06 05:01,"Iso-Pushdown",12.5,12,"",,,,Triceps,"Chest Tricep",
2024-02-06 04:06,2024-02-06 05:01,"Tricep Press",115,12,"",,,,Triceps,"Chest Tricep",
2024-02-06 04:06,2024-02-06 05:01,"Tricep Press",115,12,"",,,,Triceps,"Chest Tricep",
2024-02-06 04:06,2024-02-06 05:01,"Tricep Press",115,10,"slowed reps",,,,Triceps,"Chest Tricep",
2024-01-27 13:56,2024-01-27 15:30,"Lat Pull-down ",100,15,"",,,,Back,"Back Bicep",
2024-01-27 13:56,2024-01-27 15:30,"Lat Pull-down ",100,15,"",,,,Back,"Back Bicep",
2024-01-27 13:56,2024-01-27 15:30,"Lat Pull-down ",100,15,"+ side weights",,,,Back,"Back Bicep",
2024-01-27 13:56,2024-01-27 15:30,"Lat Pull-down ",100,12,"+ side weights",,,,Back,"Back Bicep",
2024-01-27 13:56,2024-01-27 15:30,"Machine Row",85,15,"",,,,Back,"Back Bicep",
2024-01-27 13:56,2024-01-27 15:30,"Machine Row",85,15,"",,,,Back,"Back Bicep",
2024-01-27 13:56,2024-01-27 15:30,"Machine Row",100,15,"",,,,Back,"Back Bicep",
2024-01-27 13:56,2024-01-27 15:30,"Cable Row",100,15,"narrow grip ",,,,Back,"Back Bicep",
2024-01-27 13:56,2024-01-27 15:30,"Cable Row",100,15,"narrow grip ",,,,Back,"Back Bicep",
2024-01-27 13:56,2024-01-27 15:30,"Cable Row",100,15,"incremental weights",,,,Back,"Back Bicep",
2024-01-27 13:56,2024-01-27 15:30,"Unilateral Reverse Fly ",7.5,15,"",,,,Back,"Back Bicep",
2024-01-27 13:56,2024-01-27 15:30,"Unilateral Reverse Fly ",12.5,15,"",,,,Back,"Back Bicep",
2024-01-27 13:56,2024-01-27 15:30,"Unilateral Reverse Fly ",12.5,15,"",,,,Back,"Back Bicep",
2024-01-27 13:56,2024-01-27 15:30,"Assisted Pull Up",-55,6,"",,,,Back,"Back Bicep",
2024-01-27 13:56,2024-01-27 15:30,"Assisted Pull Up",-55,6,"",,,,Back,"Back Bicep",
2024-01-27 13:56,2024-01-27 15:30,"Assisted Pull Up",-70,8,"",,,,Back,"Back Bicep",
2024-01-27 13:56,2024-01-27 15:30,"Inclined Curls",20,12,"",,,,Biceps,"Back Bicep",
2024-01-27 13:56,2024-01-27 15:30,"Inclined Curls",20,12,"",,,,Biceps,"Back Bicep",
2024-01-27 13:56,2024-01-27 15:30,"Inclined Curls",20,12,"",,,,Biceps,"Back Bicep",
2024-01-27 13:56,2024-01-27 15:30,"Cable Curls",25,15,"",,,,Biceps,"Back Bicep",
2024-01-27 13:56,2024-01-27 15:30,"Cable Curls",35,15,"",,,,Biceps,"Back Bicep",
2024-01-27 13:56,2024-01-27 15:30,"Cable Curls",35,15,"",,,,Biceps,"Back Bicep",
2024-01-27 13:56,2024-01-27 15:30,"Hammer Curl",20,12,"",,,,Biceps,"Back Bicep",
2024-01-27 13:56,2024-01-27 15:30,"Hammer Curl",20,12,"",,,,Biceps,"Back Bicep",
2024-01-27 13:56,2024-01-27 15:30,"Hammer Curl",20,12,"",,,,Biceps,"Back Bicep",
2024-01-27 13:56,2024-01-27 15:30,"Hammer Curl",20,12,"",,,,Biceps,"Back Bicep",
2024-01-25 03:53,2024-01-25 04:44,"Barbell Squats",25,15,"",,,,Legs,"Legs",
2024-01-25 03:53,2024-01-25 04:44,"Barbell Squats",35,15,"",,,,Legs,"Legs",
2024-01-25 03:53,2024-01-25 04:44,"Barbell Squats",35,15,"",,,,Legs,"Legs",
2024-01-25 03:53,2024-01-25 04:44,"Leg Extensions",70,15,"",,,,Legs,"Legs",
2024-01-25 03:53,2024-01-25 04:44,"Leg Extensions",85,15,"",,,,Legs,"Legs",
2024-01-25 03:53,2024-01-25 04:44,"Leg Extensions",100,15,"",,,,Legs,"Legs",
2024-01-25 03:53,2024-01-25 04:44,"Leg Curls",100,15,"",,,,Legs,"Legs",
2024-01-25 03:53,2024-01-25 04:44,"Leg Curls",100,15,"",,,,Legs,"Legs",
2024-01-25 03:53,2024-01-25 04:44,"Leg Curls",100,15,"",,,,Legs,"Legs",
2024-01-23 03:38,2024-01-23 04:33,"Shoulder Dumbbell Press",40,15,"",,,,Shoulders,"Shoulders",
2024-01-23 03:38,2024-01-23 04:33,"Shoulder Dumbbell Press",40,15,"",,,,Shoulders,"Shoulders",
2024-01-23 03:38,2024-01-23 04:33,"Shoulder Dumbbell Press",45,15,"",,,,Shoulders,"Shoulders",
2024-01-23 03:38,2024-01-23 04:33,"Dumbbell Lateral Raises",20,15,"Standing",,,,Shoulders,"Shoulders",
2024-01-23 03:38,2024-01-23 04:33,"Dumbbell Lateral Raises",20,15,"Standing",,,,Shoulders,"Shoulders",
2024-01-23 03:38,2024-01-23 04:33,"Dumbbell Lateral Raises",20,15,"",,,,Shoulders,"Shoulders",
2024-01-23 03:38,2024-01-23 04:33,"Cable Lateral Raises",7.5,15,"",,,,Shoulders,"Shoulders",
2024-01-23 03:38,2024-01-23 04:33,"Cable Lateral Raises",7.5,15,"",,,,Shoulders,"Shoulders",
2024-01-23 03:38,2024-01-23 04:33,"Cable Lateral Raises",12.5,15,"",,,,Shoulders,"Shoulders",
2024-01-23 03:38,2024-01-23 04:33,"Cable Face Pulls",47.5,15,"",,,,Shoulders,"Shoulders",
2024-01-23 03:38,2024-01-23 04:33,"Cable Face Pulls",52.5,15,"",,,,Shoulders,"Shoulders",
2024-01-23 03:38,2024-01-23 04:33,"Cable Face Pulls",57.5,12,"",,,,Shoulders,"Shoulders",
2024-01-23 03:38,2024-01-23 04:33,"Cable Front Raises (with rope)",12.5,15,"",,,,Shoulders,"Shoulders",
2024-01-23 03:38,2024-01-23 04:33,"Cable Front Raises (with rope)",15,15,"",,,,Shoulders,"Shoulders",
2024-01-23 03:38,2024-01-23 04:33,"Cable Front Raises (with rope)",17.5,15,"",,,,Shoulders,"Shoulders",
2024-01-21 12:42,2024-01-21 14:15,"Incline Dumbbell Press",45,15,"",,,,Chest,"Chest Tricep ",
2024-01-21 12:42,2024-01-21 14:15,"Incline Dumbbell Press",45,15,"",,,,Chest,"Chest Tricep ",
2024-01-21 12:42,2024-01-21 14:15,"Incline Dumbbell Press",45,12,"",,,,Chest,"Chest Tricep ",
2024-01-21 12:42,2024-01-21 14:15,"Dumbbell flies",30,12,"",,,,Chest,"Chest Tricep ",
2024-01-21 12:42,2024-01-21 14:15,"Dumbbell flies",30,12,"",,,,Chest,"Chest Tricep ",
2024-01-21 12:42,2024-01-21 14:15,"Dumbbell flies",30,12,"",,,,Chest,"Chest Tricep ",
2024-01-21 12:42,2024-01-21 14:15,"Dumbbell flies",30,12,"",,,,Chest,"Chest Tricep ",
2024-01-21 12:42,2024-01-21 14:15,"Cable Crossovers",15,15,"",,,,Chest,"Chest Tricep ",
2024-01-21 12:42,2024-01-21 14:15,"Cable Crossovers",15,15,"",,,,Chest,"Chest Tricep ",
2024-01-21 12:42,2024-01-21 14:15,"Cable Crossovers",20,15,"",,,,Chest,"Chest Tricep ",
2024-01-21 12:42,2024-01-21 14:15,"Pec Deck",90,12,"",,,,Chest,"Chest Tricep ",
2024-01-21 12:42,2024-01-21 14:15,"Pec Deck",90,12,"",,,,Chest,"Chest Tricep ",
2024-01-21 12:42,2024-01-21 14:15,"Pec Deck",90,12,"",,,,Chest,"Chest Tricep ",
2024-01-21 12:42,2024-01-21 14:15,"Rope Pushdowns",22.5,18,"",,,,Triceps,"Chest Tricep ",
2024-01-21 12:42,2024-01-21 14:15,"Rope Pushdowns",27.5,15,"",,,,Triceps,"Chest Tricep ",
2024-01-21 12:42,2024-01-21 14:15,"Rope Pushdowns",27.5,12,"",,,,Triceps,"Chest Tricep ",
2024-01-21 12:42,2024-01-21 14:15,"Iso-Pushdown",7.5,15,"4 pulley",,,,Triceps,"Chest Tricep ",
2024-01-21 12:42,2024-01-21 14:15,"Iso-Pushdown",7.5,15,"",,,,Triceps,"Chest Tricep ",
2024-01-21 12:42,2024-01-21 14:15,"Iso-Pushdown",7.5,15,"",,,,Triceps,"Chest Tricep ",
2024-01-21 12:42,2024-01-21 14:15,"Tricep Press",115,12,"",,,,Triceps,"Chest Tricep ",
2024-01-21 12:42,2024-01-21 14:15,"Tricep Press",115,12,"",,,,Triceps,"Chest Tricep ",
2024-01-21 12:42,2024-01-21 14:15,"Tricep Press",115,12,"",,,,Triceps,"Chest Tricep ",
2024-01-20 10:06,2024-01-20 11:47,"Lat Pull-down ",100,15,"",,,,Back,"Back Bicep",
2024-01-20 10:06,2024-01-20 11:47,"Lat Pull-down ",100,15,"",,,,Back,"Back Bicep",
2024-01-20 10:06,2024-01-20 11:47,"Lat Pull-down ",100,12,"",,,,Back,"Back Bicep",
2024-01-20 10:06,2024-01-20 11:47,"Barbell Row",25,15,"",,,,Back,"Back Bicep",
2024-01-20 10:06,2024-01-20 11:47,"Barbell Row",25,15,"",,,,Back,"Back Bicep",
2024-01-20 10:06,2024-01-20 11:47,"Barbell Row",25,15,"",,,,Back,"Back Bicep",
2024-01-20 10:06,2024-01-20 11:47,"Machine Row",70,15,"",,,,Back,"Back Bicep",
2024-01-20 10:06,2024-01-20 11:47,"Machine Row",70,15,"",,,,Back,"Back Bicep",
2024-01-20 10:06,2024-01-20 11:47,"Machine Row",85,15,"",,,,Back,"Back Bicep",
2024-01-20 10:06,2024-01-20 11:47,"Single Arm Lat Pulldown",22.5,15,"",,,,Back,"Back Bicep",
2024-01-20 10:06,2024-01-20 11:47,"Single Arm Lat Pulldown",32.5,15,"",,,,Back,"Back Bicep",
2024-01-20 10:06,2024-01-20 11:47,"Single Arm Lat Pulldown",37.5,15,"",,,,Back,"Back Bicep",
2024-01-20 10:06,2024-01-20 11:47,"Rope Cable Curls",22.5,15,"",,,,Biceps,"Back Bicep",
2024-01-20 10:06,2024-01-20 11:47,"Rope Cable Curls",22.5,15,"",,,,Biceps,"Back Bicep",
2024-01-20 10:06,2024-01-20 11:47,"Rope Cable Curls",22.5,15,"",,,,Biceps,"Back Bicep",
2024-01-20 10:06,2024-01-20 11:47,"Hammer Curl",22.5,12,"",,,,Biceps,"Back Bicep",
2024-01-20 10:06,2024-01-20 11:47,"Hammer Curl",22.5,12,"",,,,Biceps,"Back Bicep",
2024-01-20 10:06,2024-01-20 11:47,"Hammer Curl",22.5,12,"",,,,Biceps,"Back Bicep",
2024-01-20 10:06,2024-01-20 11:47,"Hammer Curl",20,20,"",,,,Biceps,"Back Bicep",
2024-01-16 03:30,2024-01-16 04:46,"Shoulder Dumbbell Press",35,15,"",,,,Shoulders,"Shoulder ",
2024-01-16 03:30,2024-01-16 04:46,"Shoulder Dumbbell Press",40,15,"",,,,Shoulders,"Shoulder ",
2024-01-16 03:30,2024-01-16 04:46,"Shoulder Dumbbell Press",45,15,"",,,,Shoulders,"Shoulder ",
2024-01-16 03:30,2024-01-16 04:46,"Dumbbell Lateral Raises",20,15,"Standing",,,,Shoulders,"Shoulder ",
2024-01-16 03:30,2024-01-16 04:46,"Dumbbell Lateral Raises",20,15,"",,,,Shoulders,"Shoulder ",
2024-01-16 03:30,2024-01-16 04:46,"Dumbbell Lateral Raises",20,15,"",,,,Shoulders,"Shoulder ",
2024-01-16 03:30,2024-01-16 04:46,"Cable Lateral Raises",7.5,15,"",,,,Shoulders,"Shoulder ",
2024-01-16 03:30,2024-01-16 04:46,"Cable Lateral Raises",7.5,15,"",,,,Shoulders,"Shoulder ",
2024-01-16 03:30,2024-01-16 04:46,"Cable Lateral Raises",12.5,12,"",,,,Shoulders,"Shoulder ",
2024-01-16 03:30,2024-01-16 04:46,"Cable Face Pulls",47.5,15,"",,,,Shoulders,"Shoulder ",
2024-01-16 03:30,2024-01-16 04:46,"Cable Face Pulls",47.5,15,"",,,,Shoulders,"Shoulder ",
2024-01-16 03:30,2024-01-16 04:46,"Cable Face Pulls",52.5,15,"",,,,Shoulders,"Shoulder ",
2024-01-16 03:30,2024-01-16 04:46,"Cable Flys",12.5,15,"",,,,Chest,"Shoulder ",
2024-01-16 03:30,2024-01-16 04:46,"Cable Flys",17.5,15,"",,,,Chest,"Shoulder ",
2024-01-16 03:30,2024-01-16 04:46,"Cable Flys",22.5,12,"",,,,Chest,"Shoulder ",
2024-01-16 03:30,2024-01-16 04:46,"Bench Press",25,12,"",,,,Chest,"Shoulder ",
2024-01-16 03:30,2024-01-16 04:46,"Bench Press",25,12,"",,,,Chest,"Shoulder ",
2024-01-16 03:30,2024-01-16 04:46,"Bench Press",25,10,"",,,,Chest,"Shoulder ",
2024-01-07 13:27,2024-01-07 15:12,"Incline Bench Press",10,15,"",,,,Chest,"Chest Tricep",
2024-01-07 13:27,2024-01-07 15:12,"Incline Bench Press",20,15,"",,,,Chest,"Chest Tricep",
2024-01-07 13:27,2024-01-07 15:12,"Incline Bench Press",22.5,15,"",,,,Chest,"Chest Tricep",
2024-01-07 13:27,2024-01-07 15:12,"Incline Bench Press",25,12,"",,,,Chest,"Chest Tricep",
2024-01-07 13:27,2024-01-07 15:12,"Bench Press",25,15,"",,,,Chest,"Chest Tricep",
2024-01-07 13:27,2024-01-07 15:12,"Bench Press",25,15,"",,,,Chest,"Chest Tricep",
2024-01-07 13:27,2024-01-07 15:12,"Bench Press",25,12,"",,,,Chest,"Chest Tricep",
2024-01-07 13:27,2024-01-07 15:12,"Mustache Bar Pushdown",22.5,15,"",,,,Triceps,"Chest Tricep",
2024-01-07 13:27,2024-01-07 15:12,"Mustache Bar Pushdown",27.5,15,"",,,,Triceps,"Chest Tricep",
2024-01-07 13:27,2024-01-07 15:12,"Mustache Bar Pushdown",32.5,15,"",,,,Triceps,"Chest Tricep",
2024-01-07 13:27,2024-01-07 15:12,"Mustache Bar Pushdown",37.5,12,"",,,,Triceps,"Chest Tricep",
2024-01-07 13:27,2024-01-07 15:12,"Iso-Pushdown",7.5,12,"1 pulley",,,,Triceps,"Chest Tricep",
2024-01-07 13:27,2024-01-07 15:12,"Iso-Pushdown",7.5,12,"",,,,Triceps,"Chest Tricep",
2024-01-07 13:27,2024-01-07 15:12,"Iso-Pushdown",7.5,12,"",,,,Triceps,"Chest Tricep",
2024-01-07 13:27,2024-01-07 15:12,"Assisted Dips",-40,8,"",,,,Triceps,"Chest Tricep",
2024-01-07 13:27,2024-01-07 15:12,"Assisted Dips",-40,8,"",,,,Triceps,"Chest Tricep",
2024-01-07 13:27,2024-01-07 15:12,"Assisted Dips",-40,8,"",,,,Triceps,"Chest Tricep",
2024-01-07 13:27,2024-01-07 15:12,"Cable Flys",7.5,15,"",,,,Chest,"Chest Tricep",
2024-01-07 13:27,2024-01-07 15:12,"Cable Flys",12.5,15,"",,,,Chest,"Chest Tricep",
2024-01-07 13:27,2024-01-07 15:12,"Cable Flys",17.5,12,"",,,,Chest,"Chest Tricep",
2024-01-07 13:27,2024-01-07 15:12,"Triceps Extensions",12.5,15,"",,,,Triceps,"Chest Tricep",
2024-01-07 13:27,2024-01-07 15:12,"Triceps Extensions",12.5,15,"",,,,Triceps,"Chest Tricep",
2024-01-07 13:27,2024-01-07 15:12,"Triceps Extensions",12.5,15,"",,,,Triceps,"Chest Tricep",
2024-01-06 07:25,2024-01-06 08:55,"Barbell Row",35,15,"",,,,Back,"Back Bicep",
2024-01-06 07:25,2024-01-06 08:55,"Barbell Row",35,15,"",,,,Back,"Back Bicep",
2024-01-06 07:25,2024-01-06 08:55,"Barbell Row",35,15,"took a break at 10",,,,Back,"Back Bicep",
2024-01-06 07:25,2024-01-06 08:55,"Cable Row",85,15,"wide grip",,,,Back,"Back Bicep",
2024-01-06 07:25,2024-01-06 08:55,"Cable Row",85,15,"",,,,Back,"Back Bicep",
2024-01-06 07:25,2024-01-06 08:55,"Cable Row",85,15,"",,,,Back,"Back Bicep",
2024-01-06 07:25,2024-01-06 08:55,"Lat Pull-down ",70,12,"",,,,Back,"Back Bicep",
2024-01-06 07:25,2024-01-06 08:55,"Lat Pull-down ",70,15,"",,,,Back,"Back Bicep",
2024-01-06 07:25,2024-01-06 08:55,"Lat Pull-down ",70,12,"- grip strength",,,,Back,"Back Bicep",
2024-01-06 07:25,2024-01-06 08:55,"Unilateral Reverse Fly ",7.5,15,"",,,,Back,"Back Bicep",
2024-01-06 07:25,2024-01-06 08:55,"Unilateral Reverse Fly ",7.5,15,"",,,,Back,"Back Bicep",
2024-01-06 07:25,2024-01-06 08:55,"Unilateral Reverse Fly ",9.5,15,"",,,,Back,"Back Bicep",
2024-01-06 07:25,2024-01-06 08:55,"Dumbbell Bicep Curl",15,15,"",,,,Biceps,"Back Bicep",
2024-01-06 07:25,2024-01-06 08:55,"Dumbbell Bicep Curl",15,15,"",,,,Biceps,"Back Bicep",
2024-01-06 07:25,2024-01-06 08:55,"Dumbbell Bicep Curl",15,15,"",,,,Biceps,"Back Bicep",
2024-01-06 07:25,2024-01-06 08:55,"Hammer Curl",15,12,"",,,,Biceps,"Back Bicep",
2024-01-06 07:25,2024-01-06 08:55,"Hammer Curl",15,12,"",,,,Biceps,"Back Bicep",
2024-01-06 07:25,2024-01-06 08:55,"Hammer Curl",15,12,"",,,,Biceps,"Back Bicep",
2024-01-06 07:25,2024-01-06 08:55,"Rope Cable Curls",22.5,15,"",,,,Biceps,"Back Bicep",
2024-01-06 07:25,2024-01-06 08:55,"Rope Cable Curls",22.5,15,"",,,,Biceps,"Back Bicep",
2024-01-06 07:25,2024-01-06 08:55,"Rope Cable Curls",22.5,15,"",,,,Biceps,"Back Bicep",
2023-11-27 07:53,2023-11-27 08:50,"Bench Press",45,7,"",,,,Chest,"Push",
2023-11-27 07:53,2023-11-27 08:50,"Bench Press",55,5,"",,,,Chest,"Push",
2023-11-27 07:53,2023-11-27 08:50,"Bench Press",55,5,"",,,,Chest,"Push",
2023-11-27 07:53,2023-11-27 08:50,"Bench Press",45,5,"",,,,Chest,"Push",
2023-11-27 07:53,2023-11-27 08:50,"Incline Dumbbell Press",40,12,"",,,,Chest,"Push",
2023-11-27 07:53,2023-11-27 08:50,"Incline Dumbbell Press",40,12,"",,,,Chest,"Push",
2023-11-27 07:53,2023-11-27 08:50,"Incline Dumbbell Press",45,10,"",,,,Chest,"Push",
2023-11-27 07:53,2023-11-27 08:50,"Dumbbell Lateral Raises",25,12,"Standing ",,,,Shoulders,"Push",
2023-11-27 07:53,2023-11-27 08:50,"Dumbbell Lateral Raises",25,12,"",,,,Shoulders,"Push",
2023-11-27 07:53,2023-11-27 08:50,"Dumbbell Lateral Raises",25,12,"Loosing Tension at the bottom ",,,,Shoulders,"Push",
2023-11-27 07:53,2023-11-27 08:50,"Dumbbell Lateral Raises",15,15,"",,,,Shoulders,"Push",
2023-11-27 07:53,2023-11-27 08:50,"Dumbbell Lateral Raises",15,15,"",,,,Shoulders,"Push",
2023-11-27 07:53,2023-11-27 08:50,"Dumbbell Lateral Raises",15,15,"",,,,Shoulders,"Push",
2023-11-27 07:53,2023-11-27 08:50,"Mustache Bar Pushdown",30,18,"",,,,Triceps,"Push",
2023-11-27 07:53,2023-11-27 08:50,"Mustache Bar Pushdown",35,15,"",,,,Triceps,"Push",
2023-11-27 07:53,2023-11-27 08:50,"Mustache Bar Pushdown",42.5,15,"",,,,Triceps,"Push",
2023-11-27 07:53,2023-11-27 08:50,"Mustache Bar Pushdown",50,15,"",,,,Triceps,"Push",
2023-11-25 10:33,2023-11-25 11:31,"Barbell Squats",45,10,"",,,,Legs,"Legs",
2023-11-25 10:33,2023-11-25 11:31,"Barbell Squats",70,5,"Bar is very low on your back ",,,,Legs,"Legs",
2023-11-25 10:33,2023-11-25 11:31,"Barbell Squats",55,8,"Hamstring pain ",,,,Legs,"Legs",
2023-11-25 10:33,2023-11-25 11:31,"Leg Curls",100,12,"Slow Eccentric ",,,,Legs,"Legs",
2023-11-25 10:33,2023-11-25 11:31,"Leg Curls",110,12,"",,,,Legs,"Legs",
2023-11-25 10:33,2023-11-25 11:31,"Leg Curls",115,10,"",,,,Legs,"Legs",
2023-11-25 10:33,2023-11-25 11:31,"Leg Extensions",115,10,"",,,,Legs,"Legs",
2023-11-25 10:33,2023-11-25 11:31,"Leg Extensions",130,10,"",,,,Legs,"Legs",
2023-11-25 10:33,2023-11-25 11:31,"Leg Extensions",130,10,"",,,,Legs,"Legs",
2023-11-25 10:33,2023-11-25 11:31,"Seated Calf Raises",50,12,"",,,,Legs,"Legs",
2023-11-25 10:33,2023-11-25 11:31,"Seated Calf Raises",50,12,"",,,,Legs,"Legs",
2023-11-25 10:33,2023-11-25 11:31,"Seated Calf Raises",50,12,"",,,,Legs,"Legs",
2023-11-25 10:33,2023-11-25 11:31,"Seated Calf Raises",50,12,"",,,,Legs,"Legs",
2023-11-24 09:04,2023-11-24 10:43,"Barbell Row",45,12,"",,,,Back,"Pull",
2023-11-24 09:04,2023-11-24 10:43,"Barbell Row",55,10,"",,,,Back,"Pull",
2023-11-24 09:04,2023-11-24 10:43,"Barbell Row",65,8,"",,,,Back,"Pull",
2023-11-24 09:04,2023-11-24 10:43,"Single Arm Cable Row",40,12,"",,,,Back,"Pull",
2023-11-24 09:04,2023-11-24 10:43,"Single Arm Cable Row",55,12,"",,,,Back,"Pull",
2023-11-24 09:04,2023-11-24 10:43,"Single Arm Cable Row",70,10,"",,,,Back,"Pull",
2023-11-24 09:04,2023-11-24 10:43,"Lat Pull-down ",100,12,"",,,,Back,"Pull",
2023-11-24 09:04,2023-11-24 10:43,"Lat Pull-down ",100,10,"",,,,Back,"Pull",
2023-11-24 09:04,2023-11-24 10:43,"Lat Pull-down ",120,10,"",,,,Back,"Pull",
2023-11-24 09:04,2023-11-24 10:43,"Chest Supported Rows",40,12,"",,,,Back,"Pull",
2023-11-24 09:04,2023-11-24 10:43,"Chest Supported Rows",40,12,"",,,,Back,"Pull",
2023-11-24 09:04,2023-11-24 10:43,"Chest Supported Rows",45,10,"",,,,Back,"Pull",
2023-11-24 09:04,2023-11-24 10:43,"Hanging Curls",20,15,"",,,,Biceps,"Pull",
2023-11-24 09:04,2023-11-24 10:43,"Hanging Curls",20,15,"",,,,Biceps,"Pull",
2023-11-24 09:04,2023-11-24 10:43,"Hanging Curls",20,15,"half reppinh towards the end ",,,,Biceps,"Pull",
2023-11-24 09:04,2023-11-24 10:43,"Hanging Curls",20,15,"",,,,Biceps,"Pull",
2023-11-24 09:04,2023-11-24 10:43,"Cable Hammer Curls",15,15,"",,,,Biceps,"Pull",
2023-11-24 09:04,2023-11-24 10:43,"Cable Hammer Curls",17.5,12,"",,,,Biceps,"Pull",
2023-11-24 09:04,2023-11-24 10:43,"Cable Hammer Curls",22.5,10,"",,,,Biceps,"Pull",
2023-11-22 07:44,2023-11-22 08:55,"Bench Press",35,6,"",,,,Chest,"Push",
2023-11-22 07:44,2023-11-22 08:55,"Bench Press",45,5,"",,,,Chest,"Push",
2023-11-22 07:44,2023-11-22 08:55,"Bench Press",55,5,"70 fail too much ",,,,Chest,"Push",
2023-11-22 07:44,2023-11-22 08:55,"Incline Dumbbell Press",35,12,"",,,,Chest,"Push",
2023-11-22 07:44,2023-11-22 08:55,"Incline Dumbbell Press",40,12,"",,,,Chest,"Push",
2023-11-22 07:44,2023-11-22 08:55,"Incline Dumbbell Press",45,10,"",,,,Chest,"Push",
2023-11-22 07:44,2023-11-22 08:55,"Incline Dumbbell Press",45,10,"",,,,Chest,"Push",
2023-11-22 07:44,2023-11-22 08:55,"Dumbbell Lateral Raises",20,15,"Standing ",,,,Shoulders,"Push",
2023-11-22 07:44,2023-11-22 08:55,"Dumbbell Lateral Raises",20,12,"",,,,Shoulders,"Push",
2023-11-22 07:44,2023-11-22 08:55,"Dumbbell Lateral Raises",20,10,"",,,,Shoulders,"Push",
2023-11-22 07:44,2023-11-22 08:55,"Rope Pushdowns",27.5,15,"",,,,Triceps,"Push",
2023-11-22 07:44,2023-11-22 08:55,"Rope Pushdowns",27.5,15,"",,,,Triceps,"Push",
2023-11-22 07:44,2023-11-22 08:55,"Rope Pushdowns",30,12,"",,,,Triceps,"Push",
2023-11-22 07:44,2023-11-22 08:55,"Cable Lateral Raises",10,15,"",,,,Shoulders,"Push",
2023-11-22 07:44,2023-11-22 08:55,"Cable Lateral Raises",15,12,"",,,,Shoulders,"Push",
2023-11-22 07:44,2023-11-22 08:55,"Cable Lateral Raises",17.5,10,"",,,,Shoulders,"Push",
2023-11-09 10:57,2023-11-09 12:21,"Incline Dumbbell Press",40,15,"",,,,Chest,"Push ",
2023-11-09 10:57,2023-11-09 12:21,"Incline Dumbbell Press",45,15,"",,,,Chest,"Push ",
2023-11-09 10:57,2023-11-09 12:21,"Incline Dumbbell Press",45,12,"",,,,Chest,"Push ",
2023-11-09 10:57,2023-11-09 12:21,"Incline Dumbbell Press",45,10,"",,,,Chest,"Push ",
2023-11-09 10:57,2023-11-09 12:21,"Smith Machine Press",25,12,"",,,,Shoulders,"Push ",
2023-11-09 10:57,2023-11-09 12:21,"Smith Machine Press",25,12,"",,,,Shoulders,"Push ",
2023-11-09 10:57,2023-11-09 12:21,"Smith Machine Press",25,12,"",,,,Shoulders,"Push ",
2023-11-09 10:57,2023-11-09 12:21,"Cable Lateral Raises",7.5,15,"",,,,Shoulders,"Push ",
2023-11-09 10:57,2023-11-09 12:21,"Cable Lateral Raises",7.5,15,"",,,,Shoulders,"Push ",
2023-11-09 10:57,2023-11-09 12:21,"Cable Lateral Raises",12.5,12,"",,,,Shoulders,"Push ",
2023-11-09 10:57,2023-11-09 12:21,"Cable Lateral Raises",7.5,20,"Failure",,,,Shoulders,"Push ",
2023-11-09 10:57,2023-11-09 12:21,"Iso-Pushdown",12.5,15,"4 pulley",,,,Triceps,"Push ",
2023-11-09 10:57,2023-11-09 12:21,"Iso-Pushdown",17.5,15,"",,,,Triceps,"Push ",
2023-11-09 10:57,2023-11-09 12:21,"Iso-Pushdown",22.5,8,"",,,,Triceps,"Push ",
2023-11-09 10:57,2023-11-09 12:21,"Cable Front Raises (with rope)",15,15,"",,,,Shoulders,"Push ",
2023-11-09 10:57,2023-11-09 12:21,"Cable Front Raises (with rope)",17.5,15,"",,,,Shoulders,"Push ",
2023-11-09 10:57,2023-11-09 12:21,"Cable Front Raises (with rope)",22.5,10,"",,,,Shoulders,"Push ",
2023-11-09 10:57,2023-11-09 12:21,"Pec Deck",50,15,"",,,,Chest,"Push ",
2023-11-09 10:57,2023-11-09 12:21,"Pec Deck",70,15,"",,,,Chest,"Push ",
2023-11-09 10:57,2023-11-09 12:21,"Pec Deck",70,15,"",,,,Chest,"Push ",
2023-11-09 10:57,2023-11-09 12:21,"Pec Deck",80,10,"",,,,Chest,"Push ",
2023-11-08 09:22,2023-11-08 11:16,"Cable Row",85,15,"",,,,Back,"Pull",
2023-11-08 09:22,2023-11-08 11:16,"Cable Row",85,15,"",,,,Back,"Pull",
2023-11-08 09:22,2023-11-08 11:16,"Cable Row",100,12,"",,,,Back,"Pull",
2023-11-08 09:22,2023-11-08 11:16,"Lat Pull-down ",85,15,"",,,,Back,"Pull",
2023-11-08 09:22,2023-11-08 11:16,"Lat Pull-down ",85,15,"",,,,Back,"Pull",
2023-11-08 09:22,2023-11-08 11:16,"Lat Pull-down ",100,12,"",,,,Back,"Pull",
2023-11-08 09:22,2023-11-08 11:16,"Chest Supported Rows",40,15,"",,,,Back,"Pull",
2023-11-08 09:22,2023-11-08 11:16,"Chest Supported Rows",40,15,"",,,,Back,"Pull",
2023-11-08 09:22,2023-11-08 11:16,"Chest Supported Rows",40,15,"Unsteady Reps (feels)",,,,Back,"Pull",
2023-11-08 09:22,2023-11-08 11:16,"Unilateral Reverse Fly ",7.5,15,"",,,,Back,"Pull",
2023-11-08 09:22,2023-11-08 11:16,"Unilateral Reverse Fly ",7.5,15,"",,,,Back,"Pull",
2023-11-08 09:22,2023-11-08 11:16,"Unilateral Reverse Fly ",12.5,15,"",,,,Back,"Pull",
2023-11-08 09:22,2023-11-08 11:16,"Single Arm Lat Pulldown",27.5,15,"",,,,Back,"Pull",
2023-11-08 09:22,2023-11-08 11:16,"Single Arm Lat Pulldown",32.5,15,"",,,,Back,"Pull",
2023-11-08 09:22,2023-11-08 11:16,"Single Arm Lat Pulldown",37.5,12,"",,,,Back,"Pull",
2023-11-08 09:22,2023-11-08 11:16,"Inclined Curls",25,6,"",,,,Biceps,"Pull",
2023-11-08 09:22,2023-11-08 11:16,"Inclined Curls",25,10,"",,,,Biceps,"Pull",
2023-11-08 09:22,2023-11-08 11:16,"Inclined Curls",25,6,"",,,,Biceps,"Pull",
2023-11-08 09:22,2023-11-08 11:16,"Inclined Curls",25,6,"",,,,Biceps,"Pull",
2023-11-08 09:22,2023-11-08 11:16,"Hammer Curl",20,10,"",,,,Biceps,"Pull",
2023-11-08 09:22,2023-11-08 11:16,"Hammer Curl",20,10,"",,,,Biceps,"Pull",
2023-11-08 09:22,2023-11-08 11:16,"Hammer Curl",20,10,"",,,,Biceps,"Pull",
2023-11-08 09:22,2023-11-08 11:16,"Hammer Curl",20,10,"",,,,Biceps,"Pull",
2023-10-16 12:29,2023-10-16 13:44,"Shoulder Dumbbell Press",40,15,"",,,,Shoulders,"Shoulders ",
2023-10-16 12:29,2023-10-16 13:44,"Shoulder Dumbbell Press",45,15,"",,,,Shoulders,"Shoulders ",
2023-10-16 12:29,2023-10-16 13:44,"Shoulder Dumbbell Press",55,8,"",,,,Shoulders,"Shoulders ",
2023-10-16 12:29,2023-10-16 13:44,"Shoulder Dumbbell Press",55,7,"",,,,Shoulders,"Shoulders ",
2023-10-16 12:29,2023-10-16 13:44,"Dumbbell Lateral Raises",20,15,"Sitting",,,,Shoulders,"Shoulders ",
2023-10-16 12:29,2023-10-16 13:44,"Dumbbell Lateral Raises",20,15,"",,,,Shoulders,"Shoulders ",
2023-10-16 12:29,2023-10-16 13:44,"Dumbbell Lateral Raises",20,15,"",,,,Shoulders,"Shoulders ",
2023-10-16 12:29,2023-10-16 13:44,"Dumbbell Lateral Raises",20,15,"",,,,Shoulders,"Shoulders ",
2023-10-16 12:29,2023-10-16 13:44,"Cable Face Pulls",52.5,15,"",,,,Shoulders,"Shoulders ",
2023-10-16 12:29,2023-10-16 13:44,"Cable Face Pulls",57.5,15,"",,,,Shoulders,"Shoulders ",
2023-10-16 12:29,2023-10-16 13:44,"Cable Face Pulls",57.5,15,"",,,,Shoulders,"Shoulders ",
2023-10-16 12:29,2023-10-16 13:44,"Cable Front Raises (with rope)",17.5,15,"",,,,Shoulders,"Shoulders ",
2023-10-16 12:29,2023-10-16 13:44,"Cable Front Raises (with rope)",17.5,15,"",,,,Shoulders,"Shoulders ",
2023-10-16 12:29,2023-10-16 13:44,"Cable Front Raises (with rope)",22.5,12,"",,,,Shoulders,"Shoulders ",
2023-10-16 12:29,2023-10-16 13:44,"Cable Lateral Raises",12.5,12,"",,,,Shoulders,"Shoulders ",
2023-10-16 12:29,2023-10-16 13:44,"Cable Lateral Raises",12.5,12,"",,,,Shoulders,"Shoulders ",
2023-10-16 12:29,2023-10-16 13:44,"Cable Lateral Raises",12.5,12,"",,,,Shoulders,"Shoulders ",
2023-10-16 12:29,2023-10-16 13:44,"Cable Lateral Raises",17.5,10,"Dropset",,,,Shoulders,"Shoulders ",
2023-10-13 13:35,2023-10-13 15:30,"Chest Supported Rows",50,15,"",,,,Back,"Back Bicep",
2023-10-13 13:35,2023-10-13 15:30,"Chest Supported Rows",45,15,"",,,,Back,"Back Bicep",
2023-10-13 13:35,2023-10-13 15:30,"Chest Supported Rows",45,12,"",,,,Back,"Back Bicep",
2023-10-13 13:35,2023-10-13 15:30,"Chest Supported Rows",45,15,"",,,,Back,"Back Bicep",
2023-10-13 13:35,2023-10-13 15:30,"Kneeling Cables",22.5,15,"",,,,Back,"Back Bicep",
2023-10-13 13:35,2023-10-13 15:30,"Kneeling Cables",32.5,15,"",,,,Back,"Back Bicep",
2023-10-13 13:35,2023-10-13 15:30,"Kneeling Cables",42.5,15,"",,,,Back,"Back Bicep",
2023-10-13 13:35,2023-10-13 15:30,"Kneeling Cables",47.5,12,"",,,,Back,"Back Bicep",
2023-10-13 13:35,2023-10-13 15:30,"Unilateral Reverse Fly ",12.5,15,"4 pully right machine",,,,Back,"Back Bicep",
2023-10-13 13:35,2023-10-13 15:30,"Unilateral Reverse Fly ",12.5,15,"",,,,Back,"Back Bicep",
2023-10-13 13:35,2023-10-13 15:30,"Unilateral Reverse Fly ",12.5,15,"",,,,Back,"Back Bicep",
2023-10-13 13:35,2023-10-13 15:30,"Cable Row",100,15,"Handles + Strapped",,,,Back,"Back Bicep",
2023-10-13 13:35,2023-10-13 15:30,"Cable Row",120,12,"slowed reps",,,,Back,"Back Bicep",
2023-10-13 13:35,2023-10-13 15:30,"Cable Row",120,12,"",,,,Back,"Back Bicep",
2023-10-13 13:35,2023-10-13 15:30,"Lat Pushdowns",32.5,15,"",,,,Back,"Back Bicep",
2023-10-13 13:35,2023-10-13 15:30,"Lat Pushdowns",32.5,15,"",,,,Back,"Back Bicep",
2023-10-13 13:35,2023-10-13 15:30,"Lat Pushdowns",30,15,"",,,,Back,"Back Bicep",
2023-10-13 13:35,2023-10-13 15:30,"Cable Hammer Curls",12.5,15,"",,,,Biceps,"Back Bicep",
2023-10-13 13:35,2023-10-13 15:30,"Cable Hammer Curls",17.5,15,"",,,,Biceps,"Back Bicep",
2023-10-13 13:35,2023-10-13 15:30,"Cable Hammer Curls",22.5,12,"",,,,Biceps,"Back Bicep",
2023-10-13 13:35,2023-10-13 15:30,"Dumbbell Bicep Curl",25,12,"",,,,Biceps,"Back Bicep",
2023-10-13 13:35,2023-10-13 15:30,"Dumbbell Bicep Curl",25,12,"",,,,Biceps,"Back Bicep",
2023-10-13 13:35,2023-10-13 15:30,"Dumbbell Bicep Curl",25,12,"",,,,Biceps,"Back Bicep",
2023-10-13 13:35,2023-10-13 15:30,"Cable Curls",30,15,"",,,,Biceps,"Back Bicep",
2023-10-13 13:35,2023-10-13 15:30,"Cable Curls",35,15,"",,,,Biceps,"Back Bicep",
2023-10-13 13:35,2023-10-13 15:30,"Cable Curls",40,15,"",,,,Biceps,"Back Bicep",
2023-10-12 19:21,2023-10-12 20:42,"Incline Bench Press",50,15,"",,,,Chest,"Chest Tricep ",
2023-10-12 19:21,2023-10-12 20:42,"Incline Bench Press",50,12,"",,,,Chest,"Chest Tricep ",
2023-10-12 19:21,2023-10-12 20:42,"Incline Bench Press",50,10,"",,,,Chest,"Chest Tricep ",
2023-10-12 19:21,2023-10-12 20:42,"Dumbbell flies",35,12,"",,,,Chest,"Chest Tricep ",
2023-10-12 19:21,2023-10-12 20:42,"Dumbbell flies",35,12,"",,,,Chest,"Chest Tricep ",
2023-10-12 19:21,2023-10-12 20:42,"Dumbbell flies",35,10,"",,,,Chest,"Chest Tricep ",
2023-10-12 19:21,2023-10-12 20:42,"Machine Chest Press",90,15,"",,,,Chest,"Chest Tricep ",
2023-10-12 19:21,2023-10-12 20:42,"Machine Chest Press",95,12,"",,,,Chest,"Chest Tricep ",
2023-10-12 19:21,2023-10-12 20:42,"Machine Chest Press",100,12,"last fail",,,,Chest,"Chest Tricep ",
2023-10-12 19:21,2023-10-12 20:42,"High-to-Low Cable Press",17.5,15,"",,,,Chest,"Chest Tricep ",
2023-10-12 19:21,2023-10-12 20:42,"High-to-Low Cable Press",27.5,12,"",,,,Chest,"Chest Tricep ",
2023-10-12 19:21,2023-10-12 20:42,"High-to-Low Cable Press",27.5,14,"",,,,Chest,"Chest Tricep ",
2023-10-12 19:21,2023-10-12 20:42,"High-to-Low Cable Press",27.5,15,"",,,,Chest,"Chest Tricep ",
2023-10-12 19:21,2023-10-12 20:42,"Mustache Bar Pushdown",30,15,"",,,,Triceps,"Chest Tricep ",
2023-10-12 19:21,2023-10-12 20:42,"Mustache Bar Pushdown",40,15,"",,,,Triceps,"Chest Tricep ",
2023-10-12 19:21,2023-10-12 20:42,"Mustache Bar Pushdown",40,15,"",,,,Triceps,"Chest Tricep ",
2023-10-12 19:21,2023-10-12 20:42,"Mustache Bar Pushdown",42.5,12,"",,,,Triceps,"Chest Tricep ",
2023-10-12 19:21,2023-10-12 20:42,"Iso-Pushdown",12.5,15,"fail last 3",,,,Triceps,"Chest Tricep ",
2023-10-12 19:21,2023-10-12 20:42,"Iso-Pushdown",10,15,"",,,,Triceps,"Chest Tricep ",
2023-10-12 19:21,2023-10-12 20:42,"Iso-Pushdown",10,15,"",,,,Triceps,"Chest Tricep ",
2023-10-12 19:21,2023-10-12 20:42,"Skullcrusher",40,12,"",,,,Triceps,"Chest Tricep ",
2023-10-12 19:21,2023-10-12 20:42,"Skullcrusher",40,12,"",,,,Triceps,"Chest Tricep ",
2023-10-12 19:21,2023-10-12 20:42,"Skullcrusher",40,12,"",,,,Triceps,"Chest Tricep ",
2023-10-12 19:21,2023-10-12 20:42,"Skullcrusher",40,12,"",,,,Triceps,"Chest Tricep ",
2023-10-10 06:50,2023-10-10 07:28,"Barbell Squats",35,12,"",,,,Legs,"Legs",
2023-10-10 06:50,2023-10-10 07:28,"Barbell Squats",40,12,"",,,,Legs,"Legs",
2023-10-10 06:50,2023-10-10 07:28,"Barbell Squats",45,12,"",,,,Legs,"Legs",
2023-10-10 06:50,2023-10-10 07:28,"Straight Leg Deadlifts",35,12,"",,,,Legs,"Legs",
2023-10-10 06:50,2023-10-10 07:28,"Straight Leg Deadlifts",35,12,"",,,,Legs,"Legs",
2023-10-10 06:50,2023-10-10 07:28,"Straight Leg Deadlifts",45,12,"",,,,Legs,"Legs",
2023-10-10 06:50,2023-10-10 07:28,"Calf Raises",45,15,"",,,,Legs,"Legs",
2023-10-10 06:50,2023-10-10 07:28,"Calf Raises",45,15,"",,,,Legs,"Legs",
2023-10-10 06:50,2023-10-10 07:28,"Calf Raises",45,15,"",,,,Legs,"Legs",
2023-10-10 06:50,2023-10-10 07:28,"Calf Raises",45,15,"",,,,Legs,"Legs",
2023-10-08 12:32,2023-10-08 14:11,"Chest Supported Rows",45,15,"lvl 5 + Shrugs",,,,Back,"Pull",
2023-10-08 12:32,2023-10-08 14:11,"Chest Supported Rows",45,15,"lvl 5 + Shrugs",,,,Back,"Pull",
2023-10-08 12:32,2023-10-08 14:11,"Chest Supported Rows",55,10,"lvl 5 + Less shrugs",,,,Back,"Pull",
2023-10-08 12:32,2023-10-08 14:11,"Kneeling Cables",25,15,"",,,,Back,"Pull",
2023-10-08 12:32,2023-10-08 14:11,"Kneeling Cables",40,15,"",,,,Back,"Pull",
2023-10-08 12:32,2023-10-08 14:11,"Kneeling Cables",42.5,12,"",,,,Back,"Pull",
2023-10-08 12:32,2023-10-08 14:11,"Kneeling Cables",42.5,12,"",,,,Back,"Pull",
2023-10-08 12:32,2023-10-08 14:11,"Lat Pushdowns",32.5,15,"",,,,Back,"Pull",
2023-10-08 12:32,2023-10-08 14:11,"Lat Pushdowns",32.5,15,"",,,,Back,"Pull",
2023-10-08 12:32,2023-10-08 14:11,"Lat Pushdowns",37.5,12,"",,,,Back,"Pull",
2023-10-08 12:32,2023-10-08 14:11,"Lat Pushdowns",37.8,12,"",,,,Back,"Pull",
2023-10-08 12:32,2023-10-08 14:11,"Unilateral Reverse Fly ",10,15,"Twin Machine",,,,Back,"Pull",
2023-10-08 12:32,2023-10-08 14:11,"Unilateral Reverse Fly ",15,12,"",,,,Back,"Pull",
2023-10-08 12:32,2023-10-08 14:11,"Unilateral Reverse Fly ",15,12,"",,,,Back,"Pull",
2023-10-08 12:32,2023-10-08 14:11,"Preacher Curls",20,15,"",,,,Biceps,"Pull",
2023-10-08 12:32,2023-10-08 14:11,"Preacher Curls",30,15,"",,,,Biceps,"Pull",
2023-10-08 12:32,2023-10-08 14:11,"Preacher Curls",40,15,"",,,,Biceps,"Pull",
2023-10-08 12:32,2023-10-08 14:11,"Cable Hammer Curls",12.5,15,"",,,,Biceps,"Pull",
2023-10-08 12:32,2023-10-08 14:11,"Cable Hammer Curls",17.5,15,"",,,,Biceps,"Pull",
2023-10-08 12:32,2023-10-08 14:11,"Cable Hammer Curls",22.5,12,"",,,,Biceps,"Pull",
2023-10-08 12:32,2023-10-08 14:11,"Cable Curls",22.5,15,"",,,,Biceps,"Pull",
2023-10-08 12:32,2023-10-08 14:11,"Cable Curls",27.5,15,"",,,,Biceps,"Pull",
2023-10-08 12:32,2023-10-08 14:11,"Cable Curls",32.5,15,"",,,,Biceps,"Pull",
2023-10-07 08:54,2023-10-07 10:38,"Incline Dumbbell Press",40,15,"",,,,Chest,"Push ",
2023-10-07 08:54,2023-10-07 10:38,"Incline Dumbbell Press",40,15,"",,,,Chest,"Push ",
2023-10-07 08:54,2023-10-07 10:38,"Incline Dumbbell Press",45,12,"",,,,Chest,"Push ",
2023-10-07 08:54,2023-10-07 10:38,"Incline Dumbbell Press",45,10,"",,,,Chest,"Push ",
2023-10-07 08:54,2023-10-07 10:38,"Shoulder Dumbbell Press",40,12,"",,,,Shoulders,"Push ",
2023-10-07 08:54,2023-10-07 10:38,"Shoulder Dumbbell Press",40,12,"",,,,Shoulders,"Push ",
2023-10-07 08:54,2023-10-07 10:38,"Shoulder Dumbbell Press",40,10,"",,,,Shoulders,"Push ",
2023-10-07 08:54,2023-10-07 10:38,"Cable Flys",12.5,15,"",,,,Chest,"Push ",
2023-10-07 08:54,2023-10-07 10:38,"Cable Flys",17.5,15,"",,,,Chest,"Push ",
2023-10-07 08:54,2023-10-07 10:38,"Cable Flys",17.5,15,"",,,,Chest,"Push ",
2023-10-07 08:54,2023-10-07 10:38,"Cable Flys",22.5,12,"dropset of 22,17,12",,,,Chest,"Push ",
2023-10-07 08:54,2023-10-07 10:38,"Cable Lateral Raises",12.5,15,"",,,,Shoulders,"Push ",
2023-10-07 08:54,2023-10-07 10:38,"Cable Lateral Raises",12.5,15,"",,,,Shoulders,"Push ",
2023-10-07 08:54,2023-10-07 10:38,"Cable Lateral Raises",12.5,15,"",,,,Shoulders,"Push ",
2023-10-07 08:54,2023-10-07 10:38,"Cable Lateral Raises",12.5,8,"Dropset 12, 7",,,,Shoulders,"Push ",
2023-10-07 08:54,2023-10-07 10:38,"Iso-Pushdown",10,18,"",,,,Triceps,"Push ",
2023-10-07 08:54,2023-10-07 10:38,"Iso-Pushdown",12.5,15,"",,,,Triceps,"Push ",
2023-10-07 08:54,2023-10-07 10:38,"Iso-Pushdown",15,15,"",,,,Triceps,"Push ",
2023-10-07 08:54,2023-10-07 10:38,"Iso-Pushdown",20,12,"",,,,Triceps,"Push ",
2023-10-07 08:54,2023-10-07 10:38,"Skullcrusher",50,12,"",,,,Triceps,"Push ",
2023-10-07 08:54,2023-10-07 10:38,"Skullcrusher",50,12,"",,,,Triceps,"Push ",
2023-10-07 08:54,2023-10-07 10:38,"Skullcrusher",50,12,"",,,,Triceps,"Push ",
2023-09-26 05:27,2023-09-26 07:26,"Chest Supported Rows",45,15,"",,,,Back,"Back & Bicep",
2023-09-26 05:27,2023-09-26 07:26,"Chest Supported Rows",45,15,"",,,,Back,"Back & Bicep",
2023-09-26 05:27,2023-09-26 07:26,"Chest Supported Rows",50,12,"",,,,Back,"Back & Bicep",
2023-09-26 05:27,2023-09-26 07:26,"Machine Row",80,15,"",,,,Back,"Back & Bicep",
2023-09-26 05:27,2023-09-26 07:26,"Machine Row",100,15,"",,,,Back,"Back & Bicep",
2023-09-26 05:27,2023-09-26 07:26,"Machine Row",100,15,"",,,,Back,"Back & Bicep",
2023-09-26 05:27,2023-09-26 07:26,"Machine Row",120,10,"",,,,Back,"Back & Bicep",
2023-09-26 05:27,2023-09-26 07:26,"Single Arm Lat Pulldown",37.5,12,"",,,,Back,"Back & Bicep",
2023-09-26 05:27,2023-09-26 07:26,"Single Arm Lat Pulldown",42.5,12,"",,,,Back,"Back & Bicep",
2023-09-26 05:27,2023-09-26 07:26,"Single Arm Lat Pulldown",47.5,10,"",,,,Back,"Back & Bicep",
2023-09-26 05:27,2023-09-26 07:26,"Lat Pushdowns",50,12,"Twin Machines",,,,Back,"Back & Bicep",
2023-09-26 05:27,2023-09-26 07:26,"Lat Pushdowns",50,10,"",,,,Back,"Back & Bicep",
2023-09-26 05:27,2023-09-26 07:26,"Lat Pushdowns",50,10,"",,,,Back,"Back & Bicep",
2023-09-26 05:27,2023-09-26 07:26,"Unilateral Reverse Fly ",10,15,"Twin Machine",,,,Back,"Back & Bicep",
2023-09-26 05:27,2023-09-26 07:26,"Unilateral Reverse Fly ",17.2,12,"",,,,Back,"Back & Bicep",
2023-09-26 05:27,2023-09-26 07:26,"Unilateral Reverse Fly ",17.2,10,"",,,,Back,"Back & Bicep",
2023-09-26 05:27,2023-09-26 07:26,"Rope Cable Curls",32.5,15,"",,,,Biceps,"Back & Bicep",
2023-09-26 05:27,2023-09-26 07:26,"Rope Cable Curls",32.5,15,"",,,,Biceps,"Back & Bicep",
2023-09-26 05:27,2023-09-26 07:26,"Rope Cable Curls",37.5,12,"",,,,Biceps,"Back & Bicep",
2023-09-26 05:27,2023-09-26 07:26,"Cable Hammer Curls",12.5,15,"",,,,Biceps,"Back & Bicep",
2023-09-26 05:27,2023-09-26 07:26,"Cable Hammer Curls",17.5,15,"",,,,Biceps,"Back & Bicep",
2023-09-26 05:27,2023-09-26 07:26,"Cable Hammer Curls",22.5,10,"",,,,Biceps,"Back & Bicep",
2023-09-26 05:27,2023-09-26 07:26,"Machine Curls",55,15,"",,,,Biceps,"Back & Bicep",
2023-09-26 05:27,2023-09-26 07:26,"Machine Curls",55,15,"",,,,Biceps,"Back & Bicep",
2023-09-26 05:27,2023-09-26 07:26,"Machine Curls",70,12,"",,,,Biceps,"Back & Bicep",
2023-09-25 12:33,2023-09-25 14:48,"Barbell Squats",25,12,"",,,,Legs,"Legs & Shoulders",
2023-09-25 12:33,2023-09-25 14:48,"Barbell Squats",25,12,"",,,,Legs,"Legs & Shoulders",
2023-09-25 12:33,2023-09-25 14:48,"Barbell Squats",30,12,"",,,,Legs,"Legs & Shoulders",
2023-09-25 12:33,2023-09-25 14:48,"Straight Leg Deadlifts",25,12,"",,,,Legs,"Legs & Shoulders",
2023-09-25 12:33,2023-09-25 14:48,"Straight Leg Deadlifts",35,12,"",,,,Legs,"Legs & Shoulders",
2023-09-25 12:33,2023-09-25 14:48,"Straight Leg Deadlifts",45,12,"",,,,Legs,"Legs & Shoulders",
2023-09-25 12:33,2023-09-25 14:48,"Leg Extensions",90,15,"",,,,Legs,"Legs & Shoulders",
2023-09-25 12:33,2023-09-25 14:48,"Leg Extensions",110,12,"",,,,Legs,"Legs & Shoulders",
2023-09-25 12:33,2023-09-25 14:48,"Leg Extensions",130,10,"",,,,Legs,"Legs & Shoulders",
2023-09-25 12:33,2023-09-25 14:48,"Leg Curls",90,12,"",,,,Legs,"Legs & Shoulders",
2023-09-25 12:33,2023-09-25 14:48,"Leg Curls",110,8," ",,,,Legs,"Legs & Shoulders",
2023-09-25 12:33,2023-09-25 14:48,"Leg Curls",110,6,"",,,,Legs,"Legs & Shoulders",
2023-09-25 12:33,2023-09-25 14:48,"Seated Calf Raises",45,12,"",,,,Legs,"Legs & Shoulders",
2023-09-25 12:33,2023-09-25 14:48,"Seated Calf Raises",45,10,"",,,,Legs,"Legs & Shoulders",
2023-09-25 12:33,2023-09-25 14:48,"Seated Calf Raises",45,10,"",,,,Legs,"Legs & Shoulders",
2023-09-25 12:33,2023-09-25 14:48,"Shoulder Dumbbell Press",35,20,"",,,,Shoulders,"Legs & Shoulders",
2023-09-25 12:33,2023-09-25 14:48,"Shoulder Dumbbell Press",35,20,"",,,,Shoulders,"Legs & Shoulders",
2023-09-25 12:33,2023-09-25 14:48,"Shoulder Dumbbell Press",35,20,"",,,,Shoulders,"Legs & Shoulders",
2023-09-25 12:33,2023-09-25 14:48,"Shoulder Dumbbell Press",35,20,"",,,,Shoulders,"Legs & Shoulders",
2023-09-25 12:33,2023-09-25 14:48,"ISO-Lateral Shoulder Press",55,12,"",,,,Shoulders,"Legs & Shoulders",
2023-09-25 12:33,2023-09-25 14:48,"ISO-Lateral Shoulder Press",55,12,"Together",,,,Shoulders,"Legs & Shoulders",
2023-09-25 12:33,2023-09-25 14:48,"ISO-Lateral Shoulder Press",55,8,"",,,,Shoulders,"Legs & Shoulders",
2023-09-25 12:33,2023-09-25 14:48,"Cable Lateral Raises",12.5,15,"",,,,Shoulders,"Legs & Shoulders",
2023-09-25 12:33,2023-09-25 14:48,"Cable Lateral Raises",12.5,15,"",,,,Shoulders,"Legs & Shoulders",
2023-09-25 12:33,2023-09-25 14:48,"Cable Lateral Raises",12.5,15,"",,,,Shoulders,"Legs & Shoulders",
2023-09-25 12:33,2023-09-25 14:48,"Cable Lateral Raises",12.5,15,"",,,,Shoulders,"Legs & Shoulders",
2023-09-25 12:33,2023-09-25 14:48,"Cable Face Pulls",40,15,"",,,,Shoulders,"Legs & Shoulders",
2023-09-25 12:33,2023-09-25 14:48,"Cable Face Pulls",60,12,"",,,,Shoulders,"Legs & Shoulders",
2023-09-25 12:33,2023-09-25 14:48,"Cable Face Pulls",60,12,"",,,,Shoulders,"Legs & Shoulders",
2023-09-25 12:33,2023-09-25 14:48,"Lateral Raises ",22.5,15,"",,,,Shoulders,"Legs & Shoulders",
2023-09-25 12:33,2023-09-25 14:48,"Lateral Raises ",22.5,15,"",,,,Shoulders,"Legs & Shoulders",
2023-09-21 19:45,2023-09-21 20:49,"Barbell Row",25,15,"",,,,Back,"Back Bicep",
2023-09-21 19:45,2023-09-21 20:49,"Barbell Row",35,15,"",,,,Back,"Back Bicep",
2023-09-21 19:45,2023-09-21 20:49,"Barbell Row",45,12,"",,,,Back,"Back Bicep",
2023-09-21 19:45,2023-09-21 20:49,"Chest Supported Rows",50,12,"",,,,Back,"Back Bicep",
2023-09-21 19:45,2023-09-21 20:49,"Chest Supported Rows",50,10,"",,,,Back,"Back Bicep",
2023-09-21 19:45,2023-09-21 20:49,"Chest Supported Rows",50,10,"",,,,Back,"Back Bicep",
2023-09-21 19:45,2023-09-21 20:49,"Lat Pull-down ",100,15,"",,,,Back,"Back Bicep",
2023-09-21 19:45,2023-09-21 20:49,"Lat Pull-down ",120,10,"",,,,Back,"Back Bicep",
2023-09-21 19:45,2023-09-21 20:49,"Lat Pull-down ",120,10,"",,,,Back,"Back Bicep",
2023-09-21 19:45,2023-09-21 20:49,"Lat Pushdowns",38.5,15,"",,,,Back,"Back Bicep",
2023-09-21 19:45,2023-09-21 20:49,"Lat Pushdowns",38.5,12,"",,,,Back,"Back Bicep",
2023-09-21 19:45,2023-09-21 20:49,"Lat Pushdowns",43.5,10,"",,,,Back,"Back Bicep",
2023-09-21 19:45,2023-09-21 20:49,"Unilateral Reverse Fly ",12.5,15,"",,,,Back,"Back Bicep",
2023-09-21 19:45,2023-09-21 20:49,"Unilateral Reverse Fly ",12.5,15,"",,,,Back,"Back Bicep",
2023-09-21 19:45,2023-09-21 20:49,"Unilateral Reverse Fly ",15,10,"",,,,Back,"Back Bicep",
2023-09-20 19:02,2023-09-20 20:42,"Incline Dumbbell Press",40,15,"",,,,Chest,"Chest Tricep",
2023-09-20 19:02,2023-09-20 20:42,"Incline Dumbbell Press",45,15,"",,,,Chest,"Chest Tricep",
2023-09-20 19:02,2023-09-20 20:42,"Incline Dumbbell Press",50,12,"",,,,Chest,"Chest Tricep",
2023-09-20 19:02,2023-09-20 20:42,"Cable Flys",12.5,15,"",,,,Chest,"Chest Tricep",
2023-09-20 19:02,2023-09-20 20:42,"Cable Flys",17.5,15,"",,,,Chest,"Chest Tricep",
2023-09-20 19:02,2023-09-20 20:42,"Cable Flys",17.5,15,"",,,,Chest,"Chest Tricep",
2023-09-20 19:02,2023-09-20 20:42,"Cable Flys",22.5,12,"",,,,Chest,"Chest Tricep",
2023-09-20 19:02,2023-09-20 20:42,"Low to High Cable Fly ",12.5,15,"",,,,Chest,"Chest Tricep",
2023-09-20 19:02,2023-09-20 20:42,"Low to High Cable Fly ",12.5,15,"",,,,Chest,"Chest Tricep",
2023-09-20 19:02,2023-09-20 20:42,"Low to High Cable Fly ",17.5,12,"",,,,Chest,"Chest Tricep",
2023-09-20 19:02,2023-09-20 20:42,"Machine Chest Press",90,15,"",,,,Chest,"Chest Tricep",
2023-09-20 19:02,2023-09-20 20:42,"Machine Chest Press",110,15,"Spot last 3",,,,Chest,"Chest Tricep",
2023-09-20 19:02,2023-09-20 20:42,"Machine Chest Press",105,12,"",,,,Chest,"Chest Tricep",
2023-09-20 19:02,2023-09-20 20:42,"Rope Pushdowns",27.5,15,"",,,,Triceps,"Chest Tricep",
2023-09-20 19:02,2023-09-20 20:42,"Rope Pushdowns",27.5,15,"",,,,Triceps,"Chest Tricep",
2023-09-20 19:02,2023-09-20 20:42,"Rope Pushdowns",32.5,10,"",,,,Triceps,"Chest Tricep",
2023-09-20 19:02,2023-09-20 20:42,"Mustache Bar Pushdown",30,15,"",,,,Triceps,"Chest Tricep",
2023-09-20 19:02,2023-09-20 20:42,"Mustache Bar Pushdown",35,15,"",,,,Triceps,"Chest Tricep",
2023-09-20 19:02,2023-09-20 20:42,"Mustache Bar Pushdown",42.5,12,"",,,,Triceps,"Chest Tricep",
2023-09-20 19:02,2023-09-20 20:42,"Triceps Extensions",27.5,15,"rope",,,,Triceps,"Chest Tricep",
2023-09-20 19:02,2023-09-20 20:42,"Triceps Extensions",27.5,12,"",,,,Triceps,"Chest Tricep",
2023-09-20 19:02,2023-09-20 20:42,"Triceps Extensions",27.5,12,"",,,,Triceps,"Chest Tricep",
2023-09-20 19:02,2023-09-20 20:42,"Iso-Pushdown",10,15,"",,,,Triceps,"Chest Tricep",
2023-09-20 19:02,2023-09-20 20:42,"Iso-Pushdown",15,12,"",,,,Triceps,"Chest Tricep",
2023-09-20 19:02,2023-09-20 20:42,"Iso-Pushdown",15,12,"",,,,Triceps,"Chest Tricep",
2023-09-15 19:23,2023-09-15 20:17,"Shoulder Dumbbell Press",40,15,"",,,,Shoulders,"Shoulders",
2023-09-15 19:23,2023-09-15 20:17,"Shoulder Dumbbell Press",45,15,"",,,,Shoulders,"Shoulders",
2023-09-15 19:23,2023-09-15 20:17,"Shoulder Dumbbell Press",50,8,"",,,,Shoulders,"Shoulders",
2023-09-15 19:23,2023-09-15 20:17,"Cable Lateral Raises",10,15,"Grey Machine section",,,,Shoulders,"Shoulders",
2023-09-15 19:23,2023-09-15 20:17,"Cable Lateral Raises",12.5,12,"",,,,Shoulders,"Shoulders",
2023-09-15 19:23,2023-09-15 20:17,"Cable Lateral Raises",12.5,12,"",,,,Shoulders,"Shoulders",
2023-09-15 19:23,2023-09-15 20:17,"ISO-Lateral Shoulder Press",35,15,"",,,,Shoulders,"Shoulders",
2023-09-15 19:23,2023-09-15 20:17,"ISO-Lateral Shoulder Press",45,15,"",,,,Shoulders,"Shoulders",
2023-09-15 19:23,2023-09-15 20:17,"ISO-Lateral Shoulder Press",55,12,"",,,,Shoulders,"Shoulders",
2023-09-15 19:23,2023-09-15 20:17,"Cable Face Pulls",42.5,15,"",,,,Shoulders,"Shoulders",
2023-09-15 19:23,2023-09-15 20:17,"Cable Face Pulls",47.5,15,"",,,,Shoulders,"Shoulders",
2023-09-15 19:23,2023-09-15 20:17,"Cable Face Pulls",47.5,15,"",,,,Shoulders,"Shoulders",
2023-09-15 19:23,2023-09-15 20:17,"Cable Face Pulls",52.5,15,"",,,,Shoulders,"Shoulders",
2023-09-15 19:23,2023-09-15 20:17,"Lateral Raises ",20,12,"",,,,Shoulders,"Shoulders",
2023-09-15 19:23,2023-09-15 20:17,"Lateral Raises ",20,12,"",,,,Shoulders,"Shoulders",
2023-09-15 19:23,2023-09-15 20:17,"Lateral Raises ",20,12,"",,,,Shoulders,"Shoulders",
2023-09-13 05:51,2023-09-13 07:45,"Assisted Pull Up",-0,8,"",,,,Back,"Back & Bicep",
2023-09-13 05:51,2023-09-13 07:45,"Assisted Pull Up",-40,10,"",,,,Back,"Back & Bicep",
2023-09-13 05:51,2023-09-13 07:45,"Assisted Pull Up",-40,10,"Paused in between",,,,Back,"Back & Bicep",
2023-09-13 05:51,2023-09-13 07:45,"Cable Row",100,12,"Strapped ",,,,Back,"Back & Bicep",
2023-09-13 05:51,2023-09-13 07:45,"Cable Row",100,12,"",,,,Back,"Back & Bicep",
2023-09-13 05:51,2023-09-13 07:45,"Cable Row",120,12,"",,,,Back,"Back & Bicep",
2023-09-13 05:51,2023-09-13 07:45,"Kneeling Cables",32.5,15,"",,,,Back,"Back & Bicep",
2023-09-13 05:51,2023-09-13 07:45,"Kneeling Cables",32.5,15,"",,,,Back,"Back & Bicep",
2023-09-13 05:51,2023-09-13 07:45,"Kneeling Cables",37.5,12,"",,,,Back,"Back & Bicep",
2023-09-13 05:51,2023-09-13 07:45,"Chest Supported Rows",35,15,"",,,,Back,"Back & Bicep",
2023-09-13 05:51,2023-09-13 07:45,"Chest Supported Rows",35,15,"",,,,Back,"Back & Bicep",
2023-09-13 05:51,2023-09-13 07:45,"Chest Supported Rows",40,12,"",,,,Back,"Back & Bicep",
2023-09-13 05:51,2023-09-13 07:45,"Unilateral Reverse Fly ",7.5,15,"",,,,Back,"Back & Bicep",
2023-09-13 05:51,2023-09-13 07:45,"Unilateral Reverse Fly ",12.5,15,"",,,,Back,"Back & Bicep",
2023-09-13 05:51,2023-09-13 07:45,"Unilateral Reverse Fly ",12.5,15,"",,,,Back,"Back & Bicep",
2023-09-13 05:51,2023-09-13 07:45,"Unilateral Reverse Fly ",12.5,15,"",,,,Back,"Back & Bicep",
2023-09-13 05:51,2023-09-13 07:45,"Rope Cable Curls",22.5,18,"",,,,Biceps,"Back & Bicep",
2023-09-13 05:51,2023-09-13 07:45,"Rope Cable Curls",32.5,15,"",,,,Biceps,"Back & Bicep",
2023-09-13 05:51,2023-09-13 07:45,"Rope Cable Curls",37.5,12,"",,,,Biceps,"Back & Bicep",
2023-09-13 05:51,2023-09-13 07:45,"Rope Cable Curls",42.5,10,"",,,,Biceps,"Back & Bicep",
2023-09-13 05:51,2023-09-13 07:45,"Barbell Bicep Curl",50,12,"",,,,Biceps,"Back & Bicep",
2023-09-13 05:51,2023-09-13 07:45,"Barbell Bicep Curl",50,12,"",,,,Biceps,"Back & Bicep",
2023-09-13 05:51,2023-09-13 07:45,"Barbell Bicep Curl",50,12,"",,,,Biceps,"Back & Bicep",
2023-09-13 05:51,2023-09-13 07:45,"Rope Cable Curls",12.5,12,"",,,,Biceps,"Back & Bicep",
2023-09-13 05:51,2023-09-13 07:45,"Rope Cable Curls",17.5,12,"",,,,Biceps,"Back & Bicep",
2023-09-13 05:51,2023-09-13 07:45,"Rope Cable Curls",17.5,12,"",,,,Biceps,"Back & Bicep",
2023-09-13 05:51,2023-09-13 07:45,"Cable Hammer Curls",10,15,"",,,,Biceps,"Back & Bicep",
2023-09-13 05:51,2023-09-13 07:45,"Cable Hammer Curls",10,15,"",,,,Biceps,"Back & Bicep",
2023-09-13 05:51,2023-09-13 07:45,"Cable Hammer Curls",15,10,"",,,,Biceps,"Back & Bicep",
2023-09-12 10:30,2023-09-12 11:36,"Incline Bench Press",45,15,"",,,,Chest,"Chest Tricep",
2023-09-12 10:30,2023-09-12 11:36,"Incline Bench Press",50,12,"",,,,Chest,"Chest Tricep",
2023-09-12 10:30,2023-09-12 11:36,"Incline Bench Press",50,10,"",,,,Chest,"Chest Tricep",
2023-09-12 10:30,2023-09-12 11:36,"Dumbbell Press",40,10,"",,,,Chest,"Chest Tricep",
2023-09-12 10:30,2023-09-12 11:36,"Dumbbell Press",40,10,"",,,,Chest,"Chest Tricep",
2023-09-12 10:30,2023-09-12 11:36,"Dumbbell Press",40,8,"",,,,Chest,"Chest Tricep",
2023-09-12 10:30,2023-09-12 11:36,"Cable Crossovers",20,15,"",,,,Chest,"Chest Tricep",
2023-09-12 10:30,2023-09-12 11:36,"Cable Crossovers",20,15,"",,,,Chest,"Chest Tricep",
2023-09-12 10:30,2023-09-12 11:36,"Cable Crossovers",25,10,"",,,,Chest,"Chest Tricep",
2023-09-12 10:30,2023-09-12 11:36,"Machine Chest Press",80,15,"",,,,Chest,"Chest Tricep",
2023-09-12 10:30,2023-09-12 11:36,"Machine Chest Press",90,12,"",,,,Chest,"Chest Tricep",
2023-09-12 10:30,2023-09-12 11:36,"Machine Chest Press",80,12,"",,,,Chest,"Chest Tricep",
2023-09-12 10:30,2023-09-12 11:36,"Mustache Bar Pushdown",42.5,15,"",,,,Triceps,"Chest Tricep",
2023-09-12 10:30,2023-09-12 11:36,"Mustache Bar Pushdown",50,12,"",,,,Triceps,"Chest Tricep",
2023-09-12 10:30,2023-09-12 11:36,"Mustache Bar Pushdown",57.5,10,"",,,,Triceps,"Chest Tricep",
2023-09-12 10:30,2023-09-12 11:36,"Iso-Pushdown",10,15,"",,,,Triceps,"Chest Tricep",
2023-09-12 10:30,2023-09-12 11:36,"Iso-Pushdown",15,12,"",,,,Triceps,"Chest Tricep",
2023-09-12 10:30,2023-09-12 11:36,"Iso-Pushdown",15,12,"",,,,Triceps,"Chest Tricep",
2023-09-12 10:30,2023-09-12 11:36,"Triceps Extensions",27.5,15,"rope",,,,Triceps,"Chest Tricep",
2023-09-12 10:30,2023-09-12 11:36,"Triceps Extensions",27.5,12,"",,,,Triceps,"Chest Tricep",
2023-09-12 10:30,2023-09-12 11:36,"Triceps Extensions",27.5,12,"",,,,Triceps,"Chest Tricep",
2023-09-12 10:30,2023-09-12 11:36,"Triceps Extensions",22.5,15,"",,,,Triceps,"Chest Tricep",
2023-08-31 13:34,2023-08-31 14:28,"Chest Supported Rows",45,12,"",,,,Back,"Back ",
2023-08-31 13:34,2023-08-31 14:28,"Chest Supported Rows",45,12,"",,,,Back,"Back ",
2023-08-31 13:34,2023-08-31 14:28,"Chest Supported Rows",45,12,"",,,,Back,"Back ",
2023-08-31 13:34,2023-08-31 14:28,"Lat Pull-down ",100,15,"",,,,Back,"Back ",
2023-08-31 13:34,2023-08-31 14:28,"Lat Pull-down ",120,12,"",,,,Back,"Back ",
2023-08-31 13:34,2023-08-31 14:28,"Lat Pull-down ",120,10,"",,,,Back,"Back ",
2023-08-31 13:34,2023-08-31 14:28,"Kneeling Cables",37.5,12,"",,,,Back,"Back ",
2023-08-31 13:34,2023-08-31 14:28,"Kneeling Cables",37.5,12,"",,,,Back,"Back ",
2023-08-31 13:34,2023-08-31 14:28,"Kneeling Cables",42.5,12,"",,,,Back,"Back ",
2023-08-31 13:34,2023-08-31 14:28,"Unilateral Reverse Fly ",12.5,15,"",,,,Back,"Back ",
2023-08-31 13:34,2023-08-31 14:28,"Unilateral Reverse Fly ",12.5,15,"",,,,Back,"Back ",
2023-08-31 13:34,2023-08-31 14:28,"Unilateral Reverse Fly ",17.5,10,"",,,,Back,"Back ",
2023-08-29 16:02,2023-08-29 17:22,"Incline Bench Press",40,15,"",,,,Chest,"Chest Tricep",
2023-08-29 16:02,2023-08-29 17:22,"Incline Bench Press",45,12,"",,,,Chest,"Chest Tricep",
2023-08-29 16:02,2023-08-29 17:22,"Incline Bench Press",50,10,"",,,,Chest,"Chest Tricep",
2023-08-29 16:02,2023-08-29 17:22,"Incline Bench Press",50,5,"",,,,Chest,"Chest Tricep",
2023-08-29 16:02,2023-08-29 17:22,"High-to-Low Cable Press",17.5,15,"",,,,Chest,"Chest Tricep",
2023-08-29 16:02,2023-08-29 17:22,"High-to-Low Cable Press",27.5,15,"",,,,Chest,"Chest Tricep",
2023-08-29 16:02,2023-08-29 17:22,"High-to-Low Cable Press",32.5,12,"",,,,Chest,"Chest Tricep",
2023-08-29 16:02,2023-08-29 17:22,"Cable Flys",12.5,15,"",,,,Chest,"Chest Tricep",
2023-08-29 16:02,2023-08-29 17:22,"Cable Flys",17.5,15,"",,,,Chest,"Chest Tricep",
2023-08-29 16:02,2023-08-29 17:22,"Cable Flys",17.5,15,"",,,,Chest,"Chest Tricep",
2023-08-29 16:02,2023-08-29 17:22,"Cable Flys",22.5,12,"",,,,Chest,"Chest Tricep",
2023-08-29 16:02,2023-08-29 17:22,"Cable lower chest raises ",12.5,15,"",,,,Chest,"Chest Tricep",
2023-08-29 16:02,2023-08-29 17:22,"Cable lower chest raises ",12.5,15,"",,,,Chest,"Chest Tricep",
2023-08-29 16:02,2023-08-29 17:22,"Cable lower chest raises ",12.5,15,"",,,,Chest,"Chest Tricep",
2023-08-29 16:02,2023-08-29 17:22,"Rope Pushdowns",27.5,15,"",,,,Triceps,"Chest Tricep",
2023-08-29 16:02,2023-08-29 17:22,"Rope Pushdowns",27.5,15,"",,,,Triceps,"Chest Tricep",
2023-08-29 16:02,2023-08-29 17:22,"Rope Pushdowns",32.5,10,"",,,,Triceps,"Chest Tricep",
2023-08-29 16:02,2023-08-29 17:22,"Iso-Pushdown",12.5,15,"",,,,Triceps,"Chest Tricep",
2023-08-29 16:02,2023-08-29 17:22,"Iso-Pushdown",12.5,15,"",,,,Triceps,"Chest Tricep",
2023-08-29 16:02,2023-08-29 17:22,"Iso-Pushdown",12.5,15,"",,,,Triceps,"Chest Tricep",
2023-08-29 16:02,2023-08-29 17:22,"Triceps Extensions",35,15,"mustach bar",,,,Triceps,"Chest Tricep",
2023-08-29 16:02,2023-08-29 17:22,"Triceps Extensions",35,15,"",,,,Triceps,"Chest Tricep",
2023-08-29 16:02,2023-08-29 17:22,"Triceps Extensions",42.5,10,"",,,,Triceps,"Chest Tricep",
2023-08-29 16:02,2023-08-29 17:22,"Mustache Bar Pushdown",35,15,"",,,,Triceps,"Chest Tricep",
2023-08-29 16:02,2023-08-29 17:22,"Mustache Bar Pushdown",42.5,15,"FORM CHECK!",,,,Triceps,"Chest Tricep",
2023-08-29 16:02,2023-08-29 17:22,"Mustache Bar Pushdown",45,12,"",,,,Triceps,"Chest Tricep",
2023-08-19 10:31,2023-08-19 11:30,"Shoulder Dumbbell Press",40,15,"",,,,Shoulders,"Shoulders",
2023-08-19 10:31,2023-08-19 11:30,"Shoulder Dumbbell Press",50,15,"",,,,Shoulders,"Shoulders",
2023-08-19 10:31,2023-08-19 11:30,"Shoulder Dumbbell Press",50,12,"",,,,Shoulders,"Shoulders",
2023-08-19 10:31,2023-08-19 11:30,"Cable Lateral Raises",7.5,15,"Red Cable Machine",,,,Shoulders,"Shoulders",
2023-08-19 10:31,2023-08-19 11:30,"Cable Lateral Raises",12.5,15,"",,,,Shoulders,"Shoulders",
2023-08-19 10:31,2023-08-19 11:30,"Cable Lateral Raises",12.5,15,"",,,,Shoulders,"Shoulders",
2023-08-19 10:31,2023-08-19 11:30,"Cable Face Pulls",32.5,15,"",,,,Shoulders,"Shoulders",
2023-08-19 10:31,2023-08-19 11:30,"Cable Face Pulls",42.5,15,"",,,,Shoulders,"Shoulders",
2023-08-19 10:31,2023-08-19 11:30,"Cable Face Pulls",42.5,15,"",,,,Shoulders,"Shoulders",
2023-08-19 10:31,2023-08-19 11:30,"Cable Face Pulls",52.5,12,"",,,,Shoulders,"Shoulders",
2023-08-19 10:31,2023-08-19 11:30,"Cable Front Raises (with rope)",12.5,15,"",,,,Shoulders,"Shoulders",
2023-08-19 10:31,2023-08-19 11:30,"Cable Front Raises (with rope)",17.5,15,"",,,,Shoulders,"Shoulders",
2023-08-19 10:31,2023-08-19 11:30,"Cable Front Raises (with rope)",22.5,12,"",,,,Shoulders,"Shoulders",
2023-08-19 10:31,2023-08-19 11:30,"Lateral Raises ",15,12,"Standing ",,,,Shoulders,"Shoulders",
2023-08-19 10:31,2023-08-19 11:30,"Lateral Raises ",15,15,"",,,,Shoulders,"Shoulders",
2023-08-19 10:31,2023-08-19 11:30,"Lateral Raises ",15,15,"",,,,Shoulders,"Shoulders",
2023-08-19 10:31,2023-08-19 11:30,"Upright Row",60,12,"",,,,Shoulders,"Shoulders",
2023-08-19 10:31,2023-08-19 11:30,"Upright Row",60,12,"",,,,Shoulders,"Shoulders",
2023-08-19 10:31,2023-08-19 11:30,"Upright Row",60,15,"",,,,Shoulders,"Shoulders",
2023-08-11 16:01,2023-08-11 17:40,"Pull Up",0,7,"",,,,Back,"Back & Bicep ",
2023-08-11 16:01,2023-08-11 17:40,"Pull Up",0,5,"",,,,Back,"Back & Bicep ",
2023-08-11 16:01,2023-08-11 17:40,"Pull Up",0,5,"",,,,Back,"Back & Bicep ",
2023-08-11 16:01,2023-08-11 17:40,"Cable Row",90,12,"",,,,Back,"Back & Bicep ",
2023-08-11 16:01,2023-08-11 17:40,"Cable Row",90,12,"",,,,Back,"Back & Bicep ",
2023-08-11 16:01,2023-08-11 17:40,"Cable Row",100,12,"",,,,Back,"Back & Bicep ",
2023-08-11 16:01,2023-08-11 17:40,"Chest Supported Rows",45,12,"",,,,Back,"Back & Bicep ",
2023-08-11 16:01,2023-08-11 17:40,"Chest Supported Rows",45,12,"",,,,Back,"Back & Bicep ",
2023-08-11 16:01,2023-08-11 17:40,"Chest Supported Rows",45,11,"Forearms gave up ",,,,Back,"Back & Bicep ",
2023-08-11 16:01,2023-08-11 17:40,"Lat Pushdowns",38.5,15,"",,,,Back,"Back & Bicep ",
2023-08-11 16:01,2023-08-11 17:40,"Lat Pushdowns",38.5,12,"",,,,Back,"Back & Bicep ",
2023-08-11 16:01,2023-08-11 17:40,"Lat Pushdowns",43.5,10,"",,,,Back,"Back & Bicep ",
2023-08-11 16:01,2023-08-11 17:40,"Single arm cable curls",12.5,15,"",,,,Biceps,"Back & Bicep ",
2023-08-11 16:01,2023-08-11 17:40,"Single arm cable curls",17.5,12,"",,,,Biceps,"Back & Bicep ",
2023-08-11 16:01,2023-08-11 17:40,"Single arm cable curls",22.5,10,"",,,,Biceps,"Back & Bicep ",
2023-08-11 16:01,2023-08-11 17:40,"Inclined Curls",15,15,"lvl 4",,,,Biceps,"Back & Bicep ",
2023-08-11 16:01,2023-08-11 17:40,"Inclined Curls",15,15,"lvl 4",,,,Biceps,"Back & Bicep ",
2023-08-11 16:01,2023-08-11 17:40,"Inclined Curls",20,10,"",,,,Biceps,"Back & Bicep ",
2023-08-11 16:01,2023-08-11 17:40,"Hanging Curls",20,12,"",,,,Biceps,"Back & Bicep ",
2023-08-11 16:01,2023-08-11 17:40,"Hanging Curls",20,12,"",,,,Biceps,"Back & Bicep ",
2023-08-11 16:01,2023-08-11 17:40,"Hanging Curls",20,10,"",,,,Biceps,"Back & Bicep ",
2023-08-11 16:01,2023-08-11 17:40,"Hammer Curl",20,12,"",,,,Biceps,"Back & Bicep ",
2023-08-11 16:01,2023-08-11 17:40,"Hammer Curl",20,12,"",,,,Biceps,"Back & Bicep ",
2023-08-11 16:01,2023-08-11 17:40,"Hammer Curl",20,12,"",,,,Biceps,"Back & Bicep ",
2023-08-11 16:01,2023-08-11 17:40,"Barbell Bicep Curl",30,12,"",,,,Biceps,"Back & Bicep ",
2023-08-11 16:01,2023-08-11 17:40,"Barbell Bicep Curl",30,12,"",,,,Biceps,"Back & Bicep ",
2023-08-11 16:01,2023-08-11 17:40,"Barbell Bicep Curl",30,12,"",,,,Biceps,"Back & Bicep ",
2023-08-05 12:40,2023-08-05 14:32,"Dumbbell Row",40,15,"",,,,Back,"Back Bicep",
2023-08-05 12:40,2023-08-05 14:32,"Dumbbell Row",45,15,"",,,,Back,"Back Bicep",
2023-08-05 12:40,2023-08-05 14:32,"Dumbbell Row",50,12,"",,,,Back,"Back Bicep",
2023-08-05 12:40,2023-08-05 14:32,"Chest Supported Rows",25,15,"",,,,Back,"Back Bicep",
2023-08-05 12:40,2023-08-05 14:32,"Chest Supported Rows",25,15,"",,,,Back,"Back Bicep",
2023-08-05 12:40,2023-08-05 14:32,"Chest Supported Rows",25,15,"",,,,Back,"Back Bicep",
2023-08-05 12:40,2023-08-05 14:32,"Kneeling Cables",32.5,12,"",,,,Back,"Back Bicep",
2023-08-05 12:40,2023-08-05 14:32,"Kneeling Cables",37.5,12,"",,,,Back,"Back Bicep",
2023-08-05 12:40,2023-08-05 14:32,"Kneeling Cables",37.5,12,"",,,,Back,"Back Bicep",
2023-08-05 12:40,2023-08-05 14:32,"Lat Pushdowns",30,15,"",,,,Back,"Back Bicep",
2023-08-05 12:40,2023-08-05 14:32,"Lat Pushdowns",32.5,15,"",,,,Back,"Back Bicep",
2023-08-05 12:40,2023-08-05 14:32,"Lat Pushdowns",32.5,12,"",,,,Back,"Back Bicep",
2023-08-05 12:40,2023-08-05 14:32,"Inclined Curls",15,15,"lvl 3",,,,Biceps,"Back Bicep",
2023-08-05 12:40,2023-08-05 14:32,"Inclined Curls",15,15,"lvl 4 ",,,,Biceps,"Back Bicep",
2023-08-05 12:40,2023-08-05 14:32,"Inclined Curls",15,15,"",,,,Biceps,"Back Bicep",
2023-08-05 12:40,2023-08-05 14:32,"Inclined Curls",20,12,"",,,,Biceps,"Back Bicep",
2023-08-05 12:40,2023-08-05 14:32,"Hanging Curls",15,12,"lvl 3",,,,Biceps,"Back Bicep",
2023-08-05 12:40,2023-08-05 14:32,"Hanging Curls",15,12,"lvl 4",,,,Biceps,"Back Bicep",
2023-08-05 12:40,2023-08-05 14:32,"Hanging Curls",15,12,"lvl 4",,,,Biceps,"Back Bicep",
2023-08-05 12:40,2023-08-05 14:32,"Hanging Curls",15,12,"",,,,Biceps,"Back Bicep",
2023-08-05 12:40,2023-08-05 14:32,"Cable Hammer Curls",10,15,"",,,,Biceps,"Back Bicep",
2023-08-05 12:40,2023-08-05 14:32,"Cable Hammer Curls",10,15,"",,,,Biceps,"Back Bicep",
2023-08-05 12:40,2023-08-05 14:32,"Cable Hammer Curls",10,15,"",,,,Biceps,"Back Bicep",
2023-08-05 12:40,2023-08-05 14:32,"Twenty-Ones",30,8,"",,,,Biceps,"Back Bicep",
2023-08-05 12:40,2023-08-05 14:32,"Twenty-Ones",30,7,"",,,,Biceps,"Back Bicep",
2023-08-05 12:40,2023-08-05 14:32,"Twenty-Ones",30,7,"",,,,Biceps,"Back Bicep",
2023-07-29 17:06,2023-07-29 17:54,"Shoulder Dumbbell Press",35,15,"",,,,Shoulders,"Shoulders",
2023-07-29 17:06,2023-07-29 17:54,"Shoulder Dumbbell Press",35,15,"",,,,Shoulders,"Shoulders",
2023-07-29 17:06,2023-07-29 17:54,"Shoulder Dumbbell Press",35,12,"last rep fail ",,,,Shoulders,"Shoulders",
2023-07-29 17:06,2023-07-29 17:54,"Cable Lateral Raises",10,15,"",,,,Shoulders,"Shoulders",
2023-07-29 17:06,2023-07-29 17:54,"Cable Lateral Raises",10,15,"",,,,Shoulders,"Shoulders",
2023-07-29 17:06,2023-07-29 17:54,"Cable Lateral Raises",10,12,"",,,,Shoulders,"Shoulders",
2023-07-29 17:06,2023-07-29 17:54,"Cable Face Pulls",32.5,15,"",,,,Shoulders,"Shoulders",
2023-07-29 17:06,2023-07-29 17:54,"Cable Face Pulls",35,15,"",,,,Shoulders,"Shoulders",
2023-07-29 17:06,2023-07-29 17:54,"Cable Face Pulls",35,15,"",,,,Shoulders,"Shoulders",
2023-07-29 17:06,2023-07-29 17:54,"Cable Face Pulls",42.8,12,"",,,,Shoulders,"Shoulders",
2023-07-29 17:06,2023-07-29 17:54,"ISO-Lateral Shoulder Press",35,15,"",,,,Shoulders,"Shoulders",
2023-07-29 17:06,2023-07-29 17:54,"ISO-Lateral Shoulder Press",35,15,"",,,,Shoulders,"Shoulders",
2023-07-29 17:06,2023-07-29 17:54,"ISO-Lateral Shoulder Press",45,10,"",,,,Shoulders,"Shoulders",
2023-06-20 05:53,2023-06-20 07:10,"Chest Supported Rows",30,15,"",,,,Back,"Back Bicep",
2023-06-20 05:53,2023-06-20 07:10,"Chest Supported Rows",35,15,"",,,,Back,"Back Bicep",
2023-06-20 05:53,2023-06-20 07:10,"Chest Supported Rows",35,15,"",,,,Back,"Back Bicep",
2023-06-20 05:53,2023-06-20 07:10,"Chest Supported Rows",35,10,"",,,,Back,"Back Bicep",
2023-06-20 05:53,2023-06-20 07:10,"Barbell Row",20,15,"",,,,Back,"Back Bicep",
2023-06-20 05:53,2023-06-20 07:10,"Barbell Row",30,15,"",,,,Back,"Back Bicep",
2023-06-20 05:53,2023-06-20 07:10,"Barbell Row",50,6,"",,,,Back,"Back Bicep",
2023-06-20 05:53,2023-06-20 07:10,"Single Arm Cable Row",8.75,15,"",,,,Back,"Back Bicep",
2023-06-20 05:53,2023-06-20 07:10,"Single Arm Cable Row",13.75,15,"",,,,Back,"Back Bicep",
2023-06-20 05:53,2023-06-20 07:10,"Single Arm Cable Row",16.25,12,"",,,,Back,"Back Bicep",
2023-06-20 05:53,2023-06-20 07:10,"Lat Pushdowns",32.5,15,"Last Rep Fail",,,,Back,"Back Bicep",
2023-06-20 05:53,2023-06-20 07:10,"Lat Pushdowns",32.5,15,"Last Rep Fail",,,,Back,"Back Bicep",
2023-06-20 05:53,2023-06-20 07:10,"Lat Pushdowns",27.5,12,"last 2-3 improper form ",,,,Back,"Back Bicep",
2023-06-20 05:53,2023-06-20 07:10,"Dumbbell Bicep Curl",20,15,"",,,,Biceps,"Back Bicep",
2023-06-20 05:53,2023-06-20 07:10,"Dumbbell Bicep Curl",20,12,"",,,,Biceps,"Back Bicep",
2023-06-20 05:53,2023-06-20 07:10,"Dumbbell Bicep Curl",20,12,"poor form",,,,Biceps,"Back Bicep",
2023-06-20 05:53,2023-06-20 07:10,"Cable Hammer Curls",22.5,15,"",,,,Biceps,"Back Bicep",
2023-06-20 05:53,2023-06-20 07:10,"Cable Hammer Curls",27.5,12,"",,,,Biceps,"Back Bicep",
2023-06-20 05:53,2023-06-20 07:10,"Cable Hammer Curls",27.5,12,"",,,,Biceps,"Back Bicep",
2023-06-13 05:52,2023-06-13 07:13,"Dumbbell Press",40,15,"",,,,Chest,"Chest Tricep",
2023-06-13 05:52,2023-06-13 07:13,"Dumbbell Press",40,15,"",,,,Chest,"Chest Tricep",
2023-06-13 05:52,2023-06-13 07:13,"Dumbbell Press",45,12,"",,,,Chest,"Chest Tricep",
2023-06-13 05:52,2023-06-13 07:13,"Cable Flys",16.5,15,"",,,,Chest,"Chest Tricep",
2023-06-13 05:52,2023-06-13 07:13,"Cable Flys",16.5,15,"",,,,Chest,"Chest Tricep",
2023-06-13 05:52,2023-06-13 07:13,"Cable Flys",18.75,15,"height 12",,,,Chest,"Chest Tricep",
2023-06-13 05:52,2023-06-13 07:13,"Incline Dumbbell Press",30,15,"",,,,Chest,"Chest Tricep",
2023-06-13 05:52,2023-06-13 07:13,"Incline Dumbbell Press",35,15,"last rep fail ",,,,Chest,"Chest Tricep",
2023-06-13 05:52,2023-06-13 07:13,"Incline Dumbbell Press",40,12,"last rep fail",,,,Chest,"Chest Tricep",
2023-06-13 05:52,2023-06-13 07:13,"Machine Chest Press",80,15,"",,,,Chest,"Chest Tricep",
2023-06-13 05:52,2023-06-13 07:13,"Machine Chest Press",90,12,"",,,,Chest,"Chest Tricep",
2023-06-13 05:52,2023-06-13 07:13,"Machine Chest Press",100,4,"",,,,Chest,"Chest Tricep",
2023-06-13 05:52,2023-06-13 07:13,"Rope Pushdowns",23.75,15,"",,,,Triceps,"Chest Tricep",
2023-06-13 05:52,2023-06-13 07:13,"Rope Pushdowns",28.75,15,"",,,,Triceps,"Chest Tricep",
2023-06-13 05:52,2023-06-13 07:13,"Rope Pushdowns",32.5,12,"check form ",,,,Triceps,"Chest Tricep",
2023-06-13 05:52,2023-06-13 07:13,"Mustache Bar Pushdown",38.75,15,"",,,,Triceps,"Chest Tricep",
2023-06-13 05:52,2023-06-13 07:13,"Mustache Bar Pushdown",40,15,"",,,,Triceps,"Chest Tricep",
2023-06-13 05:52,2023-06-13 07:13,"Mustache Bar Pushdown",45,10,"",,,,Triceps,"Chest Tricep",
2023-06-13 05:52,2023-06-13 07:13,"Triceps Extensions",27.5,6,"Dropset done",,,,Triceps,"Chest Tricep",
2023-06-13 05:52,2023-06-13 07:13,"Triceps Extensions",22.5,8,"dropset",,,,Triceps,"Chest Tricep",
2023-06-13 05:52,2023-06-13 07:13,"Triceps Extensions",27.5,10,"dropset",,,,Triceps,"Chest Tricep",
2023-06-13 05:52,2023-06-13 07:13,"Triceps Extensions",0,12,"dropset",,,,Triceps,"Chest Tricep",
2023-06-13 05:52,2023-06-13 07:13,"Triceps Extensions",0,15,"dropset",,,,Triceps,"Chest Tricep",
2023-06-09 20:56,2023-06-09 22:12,"Goblet Sqats",35,15,"",,,,Legs,"Legs",
2023-06-09 20:56,2023-06-09 22:12,"Goblet Sqats",40,15,"",,,,Legs,"Legs",
2023-06-09 20:56,2023-06-09 22:12,"Goblet Sqats",45,15,"",,,,Legs,"Legs",
2023-06-09 20:56,2023-06-09 22:12,"Goblet Sqats",50,15,"",,,,Legs,"Legs",
2023-06-09 20:56,2023-06-09 22:12,"Straight Leg Deadlifts",30,15,"",,,,Legs,"Legs",
2023-06-09 20:56,2023-06-09 22:12,"Straight Leg Deadlifts",50,12,"Limitng Factor: Grip Strength ",,,,Legs,"Legs",
2023-06-09 20:56,2023-06-09 22:12,"Straight Leg Deadlifts",50,12,"Limitng Factor: Grip Strength ",,,,Legs,"Legs",
2023-06-09 20:56,2023-06-09 22:12,"Leg Press",100,15,"",,,,Legs,"Legs",
2023-06-09 20:56,2023-06-09 22:12,"Leg Press",110,15,"",,,,Legs,"Legs",
2023-06-09 20:56,2023-06-09 22:12,"Leg Press",130,12,"",,,,Legs,"Legs",
2023-06-09 20:56,2023-06-09 22:12,"Leg Extensions",90,15,"",,,,Legs,"Legs",
2023-06-09 20:56,2023-06-09 22:12,"Leg Extensions",100,12,"",,,,Legs,"Legs",
2023-06-09 20:56,2023-06-09 22:12,"Leg Extensions",130,10,"",,,,Legs,"Legs",
2023-06-09 20:56,2023-06-09 22:12,"Leg Curls",90,12,"",,,,Legs,"Legs",
2023-06-09 20:56,2023-06-09 22:12,"Leg Curls",110,8," ",,,,Legs,"Legs",
2023-06-09 20:56,2023-06-09 22:12,"Leg Curls",110,8,"failed",,,,Legs,"Legs",
2023-06-09 20:56,2023-06-09 22:12,"Calf Raises",10,15,"",,,,Legs,"Legs",
2023-06-09 20:56,2023-06-09 22:12,"Calf Raises",10,15,"",,,,Legs,"Legs",
2023-06-09 20:56,2023-06-09 22:12,"Calf Raises",10,15,"",,,,Legs,"Legs",
2023-06-08 21:21,2023-06-08 22:46,"Dumbbell Row",40,15,"",,,,Back,"Back Bicep ",
2023-06-08 21:21,2023-06-08 22:46,"Dumbbell Row",45,15,"",,,,Back,"Back Bicep ",
2023-06-08 21:21,2023-06-08 22:46,"Dumbbell Row",45,15,"",,,,Back,"Back Bicep ",
2023-06-08 21:21,2023-06-08 22:46,"Chest Supported Rows",30,15,"",,,,Back,"Back Bicep ",
2023-06-08 21:21,2023-06-08 22:46,"Chest Supported Rows",30,15,"",,,,Back,"Back Bicep ",
2023-06-08 21:21,2023-06-08 22:46,"Chest Supported Rows",30,15,"",,,,Back,"Back Bicep ",
2023-06-08 21:21,2023-06-08 22:46,"Lat Pushdowns",17.5,15,"",,,,Back,"Back Bicep ",
2023-06-08 21:21,2023-06-08 22:46,"Lat Pushdowns",22.5,15,"",,,,Back,"Back Bicep ",
2023-06-08 21:21,2023-06-08 22:46,"Lat Pushdowns",27.5,12,"",,,,Back,"Back Bicep ",
2023-06-08 21:21,2023-06-08 22:46,"Lat Pull-down ",100,12,"",,,,Back,"Back Bicep ",
2023-06-08 21:21,2023-06-08 22:46,"Lat Pull-down ",100,10,"",,,,Back,"Back Bicep ",
2023-06-08 21:21,2023-06-08 22:46,"Lat Pull-down ",100,10,"",,,,Back,"Back Bicep ",
2023-06-08 21:21,2023-06-08 22:46,"Single Arm Preacher Curls",20,15,"",,,,Biceps,"Back Bicep ",
2023-06-08 21:21,2023-06-08 22:46,"Single Arm Preacher Curls",20,15,"",,,,Biceps,"Back Bicep ",
2023-06-08 21:21,2023-06-08 22:46,"Single Arm Preacher Curls",20,15,"",,,,Biceps,"Back Bicep ",
2023-06-08 21:21,2023-06-08 22:46,"Hammer Curl",15,12,"",,,,Biceps,"Back Bicep ",
2023-06-08 21:21,2023-06-08 22:46,"Hammer Curl",15,12,"",,,,Biceps,"Back Bicep ",
2023-06-08 21:21,2023-06-08 22:46,"Hammer Curl",15,12,"",,,,Biceps,"Back Bicep ",
2023-06-08 21:21,2023-06-08 22:46,"Cable Curls",22.5,15,"",,,,Biceps,"Back Bicep ",
2023-06-08 21:21,2023-06-08 22:46,"Cable Curls",22.5,15,"",,,,Biceps,"Back Bicep ",
2023-06-08 21:21,2023-06-08 22:46,"Cable Curls",32.5,12,"",,,,Biceps,"Back Bicep ",
2023-06-07 05:21,2023-06-07 06:59,"Dumbbell Press",35,15,"",,,,Chest,"Chest Tricep",
2023-06-07 05:21,2023-06-07 06:59,"Dumbbell Press",40,15,"",,,,Chest,"Chest Tricep",
2023-06-07 05:21,2023-06-07 06:59,"Dumbbell Press",45,12,"",,,,Chest,"Chest Tricep",
2023-06-07 05:21,2023-06-07 06:59,"Dumbbell Press",50,8,"",,,,Chest,"Chest Tricep",
2023-06-07 05:21,2023-06-07 06:59,"Lower Chest Crossovers",17.5,15,"",,,,Chest,"Chest Tricep",
2023-06-07 05:21,2023-06-07 06:59,"Lower Chest Crossovers",22.5,15,"",,,,Chest,"Chest Tricep",
2023-06-07 05:21,2023-06-07 06:59,"Lower Chest Crossovers",22.5,12,"",,,,Chest,"Chest Tricep",
2023-06-07 05:21,2023-06-07 06:59,"Lower Chest Crossovers",22.5,12,"",,,,Chest,"Chest Tricep",
2023-06-07 05:21,2023-06-07 06:59,"Pec Deck",50,15,"",,,,Chest,"Chest Tricep",
2023-06-07 05:21,2023-06-07 06:59,"Pec Deck",60,12,"",,,,Chest,"Chest Tricep",
2023-06-07 05:21,2023-06-07 06:59,"Pec Deck",60,12,"",,,,Chest,"Chest Tricep",
2023-06-07 05:21,2023-06-07 06:59,"Incline Dumbbell Press",35,12,"",,,,Chest,"Chest Tricep",
2023-06-07 05:21,2023-06-07 06:59,"Incline Dumbbell Press",35,12,"",,,,Chest,"Chest Tricep",
2023-06-07 05:21,2023-06-07 06:59,"Incline Dumbbell Press",40,8,"",,,,Chest,"Chest Tricep",
2023-06-07 05:21,2023-06-07 06:59,"Rope Pushdowns",32.5,12,"",,,,Triceps,"Chest Tricep",
2023-06-07 05:21,2023-06-07 06:59,"Rope Pushdowns",22.5,15,"",,,,Triceps,"Chest Tricep",
2023-06-07 05:21,2023-06-07 06:59,"Rope Pushdowns",22.5,15,"",,,,Triceps,"Chest Tricep",
2023-06-07 05:21,2023-06-07 06:59,"Rope Pushdowns",27.5,12,"",,,,Triceps,"Chest Tricep",
2023-06-07 05:21,2023-06-07 06:59,"Triceps Extensions",17.5,15,"",,,,Triceps,"Chest Tricep",
2023-06-07 05:21,2023-06-07 06:59,"Triceps Extensions",22.5,12,"arms being together towards the end",,,,Triceps,"Chest Tricep",
2023-06-07 05:21,2023-06-07 06:59,"Triceps Extensions",27.5,15,"arms together",,,,Triceps,"Chest Tricep",
2023-06-07 05:21,2023-06-07 06:59,"Mustache Bar Pushdown",37.5,15,"",,,,Triceps,"Chest Tricep",
2023-06-07 05:21,2023-06-07 06:59,"Mustache Bar Pushdown",40,12,"",,,,Triceps,"Chest Tricep",
2023-06-07 05:21,2023-06-07 06:59,"Mustache Bar Pushdown",42.5,12,"",,,,Triceps,"Chest Tricep",
2023-06-07 05:21,2023-06-07 06:59,"Half Dips",20,15,"",,,,Triceps,"Chest Tricep",
2023-06-07 05:21,2023-06-07 06:59,"Half Dips",20,15,"",,,,Triceps,"Chest Tricep",
2023-06-07 05:21,2023-06-07 06:59,"Half Dips",20,15,"",,,,Triceps,"Chest Tricep",
2023-06-05 21:35,2023-06-05 22:54,"Shoulder Dumbbell Press",40,15,"",,,,Shoulders,"Shoulder & Abs",
2023-06-05 21:35,2023-06-05 22:54,"Shoulder Dumbbell Press",45,14,"last rep fail",,,,Shoulders,"Shoulder & Abs",
2023-06-05 21:35,2023-06-05 22:54,"Shoulder Dumbbell Press",45,12,"",,,,Shoulders,"Shoulder & Abs",
2023-06-05 21:35,2023-06-05 22:54,"Cable Lateral Raises",13.5,12,"",,,,Shoulders,"Shoulder & Abs",
2023-06-05 21:35,2023-06-05 22:54,"Cable Lateral Raises",13.5,12,"half repping towards the end ",,,,Shoulders,"Shoulder & Abs",
2023-06-05 21:35,2023-06-05 22:54,"Cable Lateral Raises",13.5,12,"",,,,Shoulders,"Shoulder & Abs",
2023-06-05 21:35,2023-06-05 22:54,"Cable Face Pulls",32.5,15,"Start with 37.5 ",,,,Shoulders,"Shoulder & Abs",
2023-06-05 21:35,2023-06-05 22:54,"Cable Face Pulls",37.5,15,"",,,,Shoulders,"Shoulder & Abs",
2023-06-05 21:35,2023-06-05 22:54,"Cable Face Pulls",42.5,12,"",,,,Shoulders,"Shoulder & Abs",
2023-06-05 21:35,2023-06-05 22:54,"Machine Press",90,15,"",,,,Shoulders,"Shoulder & Abs",
2023-06-05 21:35,2023-06-05 22:54,"Machine Press",100,15,"",,,,Shoulders,"Shoulder & Abs",
2023-06-05 21:35,2023-06-05 22:54,"Machine Press",120,10,"",,,,Shoulders,"Shoulder & Abs",
2023-06-05 21:35,2023-06-05 22:54,"Crunches",0,25,"",,,,Abs,"Shoulder & Abs",
2023-06-05 21:35,2023-06-05 22:54,"Crunches",0,25,"",,,,Abs,"Shoulder & Abs",
2023-06-05 21:35,2023-06-05 22:54,"Crunches",0,25,"",,,,Abs,"Shoulder & Abs",
2023-06-05 21:35,2023-06-05 22:54,"Crunches",0,25,"",,,,Abs,"Shoulder & Abs",
2023-06-05 21:35,2023-06-05 22:54,"Leg Raises",0,15,"",,,,Abs,"Shoulder & Abs",
2023-06-05 21:35,2023-06-05 22:54,"Leg Raises",0,15,"",,,,Abs,"Shoulder & Abs",
2023-06-05 21:35,2023-06-05 22:54,"Leg Raises",0,20,"",,,,Abs,"Shoulder & Abs",
2023-06-05 21:35,2023-06-05 22:54,"Plank",,,"",,,60,Abs,"Shoulder & Abs",
2023-06-05 21:35,2023-06-05 22:54,"Plank",,,"",,,60,Abs,"Shoulder & Abs",
2023-06-05 21:35,2023-06-05 22:54,"Plank",,,"",,,60,Abs,"Shoulder & Abs",
2023-06-02 21:14,2023-06-02 22:30,"Lunges",35,12,"",,,,Legs,"Legs",
2023-06-02 21:14,2023-06-02 22:30,"Lunges",35,12,"",,,,Legs,"Legs",
2023-06-02 21:14,2023-06-02 22:30,"Lunges",35,12,"",,,,Legs,"Legs",
2023-06-02 21:14,2023-06-02 22:30,"Straight Leg Deadlifts",20,12,"",,,,Legs,"Legs",
2023-06-02 21:14,2023-06-02 22:30,"Straight Leg Deadlifts",30,12,"",,,,Legs,"Legs",
2023-06-02 21:14,2023-06-02 22:30,"Straight Leg Deadlifts",40,12,"",,,,Legs,"Legs",
2023-06-02 21:14,2023-06-02 22:30,"Leg Press",80,15,"",,,,Legs,"Legs",
2023-06-02 21:14,2023-06-02 22:30,"Leg Press",90,15,"",,,,Legs,"Legs",
2023-06-02 21:14,2023-06-02 22:30,"Leg Press",120,12,"",,,,Legs,"Legs",
2023-06-02 21:14,2023-06-02 22:30,"Leg Extensions",80,15,"",,,,Legs,"Legs",
2023-06-02 21:14,2023-06-02 22:30,"Leg Extensions",90,15,"",,,,Legs,"Legs",
2023-06-02 21:14,2023-06-02 22:30,"Leg Extensions",110,10,"",,,,Legs,"Legs",
2023-06-02 21:14,2023-06-02 22:30,"Leg Curls",90,12,"",,,,Legs,"Legs",
2023-06-02 21:14,2023-06-02 22:30,"Leg Curls",90,12,"",,,,Legs,"Legs",
2023-06-02 21:14,2023-06-02 22:30,"Leg Curls",110,8,"",,,,Legs,"Legs",
2023-06-02 21:14,2023-06-02 22:30,"Calf Raises",5,12,"",,,,Legs,"Legs",
2023-06-02 21:14,2023-06-02 22:30,"Calf Raises",5,12,"",,,,Legs,"Legs",
2023-06-02 21:14,2023-06-02 22:30,"Calf Raises",5,12,"",,,,Legs,"Legs",
2023-05-31 05:24,2023-05-31 06:30,"Dumbbell Bicep Curl",15,15,"",,,,Biceps,"Arms",
2023-05-31 05:24,2023-05-31 06:30,"Dumbbell Bicep Curl",15,15,"",,,,Biceps,"Arms",
2023-05-31 05:24,2023-05-31 06:30,"Dumbbell Bicep Curl",20,12,"",,,,Biceps,"Arms",
2023-05-31 05:24,2023-05-31 06:30,"Dumbbell Bicep Curl",20,12,"",,,,Biceps,"Arms",
2023-05-31 05:24,2023-05-31 06:30,"Cable Curls",17.5,15,"",,,,Biceps,"Arms",
2023-05-31 05:24,2023-05-31 06:30,"Cable Curls",22.5,15,"",,,,Biceps,"Arms",
2023-05-31 05:24,2023-05-31 06:30,"Cable Curls",27.5,12,"",,,,Biceps,"Arms",
2023-05-31 05:24,2023-05-31 06:30,"Cable Hammer Curls",22.5,15,"",,,,Biceps,"Arms",
2023-05-31 05:24,2023-05-31 06:30,"Cable Hammer Curls",22.5,15,"",,,,Biceps,"Arms",
2023-05-31 05:24,2023-05-31 06:30,"Cable Hammer Curls",27.5,12,"",,,,Biceps,"Arms",
2023-05-31 05:24,2023-05-31 06:30,"Cable Hammer Curls",32.5,8,"",,,,Biceps,"Arms",
2023-05-31 05:24,2023-05-31 06:30,"Hammer Curl",15,12,"",,,,Biceps,"Arms",
2023-05-31 05:24,2023-05-31 06:30,"Hammer Curl",15,12,"",,,,Biceps,"Arms",
2023-05-31 05:24,2023-05-31 06:30,"Hammer Curl",20,10,"shakey form ",,,,Biceps,"Arms",
2023-05-31 05:24,2023-05-31 06:30,"Rope Pushdowns",16.5,15,"",,,,Triceps,"Arms",
2023-05-31 05:24,2023-05-31 06:30,"Rope Pushdowns",22.5,15,"",,,,Triceps,"Arms",
2023-05-31 05:24,2023-05-31 06:30,"Rope Pushdowns",27.5,12,"",,,,Triceps,"Arms",
2023-05-31 05:24,2023-05-31 06:30,"Mustache Bar Pushdown",32.5,15,"",,,,Triceps,"Arms",
2023-05-31 05:24,2023-05-31 06:30,"Mustache Bar Pushdown",37.5,15,"",,,,Triceps,"Arms",
2023-05-31 05:24,2023-05-31 06:30,"Mustache Bar Pushdown",42.5,12,"",,,,Triceps,"Arms",
2023-05-31 05:24,2023-05-31 06:30,"Triceps Extensions",27.5,10,"",,,,Triceps,"Arms",
2023-05-31 05:24,2023-05-31 06:30,"Triceps Extensions",27.5,12,"",,,,Triceps,"Arms",
2023-05-31 05:24,2023-05-31 06:30,"Triceps Extensions",27.5,12,"",,,,Triceps,"Arms",
2023-05-31 05:24,2023-05-31 06:30,"Half Dips",15,15,"",,,,Triceps,"Arms",
2023-05-31 05:24,2023-05-31 06:30,"Half Dips",15,15,"",,,,Triceps,"Arms",
2023-05-31 05:24,2023-05-31 06:30,"Half Dips",15,15,"",,,,Triceps,"Arms",
2023-05-29 21:30,2023-05-29 22:44,"Dumbbell Lateral Raises",20,15,"Standing ",,,,Shoulders,"Chest & Shoulders",
2023-05-29 21:30,2023-05-29 22:44,"Dumbbell Lateral Raises",20,12,"Standing ",,,,Shoulders,"Chest & Shoulders",
2023-05-29 21:30,2023-05-29 22:44,"Dumbbell Lateral Raises",20,12,"",,,,Shoulders,"Chest & Shoulders",
2023-05-29 21:30,2023-05-29 22:44,"Machine Press",90,15,"",,,,Shoulders,"Chest & Shoulders",
2023-05-29 21:30,2023-05-29 22:44,"Machine Press",110,12,"",,,,Shoulders,"Chest & Shoulders",
2023-05-29 21:30,2023-05-29 22:44,"Machine Press",120,10,"",,,,Shoulders,"Chest & Shoulders",
2023-05-29 21:30,2023-05-29 22:44,"Cable Face Pulls",32.5,15,"",,,,Shoulders,"Chest & Shoulders",
2023-05-29 21:30,2023-05-29 22:44,"Cable Face Pulls",37.5,12,"",,,,Shoulders,"Chest & Shoulders",
2023-05-29 21:30,2023-05-29 22:44,"Cable Face Pulls",42.5,12,"towards the end half reps?",,,,Shoulders,"Chest & Shoulders",
2023-05-29 21:30,2023-05-29 22:44,"Iso Front Raises",20,12,"",,,,Shoulders,"Chest & Shoulders",
2023-05-29 21:30,2023-05-29 22:44,"Iso Front Raises",20,12,"",,,,Shoulders,"Chest & Shoulders",
2023-05-29 21:30,2023-05-29 22:44,"Iso Front Raises",20,12,"",,,,Shoulders,"Chest & Shoulders",
2023-05-29 21:30,2023-05-29 22:44,"Iso Front Raises",25,10,"",,,,Shoulders,"Chest & Shoulders",
2023-05-29 21:30,2023-05-29 22:44,"Cable Crossovers",11.25,15,"",,,,Chest,"Chest & Shoulders",
2023-05-29 21:30,2023-05-29 22:44,"Cable Crossovers",11.25,15,"",,,,Chest,"Chest & Shoulders",
2023-05-29 21:30,2023-05-29 22:44,"Cable Crossovers",13.75,12,"",,,,Chest,"Chest & Shoulders",
2023-05-29 21:30,2023-05-29 22:44,"Incline Dumbbell Press",25,15,"",,,,Chest,"Chest & Shoulders",
2023-05-29 21:30,2023-05-29 22:44,"Incline Dumbbell Press",30,12,"",,,,Chest,"Chest & Shoulders",
2023-05-29 21:30,2023-05-29 22:44,"Incline Dumbbell Press",40,10,"",,,,Chest,"Chest & Shoulders",
2023-05-29 21:30,2023-05-29 22:44,"Machine Chest Press",70,15,"",,,,Chest,"Chest & Shoulders",
2023-05-29 21:30,2023-05-29 22:44,"Machine Chest Press",100,8,"",,,,Chest,"Chest & Shoulders",
2023-05-25 21:41,2023-05-25 22:22,"Dumbbell Row",35,15,"",,,,Back,"India Back Workout",
2023-05-25 21:41,2023-05-25 22:22,"Dumbbell Row",40,15,"",,,,Back,"India Back Workout",
2023-05-25 21:41,2023-05-25 22:22,"Dumbbell Row",45,12,"",,,,Back,"India Back Workout",
2023-05-25 21:41,2023-05-25 22:22,"Lat Pull-down ",100,12,"",,,,Back,"India Back Workout",
2023-05-25 21:41,2023-05-25 22:22,"Lat Pull-down ",100,12,"Shaky Form",,,,Back,"India Back Workout",
2023-05-25 21:41,2023-05-25 22:22,"Lat Pull-down ",110,8,"",,,,Back,"India Back Workout",
2023-05-25 21:41,2023-05-25 22:22,"Machine Row",80,15,"",,,,Back,"India Back Workout",
2023-05-25 21:41,2023-05-25 22:22,"Machine Row",80,15,"",,,,Back,"India Back Workout",
2023-05-25 21:41,2023-05-25 22:22,"Machine Row",100,10,"",,,,Back,"India Back Workout",
2023-05-25 21:41,2023-05-25 22:22,"Lat Pushdowns",17.5,15,"",,,,Back,"India Back Workout",
2023-05-25 21:41,2023-05-25 22:22,"Lat Pushdowns",22.5,15,"",,,,Back,"India Back Workout",
2023-05-25 21:41,2023-05-25 22:22,"Lat Pushdowns",27.5,12,"",,,,Back,"India Back Workout",
2023-05-25 21:41,2023-05-25 22:22,"Cable Hammer Curls",22.5,15,"",,,,Biceps,"India Back Workout",
2023-05-25 21:41,2023-05-25 22:22,"Cable Hammer Curls",27.5,12,"",,,,Biceps,"India Back Workout",
2023-05-25 21:41,2023-05-25 22:22,"Cable Hammer Curls",27.5,12,"",,,,Biceps,"India Back Workout",
2023-05-09 12:41,2023-05-09 13:47,"Machine Press",90,15,"",,,,Shoulders,"Shoulder & Tricep",
2023-05-09 12:41,2023-05-09 13:47,"Machine Press",100,15,"",,,,Shoulders,"Shoulder & Tricep",
2023-05-09 12:41,2023-05-09 13:47,"Machine Press",120,10,"",,,,Shoulders,"Shoulder & Tricep",
2023-05-09 12:41,2023-05-09 13:47,"Lateral Raises ",20,12,"Standing ",,,,Shoulders,"Shoulder & Tricep",
2023-05-09 12:41,2023-05-09 13:47,"Lateral Raises ",20,12,"Sitting ",,,,Shoulders,"Shoulder & Tricep",
2023-05-09 12:41,2023-05-09 13:47,"Lateral Raises ",20,12,"",,,,Shoulders,"Shoulder & Tricep",
2023-05-09 12:41,2023-05-09 13:47,"Lateral Raises ",25,8,"",,,,Shoulders,"Shoulder & Tricep",
2023-05-09 12:41,2023-05-09 13:47,"Cable Face Pulls",30,15,"",,,,Shoulders,"Shoulder & Tricep",
2023-05-09 12:41,2023-05-09 13:47,"Cable Face Pulls",35,12,"",,,,Shoulders,"Shoulder & Tricep",
2023-05-09 12:41,2023-05-09 13:47,"Cable Face Pulls",35,12,"",,,,Shoulders,"Shoulder & Tricep",
2023-05-09 12:41,2023-05-09 13:47,"Rope Pushdowns",35,12,"",,,,Triceps,"Shoulder & Tricep",
2023-05-09 12:41,2023-05-09 13:47,"Rope Pushdowns",30,12,"",,,,Triceps,"Shoulder & Tricep",
2023-05-09 12:41,2023-05-09 13:47,"Rope Pushdowns",30,12,"",,,,Triceps,"Shoulder & Tricep",
2023-05-09 12:41,2023-05-09 13:47,"Rope Pushdowns",30,12,"Improper form",,,,Triceps,"Shoulder & Tricep",
2023-05-09 12:41,2023-05-09 13:47,"Tricep Press",100,15,"",,,,Triceps,"Shoulder & Tricep",
2023-05-09 12:41,2023-05-09 13:47,"Tricep Press",110,12,"",,,,Triceps,"Shoulder & Tricep",
2023-05-09 12:41,2023-05-09 13:47,"Tricep Press",130,12,"",,,,Triceps,"Shoulder & Tricep",
2023-05-09 12:41,2023-05-09 13:47,"Mustache Bar Pushdown",30,15,"",,,,Triceps,"Shoulder & Tricep",
2023-05-09 12:41,2023-05-09 13:47,"Mustache Bar Pushdown",50,12,"",,,,Triceps,"Shoulder & Tricep",
2023-05-09 12:41,2023-05-09 13:47,"Mustache Bar Pushdown",50,12,"",,,,Triceps,"Shoulder & Tricep",
2023-05-08 12:05,2023-05-08 13:13,"Dumbbell Bicep Curl",15,15,"",,,,Biceps,"Bicep",
2023-05-08 12:05,2023-05-08 13:13,"Dumbbell Bicep Curl",20,15,"",,,,Biceps,"Bicep",
2023-05-08 12:05,2023-05-08 13:13,"Dumbbell Bicep Curl",20,12,"",,,,Biceps,"Bicep",
2023-05-08 12:05,2023-05-08 13:13,"Hammer Curl",15,15,"",,,,Biceps,"Bicep",
2023-05-08 12:05,2023-05-08 13:13,"Hammer Curl",20,12,"",,,,Biceps,"Bicep",
2023-05-08 12:05,2023-05-08 13:13,"Hammer Curl",20,12,"",,,,Biceps,"Bicep",
2023-05-08 12:05,2023-05-08 13:13,"Preacher Curls",50,12,"",,,,Biceps,"Bicep",
2023-05-08 12:05,2023-05-08 13:13,"Preacher Curls",50,12,"",,,,Biceps,"Bicep",
2023-05-08 12:05,2023-05-08 13:13,"Preacher Curls",55,12,"",,,,Biceps,"Bicep",
2023-05-05 10:28,2023-05-05 11:56,"Dumbbell Press",50,15,"",,,,Chest,"Chest & Shoulders",
2023-05-05 10:28,2023-05-05 11:56,"Dumbbell Press",55,12,"Last rep fail",,,,Chest,"Chest & Shoulders",
2023-05-05 10:28,2023-05-05 11:56,"Dumbbell Press",60,10,"",,,,Chest,"Chest & Shoulders",
2023-05-05 10:28,2023-05-05 11:56,"Incline Bench Press",40,12,"",,,,Chest,"Chest & Shoulders",
2023-05-05 10:28,2023-05-05 11:56,"Incline Bench Press",40,10,"",,,,Chest,"Chest & Shoulders",
2023-05-05 10:28,2023-05-05 11:56,"Incline Bench Press",40,10,"Failed in the final third",,,,Chest,"Chest & Shoulders",
2023-05-05 10:28,2023-05-05 11:56,"Cable Crossovers",17.5,15,"Height was 8",,,,Chest,"Chest & Shoulders",
2023-05-05 10:28,2023-05-05 11:56,"Cable Crossovers",22.5,10,"Height was 11",,,,Chest,"Chest & Shoulders",
2023-05-05 10:28,2023-05-05 11:56,"Cable Crossovers",22.5,10,"Height was 10",,,,Chest,"Chest & Shoulders",
2023-05-05 10:28,2023-05-05 11:56,"Cable lower chest raises ",12.5,15,"",,,,Chest,"Chest & Shoulders",
2023-05-05 10:28,2023-05-05 11:56,"Cable lower chest raises ",12.5,15,"",,,,Chest,"Chest & Shoulders",
2023-05-05 10:28,2023-05-05 11:56,"Cable lower chest raises ",17.5,12,"Improper form toward the end ",,,,Chest,"Chest & Shoulders",
2023-05-05 10:28,2023-05-05 11:56,"Cable lower chest raises ",12.5,,"",,,,Chest,"Chest & Shoulders",
2023-05-05 10:28,2023-05-05 11:56,"Dumbbell Lateral Raises",15,15,"",,,,Shoulders,"Chest & Shoulders",
2023-05-05 10:28,2023-05-05 11:56,"Dumbbell Lateral Raises",15,15,"",,,,Shoulders,"Chest & Shoulders",
2023-05-05 10:28,2023-05-05 11:56,"Dumbbell Lateral Raises",20,12,"",,,,Shoulders,"Chest & Shoulders",
2023-05-05 10:28,2023-05-05 11:56,"Dumbbell Lateral Raises",20,12,"",,,,Shoulders,"Chest & Shoulders",
2023-05-05 10:28,2023-05-05 11:56,"Plate Front Raises",35,12,"",,,,Shoulders,"Chest & Shoulders",
2023-05-05 10:28,2023-05-05 11:56,"Plate Front Raises",35,12,"",,,,Shoulders,"Chest & Shoulders",
2023-05-05 10:28,2023-05-05 11:56,"Plate Front Raises",35,12,"",,,,Shoulders,"Chest & Shoulders",
2023-05-01 08:46,2023-05-01 10:12,"Dumbbell Row",50,15,"",,,,Back,"Back Bicep",
2023-05-01 08:46,2023-05-01 10:12,"Dumbbell Row",55,12,"",,,,Back,"Back Bicep",
2023-05-01 08:46,2023-05-01 10:12,"Dumbbell Row",60,10,"",,,,Back,"Back Bicep",
2023-05-01 08:46,2023-05-01 10:12,"Machine Row",115,15,"",,,,Back,"Back Bicep",
2023-05-01 08:46,2023-05-01 10:12,"Machine Row",115,15,"",,,,Back,"Back Bicep",
2023-05-01 08:46,2023-05-01 10:12,"Machine Row",130,12,"",,,,Back,"Back Bicep",
2023-05-01 08:46,2023-05-01 10:12,"Lat Pushdowns",25,15,"",,,,Back,"Back Bicep",
2023-05-01 08:46,2023-05-01 10:12,"Lat Pushdowns",27.5,15,"Shakey form",,,,Back,"Back Bicep",
2023-05-01 08:46,2023-05-01 10:12,"Lat Pushdowns",27.5,12,"",,,,Back,"Back Bicep",
2023-05-01 08:46,2023-05-01 10:12,"Lat Pull-down ",87.5,15,"",,,,Back,"Back Bicep",
2023-05-01 08:46,2023-05-01 10:12,"Lat Pull-down ",87.5,15,"",,,,Back,"Back Bicep",
2023-05-01 08:46,2023-05-01 10:12,"Lat Pull-down ",100,12,"",,,,Back,"Back Bicep",
2023-05-01 08:46,2023-05-01 10:12,"Cable Hammer Curls",25,15,"",,,,Biceps,"Back Bicep",
2023-05-01 08:46,2023-05-01 10:12,"Cable Hammer Curls",25,15,"",,,,Biceps,"Back Bicep",
2023-05-01 08:46,2023-05-01 10:12,"Cable Hammer Curls",25,15,"",,,,Biceps,"Back Bicep",
2023-05-01 08:46,2023-05-01 10:12,"Cable Hammer Curls",30,12,"",,,,Biceps,"Back Bicep",
2023-05-01 08:46,2023-05-01 10:12,"Dumbbell Bicep Curl",25,8,"",,,,Biceps,"Back Bicep",
2023-05-01 08:46,2023-05-01 10:12,"Dumbbell Bicep Curl",25,8,"",,,,Biceps,"Back Bicep",
2023-05-01 08:46,2023-05-01 10:12,"Dumbbell Bicep Curl",25,8,"",,,,Biceps,"Back Bicep",
2023-05-01 08:46,2023-05-01 10:12,"Dumbbell Bicep Curl",25,8,"",,,,Biceps,"Back Bicep",
2023-04-23 17:03,2023-04-23 18:01,"Shoulder Dumbbell Press",45,15,"",,,,Shoulders,"Shoulders ",74
2023-04-23 17:03,2023-04-23 18:01,"Shoulder Dumbbell Press",50,12,"",,,,Shoulders,"Shoulders ",74
2023-04-23 17:03,2023-04-23 18:01,"Shoulder Dumbbell Press",55,8,"",,,,Shoulders,"Shoulders ",74
2023-04-23 17:03,2023-04-23 18:01,"Shoulder Dumbbell Press",55,8,"",,,,Shoulders,"Shoulders ",74
2023-04-23 17:03,2023-04-23 18:01,"Cable Lateral Raises",12.5,12,"",,,,Shoulders,"Shoulders ",74
2023-04-23 17:03,2023-04-23 18:01,"Cable Lateral Raises",12.5,12,"",,,,Shoulders,"Shoulders ",74
2023-04-23 17:03,2023-04-23 18:01,"Cable Lateral Raises",12.5,12,"",,,,Shoulders,"Shoulders ",74
2023-04-23 17:03,2023-04-23 18:01,"Cable Lateral Raises",12.5,,"",,,,Shoulders,"Shoulders ",74
2023-04-23 17:03,2023-04-23 18:01,"Cable Face Pulls",27.5,15,"Ez",,,,Shoulders,"Shoulders ",74
2023-04-23 17:03,2023-04-23 18:01,"Cable Face Pulls",32.5,15,"Ez",,,,Shoulders,"Shoulders ",74
2023-04-23 17:03,2023-04-23 18:01,"Cable Face Pulls",47.5,12,"",,,,Shoulders,"Shoulders ",74
2023-04-23 17:03,2023-04-23 18:01,"ISO-Lateral Shoulder Press",45,12,"",,,,Shoulders,"Shoulders ",74
2023-04-23 17:03,2023-04-23 18:01,"ISO-Lateral Shoulder Press",70,10,"",,,,Shoulders,"Shoulders ",74
2023-04-23 17:03,2023-04-23 18:01,"ISO-Lateral Shoulder Press",70,10,"",,,,Shoulders,"Shoulders ",74
2023-04-22 16:24,2023-04-22 17:38,"Squat",45,10,"",,,,Legs,"Legs",74
2023-04-22 16:24,2023-04-22 17:38,"Squat",70,8,"",,,,Legs,"Legs",74
2023-04-22 16:24,2023-04-22 17:38,"Squat",70,8,"",,,,Legs,"Legs",74
2023-04-22 16:24,2023-04-22 17:38,"Squat",70,8,"",,,,Legs,"Legs",74
2023-04-22 16:24,2023-04-22 17:38,"Leg Extensions",90,15,"",,,,Legs,"Legs",74
2023-04-22 16:24,2023-04-22 17:38,"Leg Extensions",90,15,"",,,,Legs,"Legs",74
2023-04-22 16:24,2023-04-22 17:38,"Leg Extensions",110,12,"",,,,Legs,"Legs",74
2023-04-22 16:24,2023-04-22 17:38,"Leg Curls",70,15,"",,,,Legs,"Legs",74
2023-04-22 16:24,2023-04-22 17:38,"Leg Curls",70,15,"",,,,Legs,"Legs",74
2023-04-22 16:24,2023-04-22 17:38,"Leg Curls",70,15,"",,,,Legs,"Legs",74
2023-04-22 16:24,2023-04-22 17:38,"Leg Curls",90,12,"",,,,Legs,"Legs",74
2023-04-22 16:24,2023-04-22 17:38,"Calf Raises",45,15,"",,,,Legs,"Legs",74
2023-04-22 16:24,2023-04-22 17:38,"Calf Raises",45,15,"",,,,Legs,"Legs",74
2023-04-22 16:24,2023-04-22 17:38,"Calf Raises",45,15,"",,,,Legs,"Legs",74
2023-04-22 16:24,2023-04-22 17:38,"Calf Raises",45,15,"",,,,Legs,"Legs",74
